0,-0.06792727,-0.1107115,0.7065734
1,-0.06780356,-0.1090475,0.6997306
2,-0.06750675,-0.1050938,0.6835038
3,-0.06727106,-0.1006409,0.6732758
4,-0.06695962,-0.09197393,0.6666514
5,-0.06675926,-0.08419012,0.665415
6,-0.06662518,-0.07912678,0.6655149
7,-0.06636871,-0.07011434,0.663606
8,-0.06622785,-0.06640192,0.6601354
9,-0.06606641,-0.06037657,0.6600577
10,-0.06598222,-0.05638678,0.661392
11,-0.06391293,0.01822671,0.6641758
12,-0.06417438,0.004697241,0.6540752
13,-0.06433354,-0.003978182,0.6470257
14,-0.06512723,-0.02900508,0.6570943
15,-0.06537126,-0.03810332,0.65754
16,-0.06347343,0.0340507,0.6667392
17,-0.06465731,-0.0174959,0.6429755
18,-0.06454314,-0.01328398,0.6425652
19,-0.06550887,-0.04326259,0.656234
20,-0.06494787,-0.02537137,0.6509547
21,-0.0647833,-0.02107184,0.6446016
22,-0.06566278,-0.04786198,0.6566733
23,-0.06504156,-0.02685082,0.6552922
24,-0.06375933,0.02432448,0.6665238
25,-0.06427041,-0.0005508028,0.6498901
26,-0.06442206,-0.008361641,0.6440899
27,-0.06324252,0.04320204,0.665826
28,-0.06257105,0.06948818,0.6687722
29,-0.06196637,0.09658062,0.6820178
30,-0.06223403,0.08340844,0.6733512
31,-0.06487517,-0.02372061,0.6474451
32,-0.06522175,-0.03266314,0.6578748
33,-0.06651024,-0.07460525,0.6658863
34,-0.06764927,-0.1073033,0.6908071
35,-0.06401123,0.01344886,0.6608728
36,-0.141802,-0.0126689,0.7445983
37,-0.1389864,-0.03342109,0.7407266
38,-0.1139655,-0.08631144,0.7161573
39,-0.1054463,-0.09280568,0.7061373
40,-0.1067756,-0.09294532,0.7142989
41,-0.1153753,-0.08601317,0.725638
42,-0.09677056,-0.08835338,0.6818961
43,-0.1010658,-0.09132209,0.6921621
44,-0.1203309,-0.07880154,0.7178555
45,-0.09307367,-0.083186,0.6767101
46,-0.1057062,-0.07678466,0.6856515
47,-0.1118155,-0.0790426,0.6955397
48,-0.1218385,-0.07810332,0.7278119
49,-0.1010947,-0.07345144,0.6806828
50,-0.1188602,-0.06491758,0.6944214
51,-0.1117504,-0.06515142,0.6848007
52,-0.1301101,-0.0614059,0.7198247
53,-0.1062239,-0.0345076,0.6725225
54,-0.1001788,-0.03934268,0.6714783
55,-0.1055845,-0.05240558,0.6761665
56,-0.112413,-0.0508266,0.6799062
57,-0.1317104,-0.06064021,0.7306474
58,-0.09122331,-0.07950966,0.6749279
59,-0.1059534,-0.06392986,0.6802673
60,-0.08964579,-0.07554127,0.6732191
61,-0.09883693,-0.07109444,0.6790014
62,-0.08656383,-0.06426744,0.667702
63,-0.09705646,-0.06830574,0.6770774
64,-0.1373015,-0.005529813,0.7111732
65,-0.1375275,-0.04216541,0.7364898
66,-0.09275651,-0.06075783,0.6734767
67,-0.100676,-0.0611932,0.6778734
68,-0.103074,-0.06267366,0.6791968
69,-0.1029379,-0.0527563,0.6755066
70,-0.08479832,-0.06006033,0.6665637
71,-0.09645776,-0.05790802,0.6750047
72,-0.1006089,-0.05310176,0.6744049
73,-0.09308824,0.0006706789,0.676593
74,-0.09292755,-0.003776364,0.6742363
75,-0.08416554,-0.05737546,0.666629
76,-0.09132796,-0.05815566,0.6722861
77,-0.09664952,-0.05359605,0.6733415
78,-0.09678246,-0.04346213,0.6701761
79,-0.0984524,-0.04116182,0.6710659
80,-0.0842311,-0.0556612,0.667695
81,-0.09077129,-0.05620381,0.6715305
82,-0.09512943,-0.05666956,0.6744229
83,-0.09360293,-0.04868763,0.6693324
84,-0.0940948,-0.03864451,0.6687949
85,-0.08384611,-0.00118053,0.6708284
86,-0.08344836,-0.01088031,0.6672645
87,-0.1123028,-0.007336419,0.6791487
88,-0.1182241,0.002504554,0.6863842
89,-0.09051857,-0.05522049,0.6717116
90,-0.09433861,-0.05560284,0.674099
91,-0.09536096,-0.05387513,0.6734204
92,-0.09271456,-0.04241947,0.6677524
93,-0.08574984,-0.01905335,0.6681713
94,-0.08453255,0.005965635,0.675879
95,-0.08388875,0.002220228,0.6728114
96,-0.09369062,0.004430562,0.6777934
97,-0.09397829,-0.05504953,0.6743026
98,-0.09454381,-0.05428175,0.6737213
99,-0.09223215,-0.05083152,0.6696438
100,-0.1105919,0.004814647,0.6827635
101,-0.1135639,0.006760068,0.68509
102,-0.1320552,0.02280246,0.7072011
103,-0.0940761,-0.05459631,0.6741646
104,-0.09148652,-0.05227569,0.670206
105,-0.09120389,-0.04621682,0.6671533
106,-0.07104552,0.01158675,0.6630647
107,-0.07162251,0.002462279,0.6565337
108,-0.07713805,-0.002857741,0.6614506
109,-0.08114294,0.009309515,0.6757061
110,-0.08033274,0.005753189,0.6720648
111,-0.08957567,0.005781099,0.6776721
112,-0.09395584,0.009465426,0.6778885
113,-0.09375089,0.01401566,0.6781797
114,-0.1289059,0.007615849,0.6995572
115,-0.1234318,0.01143274,0.6955639
116,-0.09056595,-0.05369618,0.6714861
117,-0.0861786,-0.04755416,0.6637724
118,-0.08361735,-0.0155546,0.6621364
119,-0.07050568,0.01647539,0.6662928
120,-0.06779557,0.01766358,0.6647545
121,-0.09225274,0.02397255,0.6778226
122,-0.1074457,0.01035965,0.6812122
123,-0.1051997,0.01436565,0.6801369
124,-0.1226581,0.02146831,0.6942108
125,-0.1273369,0.03389119,0.6989496
126,-0.1378476,0.001780443,0.7138911
127,-0.1418328,-0.001651026,0.7334818
128,-0.1401636,0.02811705,0.7291483
129,-0.1379818,0.008980788,0.7154332
130,-0.0850969,-0.04969682,0.6641095
131,-0.07863677,-0.02951279,0.6629229
132,-0.08491459,-0.01788396,0.6654682
133,-0.08348351,-0.01637423,0.6598997
134,-0.08122851,-0.01288312,0.6585215
135,-0.08018669,0.01521915,0.6789284
136,-0.0905318,0.01022445,0.6781694
137,-0.1054043,0.02307183,0.6791062
138,-0.1180662,0.02153987,0.6893603
139,-0.1204314,0.02705865,0.688586
140,-0.1245268,0.02972081,0.6925777
141,-0.1424564,0.02901001,0.7393153
142,-0.1378398,0.02660789,0.721737
143,-0.08415553,-0.0529352,0.6670952
144,-0.07607327,-0.03795202,0.6586661
145,-0.08545498,-0.02220267,0.6667002
146,-0.08311159,-0.02145029,0.6593927
147,-0.0813501,-0.01452432,0.6564405
148,-0.07542549,-0.007724542,0.6520722
149,-0.07233176,-0.005721897,0.6494855
150,-0.0682921,0.004146039,0.6546639
151,-0.07680902,0.01406085,0.6746602
152,-0.07260836,0.0199988,0.6707994
153,-0.08965571,0.02313276,0.6785958
154,-0.1328767,0.04418401,0.7115777
155,-0.07692265,-0.0436369,0.6579016
156,-0.08359671,-0.02546006,0.6665686
157,-0.08171423,-0.02381335,0.6619057
158,-0.08157926,-0.02268901,0.6597415
159,-0.08153419,-0.01766274,0.6554446
160,-0.08099956,-0.01983373,0.6552929
161,-0.07484537,0.02893975,0.6706712
162,-0.07102912,0.03220291,0.6676134
163,-0.1228375,0.03345627,0.6890517
164,-0.1179633,0.02978292,0.6849486
165,-0.0753693,-0.0477879,0.6585133
166,-0.07144754,-0.03784799,0.6574777
167,-0.0683528,-0.02872072,0.6570126
168,-0.0794539,-0.02118875,0.6559424
169,-0.07577022,-0.01493168,0.6481374
170,-0.07227858,-0.0138996,0.6449509
171,-0.07154261,-0.0176743,0.6450188
172,-0.07483983,-0.01793452,0.6478907
173,-0.06864252,-0.004459843,0.6476487
174,-0.1139713,0.02139849,0.6857297
175,-0.1161742,0.02592647,0.6847655
176,-0.1243059,0.03837584,0.6944888
177,-0.1306568,0.0571611,0.7116812
178,-0.1287912,0.05154859,0.7055445
179,-0.07338949,-0.0525655,0.6619616
180,-0.07293286,-0.02026979,0.6480576
181,-0.07053445,-0.02078477,0.6463677
182,-0.06890234,-0.02445687,0.6516041
183,-0.06859607,0.03345573,0.6670324
184,-0.07705516,0.0220805,0.6756809
185,-0.08827586,0.01563021,0.6792972
186,-0.08751374,0.01170516,0.6785685
187,-0.08731119,0.02165971,0.6794784
188,-0.1089425,0.02183665,0.6813239
189,-0.1118929,0.02930334,0.6804475
190,-0.07354926,-0.05593737,0.6628028
191,-0.07327798,-0.04274892,0.6568006
192,-0.0684635,-0.01341186,0.6430668
193,-0.06824656,-0.01748976,0.6434342
194,-0.08812929,0.03367363,0.6742103
195,-0.08864865,0.03994273,0.6692512
196,-0.08300178,0.0164523,0.6801461
197,-0.08471473,0.01789413,0.6803777
198,-0.1103001,0.01738781,0.6831744
199,-0.1111975,0.0253164,0.6807293
200,-0.1133342,0.04035572,0.678734
201,-0.1108222,0.03514004,0.6781955
202,-0.07107886,-0.04770269,0.6573749
203,-0.0730862,-0.02597385,0.6584338
204,-0.06967793,-0.02567256,0.6556993
205,-0.07056224,-0.02475086,0.6554118
206,-0.06765479,-0.02103521,0.6449795
207,-0.06688673,-0.02514766,0.6510726
208,-0.08648419,0.04628847,0.667027
209,-0.08882512,0.02983617,0.6767211
210,-0.08499926,0.01927898,0.6810575
211,-0.1071899,0.02254759,0.6799796
212,-0.1091859,0.02630772,0.6792117
213,-0.1079474,0.04846475,0.6773186
214,-0.1320995,0.06320513,0.7195044
215,-0.06932749,-0.05288268,0.6608768
216,-0.06731631,-0.02637563,0.6551206
217,-0.09430991,0.04086274,0.670261
218,-0.0930965,0.04855381,0.66882
219,-0.09259903,0.03519017,0.6740031
220,-0.08300362,0.01946045,0.6795005
221,-0.1080882,0.03111447,0.6781112
222,-0.1084645,0.04377296,0.675782
223,-0.1052622,0.03688363,0.6754397
224,-0.100981,0.04914342,0.6730706
225,-0.06947088,-0.05624693,0.6617423
226,-0.09859406,0.03622295,0.6740445
227,-0.1013922,0.04255774,0.6720074
228,-0.09292235,0.03152005,0.6757152
229,-0.08962855,0.02693988,0.677197
230,-0.08947438,0.02482273,0.6775944
231,-0.1183183,0.07015225,0.6986347
232,-0.1197492,0.07810544,0.7054161
233,-0.09734523,0.03243984,0.6754913
234,-0.1054704,0.02777309,0.6772681
235,-0.102485,0.03237028,0.6760934
236,-0.09291912,0.02812916,0.676362
237,-0.09238576,0.02595354,0.6767775
238,-0.1023371,0.02401221,0.6779598
239,-0.109757,0.07550723,0.6902955
240,-0.09637631,0.02885988,0.675823
241,-0.09534746,0.02473055,0.6772257
242,-0.09573859,0.02657279,0.6762106
243,-0.1007852,0.02864479,0.6759354
244,-0.0987951,0.02482492,0.6772754
245,-0.1112277,0.08435819,0.6979297
246,-0.1024705,0.08905192,0.6926375
247,-0.09400417,0.09240619,0.6885099
248,-0.08522315,0.08264642,0.6767805
249,-0.09312501,0.08082508,0.6797342
250,-0.08609951,0.09480666,0.6859393
251,-0.07785717,0.06981158,0.67028
252,-0.08542413,0.06952431,0.6717496
253,-0.09292156,0.06916185,0.674199
254,-0.1002185,0.068257,0.6784135
255,-0.1081209,0.06589893,0.6838922
256,-0.1170125,0.06152476,0.6914775
257,-0.07014957,0.02203773,0.6682125
258,-0.06809544,0.02388909,0.6674796
259,-0.08586661,0.00832881,0.6778217
260,-0.07670403,0.009722881,0.6708484
261,-0.08011694,-0.006544955,0.6642073
262,-0.0843422,-0.0285138,0.6677535
263,-0.08406535,-0.04129082,0.6620924
264,-0.08269837,-0.04584666,0.6609839
265,-0.1026613,0.01384373,0.6791572
266,-0.1046494,0.009342052,0.6798463
267,-0.1069751,0.003861517,0.6809257
268,-0.1096849,-0.0006971359,0.6804902
269,-0.1059249,-0.007189441,0.6767472
270,-0.07833167,-0.0484018,0.6601378
271,-0.07687751,-0.05248798,0.663354
272,-0.07703177,-0.05577508,0.6641763
273,-0.1264511,-0.04612402,0.696042
274,-0.1211232,-0.04778438,0.6888301
275,-0.1347019,-0.04201363,0.713823
276,-0.1353496,-0.03390016,0.7109535
277,-0.1210417,-0.03890268,0.6852589
278,-0.1171994,0.01194789,0.689932
279,-0.1116801,0.01381049,0.6844169
280,-0.1424418,-0.003405739,0.7445492
281,-0.1012555,0.07884882,0.6841244
282,-0.06988166,0.08350388,0.6737278
283,-0.08057334,-0.01097018,0.6606488
284,-0.0750045,-0.004946578,0.6545659
285,-0.07206618,-0.002865743,0.6521169
286,-0.06855886,-0.001377646,0.6503346
287,-0.110182,0.02107559,0.68273
288,-0.109791,0.0118237,0.6827564
289,-0.1159485,0.009412847,0.6877407
290,-0.1210454,0.005212575,0.6901137
291,-0.1283708,0.003310479,0.6966069
292,-0.0755876,-0.01077826,0.6494781
293,-0.07217753,-0.009174906,0.6464959
294,-0.06833196,-0.008399043,0.6447043
295,-0.07000227,0.09667017,0.6827243
296,-0.08556641,-0.02445171,0.669105
297,-0.0838588,-0.01508534,0.6643579
298,-0.08067644,0.01947096,0.679131
299,-0.09355643,-0.02104123,0.6698794
300,-0.09116797,-0.02657294,0.6701859
301,-0.09072955,-0.02968732,0.6693182
302,-0.09920929,-0.005896207,0.675202
303,-0.0987156,-0.0005631968,0.6775142
304,-0.09814391,0.003718272,0.6784123
305,-0.09755106,0.009147897,0.6780636
306,-0.07686277,-0.02697274,0.6616954
307,-0.08981529,-0.03350313,0.6678439
308,-0.08947868,-0.0385538,0.6661393
309,-0.08785652,-0.04355686,0.664321
310,-0.08967569,-0.04938124,0.6671559
311,-0.08886177,-0.05093227,0.6674316
312,-0.08747567,-0.05319924,0.6693169
313,-0.08749937,-0.05544399,0.669689
314,-0.08297285,0.0119058,0.6780379
315,-0.08488385,0.0143736,0.6792483
316,-0.08565516,0.02026545,0.6804411
317,-0.06994291,-0.02381987,0.6519639
318,-0.07248691,-0.02812625,0.6582756
319,-0.07687524,-0.02001153,0.6522101
320,-0.08002872,-0.02679294,0.6642317
321,-0.06720979,-0.02364448,0.6477024
322,-0.0694524,-0.02301744,0.64861
323,-0.07067559,-0.02245948,0.6494952
324,-0.07180007,-0.02285516,0.6532916
325,-0.1084956,0.02366115,0.679687
326,-0.1067849,0.02432664,0.6785562
327,-0.1031994,0.02556096,0.6770887
328,-0.09939426,0.02654861,0.6762652
329,-0.08454157,0.01951625,0.6802306
330,-0.08618955,0.01714387,0.6803411
331,-0.09079389,0.01437271,0.6785612
332,-0.09666832,0.01390713,0.6780786
333,-0.1073332,0.01510074,0.6812055
334,-0.1144053,0.02747932,0.6827893
335,-0.1263783,0.0708516,0.7126307
336,-0.1250644,0.06436769,0.7054631
337,-0.1238113,0.05735526,0.699218
338,-0.1197803,0.04211966,0.6882108
339,-0.1183973,0.03723599,0.6832984
340,-0.1147856,0.0325082,0.6813872
341,-0.1099068,0.0227092,0.6811729
342,-0.1127235,0.024421,0.6825102
343,-0.1089303,0.01611779,0.6821363
344,-0.07291892,0.04339381,0.6658728
345,-0.07962626,0.04364504,0.666253
346,-0.08403748,0.038537,0.6689719
347,-0.08432288,0.03208903,0.6746287
348,-0.08597473,0.02761961,0.6776901
349,-0.08672045,0.02517918,0.6781467
350,-0.08699027,0.02299808,0.6786628
351,-0.09510737,-0.03532638,0.6699796
352,-0.09625126,-0.03286753,0.6705009
353,-0.09995331,-0.02716313,0.6703553
354,-0.1006436,-0.01097366,0.6735198
355,-0.06938085,-0.06015363,0.6601884
356,-0.0698077,-0.06587236,0.6600337
357,-0.0700762,-0.06992024,0.6634951
358,-0.07091895,-0.07923386,0.66571
359,-0.07071768,-0.08431122,0.6655703
360,-0.07157267,-0.09195974,0.6669638
361,-0.07266268,-0.1003319,0.6735001
362,-0.07410442,-0.104667,0.6836218
363,-0.07569283,-0.1084723,0.6999058
364,-0.07621024,-0.1099799,0.7070755
365,-0.07339819,-0.05947671,0.6608319
366,-0.07392672,-0.06451842,0.660282
367,-0.07447323,-0.06939439,0.6635087
368,-0.0753718,-0.07942641,0.6665168
369,-0.07550872,-0.08469529,0.6663166
370,-0.07681045,-0.09156797,0.6678622
371,-0.07865761,-0.09950353,0.674697
372,-0.08081842,-0.1035701,0.6846988
373,-0.08303121,-0.1066833,0.701234
374,-0.08405951,-0.1076961,0.7086285
375,-0.07697173,-0.05881122,0.6620569
376,-0.07775396,-0.0630858,0.6614235
377,-0.0786483,-0.06841117,0.6639898
378,-0.07961863,-0.07949463,0.6679366
379,-0.08026145,-0.08486135,0.6680295
380,-0.08236188,-0.09075405,0.6701856
381,-0.08498644,-0.09748384,0.6763889
382,-0.08760805,-0.1007907,0.6863616
383,-0.09078538,-0.1031657,0.7026692
384,-0.09166799,-0.1041348,0.7106145
385,-0.08766645,-0.05657617,0.6695038
386,-0.08816537,-0.05873944,0.6698963
387,-0.09024048,-0.06214624,0.670934
388,-0.09531418,-0.07529456,0.6775844
389,-0.09737801,-0.07816238,0.6791554
390,-0.1013446,-0.08222336,0.6842003
391,-0.1067828,-0.08564349,0.6943643
392,-0.1121663,-0.08677946,0.7076989
393,-0.07940502,-0.03364379,0.6619316
394,-0.07444423,-0.03238906,0.6593036
395,-0.06952555,-0.03262665,0.6579525
396,-0.09509075,-0.04612784,0.6695634
397,-0.0984403,-0.05332507,0.6736549
398,-0.09822477,-0.05956307,0.6762833
399,-0.09507418,-0.06465987,0.6751838
400,-0.09211309,-0.06759362,0.6731745
401,-0.08817372,-0.07068872,0.6709768
402,-0.07922523,-0.07391756,0.6672938
403,-0.07506367,-0.07459372,0.6664706
404,-0.07051099,-0.07456201,0.6660262
405,-0.07504527,-0.1066183,0.6910818
406,-0.08204133,-0.1051449,0.6925045
407,-0.08936639,-0.1020921,0.6940864
408,-0.1036768,-0.09247065,0.6991622
409,-0.1099391,-0.08669825,0.7007466
410,-0.1155135,-0.07992812,0.7019466
411,-0.1234617,-0.06449982,0.7015862
412,-0.1265759,-0.03706351,0.6927896
413,-0.1216658,-0.01307474,0.6845495
414,-0.1180018,-0.006409265,0.6826594
415,-0.1143368,0.0004425198,0.683081
416,-0.1184599,-0.07974859,0.7090708
417,-0.1270513,-0.06311423,0.7097576
418,-0.1309141,-0.04427756,0.7049638
419,-0.1313745,-0.03534402,0.7017348
420,-0.1272753,-0.01047539,0.6910259
421,-0.1011399,-0.05717788,0.6765599
422,-0.1036392,-0.05780129,0.677702
423,-0.1065844,-0.0582208,0.6784353
424,-0.1128048,-0.05814944,0.6825827
425,-0.120394,-0.05671021,0.6920789
426,-0.1256366,-0.05568534,0.699121
427,-0.1302184,-0.05381534,0.7083825
428,-0.1345478,-0.05026982,0.7198933
429,-0.1355748,-0.05114555,0.7323927
430,-0.09869742,-0.05655894,0.6752712
431,-0.0969276,-0.05569863,0.6746582
432,-0.09562707,-0.05512679,0.6742476
433,-0.09494403,-0.05495454,0.6743026
434,-0.09438382,-0.05490892,0.6745454
435,-0.126577,-0.0006061494,0.6924826
436,-0.1128118,0.01572499,0.6857036
437,-0.1227023,0.008124553,0.6931971
438,-0.1181715,0.01490186,0.6914708
439,-0.1138392,0.01717377,0.686744
440,-0.1107603,0.02043808,0.6839176
441,-0.1113511,0.01846788,0.6840901
442,-0.1118905,0.02087852,0.683975
443,-0.07039629,0.06976422,0.6693086
444,-0.07755281,0.08323713,0.6746991
445,-0.07812614,0.09618924,0.6840742
446,-0.06787013,0.01291184,0.6613726
447,-0.07677002,0.005853266,0.6675698
448,-0.08021888,0.002081085,0.6692572
449,-0.09375283,-0.008099005,0.6725578
450,-0.1082073,-0.01302058,0.6756358
451,-0.115319,-0.01366782,0.6794112
452,-0.1314668,-0.006715477,0.6980811
453,-0.133395,-0.001176052,0.7028592
454,-0.1142921,0.04585549,0.6819878
455,-0.1372296,-0.04109994,0.726211
456,-0.1399178,-0.008087851,0.7218115
457,-0.1412081,-0.01022762,0.7329996
458,-0.1229971,-0.004062697,0.6873984
459,-0.1339401,0.004189357,0.7059147
460,-0.1352963,0.04873781,0.7181737
461,-0.1404473,-0.0001077577,0.723269
462,-0.1370558,0.05374588,0.7274718
463,-0.1274692,0.02170029,0.699923
464,-0.1044546,-0.001085479,0.6786591
465,-0.1028962,0.003401741,0.6794035
466,-0.1011783,0.008944467,0.6787176
467,-0.09964177,0.01365379,0.6784611
468,-0.08345979,-0.01900172,0.6593622
469,-0.1111816,0.01950226,0.6845722
470,-0.1117504,0.0193253,0.6843578
471,-0.1143468,0.0185888,0.6870203
472,-0.1187287,0.01720742,0.6918246
473,-0.123725,0.01482635,0.6964558
474,-0.1289362,0.01203975,0.7012013
475,-0.1339327,0.01001456,0.7077062
476,-0.1404961,0.008276284,0.7237748
477,-0.1420698,0.007492892,0.7330941
478,-0.1427508,0.006455429,0.7432708
479,-0.08767551,-0.01559133,0.6696445
480,-0.08807307,-0.004848499,0.6717758
481,-0.0878475,-0.001099624,0.6734747
482,-0.08848362,0.002745055,0.6760256
483,-0.08474231,-0.0351428,0.6645213
484,-0.08008385,-0.03957591,0.6602054
485,-0.07962869,-0.04487716,0.6592077
486,-0.08373727,-0.02309429,0.6631292
487,-0.08463438,-0.01846112,0.662879
488,-0.07307361,0.01402581,0.6684782
489,-0.07362201,0.00933525,0.6653874
490,-0.07436949,0.0002370775,0.6588771
491,-0.07777151,-0.007850237,0.6574739
492,-0.07804726,-0.01023747,0.6550677
493,-0.07802685,-0.01248422,0.6523916
494,-0.07840813,-0.01604648,0.6513184
495,-0.07804964,-0.018419,0.6514564
496,-0.06290425,0.05581214,0.6664406
497,-0.07140359,0.05640775,0.6661969
498,-0.07904352,0.05702736,0.6664301
499,-0.08704413,0.05760269,0.6682052
500,-0.09434317,0.05786131,0.6723981
501,-0.1012002,0.05751806,0.6763319
502,-0.1079943,0.05643899,0.6799322
503,-0.1156666,0.05286287,0.6857066
504,-0.1223174,0.04917134,0.694487
505,-0.1271826,0.04555833,0.7010037
506,-0.1307814,0.03996029,0.706456
507,-0.1355577,0.02495255,0.7153131
508,-0.08477027,-0.02106566,0.6636211
509,-0.09887708,-0.09924003,0.7124476
510,-0.09806436,-0.09839486,0.7045166
511,-0.09652128,-0.09765705,0.696641
512,-0.09455793,-0.09632428,0.6889745
513,-0.09101015,-0.0939302,0.6790419
514,-0.08815654,-0.08821125,0.6735483
515,-0.08607816,-0.08361002,0.6711427
516,-0.08448426,-0.07863024,0.6703565
517,-0.08396928,-0.07273538,0.6688808
518,-0.08263824,-0.06669341,0.6652684
519,-0.08119944,-0.06178929,0.663338
520,-0.08081265,-0.05806594,0.6643126
521,-0.08069148,-0.05581339,0.6660197
522,-0.08059265,-0.05265274,0.6652629
523,-0.08165199,-0.04892618,0.6618415
524,-0.08165466,-0.02511169,0.6652141
525,-0.07497017,-0.02257753,0.6568629
526,-0.1376516,-0.03238737,0.7200493
527,-0.1389203,-0.03300848,0.7292622
528,-0.1079842,-0.09325522,0.7230658
529,-0.07674941,-0.1117962,0.7135062
530,-0.0847055,-0.1092887,0.7152128
531,-0.06805835,-0.1127004,0.7128323
532,-0.09236629,-0.1053518,0.7174312
533,-0.1001155,-0.09981801,0.7202071
534,-0.09400998,-0.07185685,0.675437
535,-0.1358504,0.03621321,0.717455
536,-0.1382854,0.03892531,0.7242484
537,-0.1410003,0.04153293,0.7339125
538,-0.1111125,0.02185826,0.6826342
539,-0.1133919,0.02278052,0.684225
540,-0.1173824,0.0238798,0.6870774
541,-0.1216496,0.02432653,0.6915105
542,-0.1259885,0.02588695,0.6964744
543,-0.1301931,0.02877877,0.7037585
544,-0.1334751,0.03354592,0.7116109
545,-0.1374438,0.01655366,0.716792
546,-0.1398515,0.01704221,0.7237645
547,-0.1420256,0.01724645,0.7319942
548,-0.1426527,0.0170724,0.7417691
549,-0.1118577,0.02006474,0.6844784
550,-0.1142952,0.01983659,0.6867771
551,-0.1184997,0.0193574,0.6910461
552,-0.1233248,0.01825329,0.6961616
553,-0.1288287,0.01676421,0.7020755
554,-0.1336203,0.01589798,0.7089141
555,-0.03261339,-0.08443183,0.6848145
556,-0.02758784,-0.08800697,0.695166
557,-0.02218962,-0.08183173,0.6964309
558,-0.02796655,-0.07943346,0.686342
559,-0.06187876,-0.1006313,0.6736121
560,-0.06090195,-0.1050278,0.6837708
561,-0.05416918,-0.1043003,0.6849908
562,-0.05589687,-0.1001238,0.6749202
563,-0.03629047,-0.0802059,0.6796523
564,-0.03233472,-0.07585031,0.6812353
565,-0.01869167,-0.08278062,0.7029555
566,-0.01588634,-0.08267073,0.7101818
567,-0.006349318,-0.06673308,0.7109748
568,-0.009847857,-0.06807492,0.7027217
569,-0.0623862,-0.09218449,0.6670512
570,-0.05715165,-0.09208869,0.6680484
571,-0.04954596,-0.0984916,0.6767353
572,-0.04729099,-0.1019051,0.6867902
573,-0.04021075,-0.09789107,0.6895378
574,-0.04345515,-0.09534459,0.6795061
575,-0.03815944,-0.07721325,0.6779838
576,-0.03439815,-0.07332078,0.6795166
577,-0.02124146,-0.06844594,0.6856187
578,-0.01430822,-0.06840768,0.6954312
579,-0.01224579,-0.06034279,0.693124
580,-0.01973065,-0.06156689,0.6834735
581,-0.002610512,-0.05764231,0.7096784
582,-0.007057887,-0.05948176,0.7002788
583,-0.06280324,-0.084519,0.6656486
584,-0.05811201,-0.08517137,0.666478
585,-0.0516912,-0.09164326,0.6704782
586,-0.04587937,-0.08951456,0.6738933
587,-0.03747755,-0.09016011,0.6824629
588,-0.04079711,-0.08485956,0.6771415
589,-0.02696864,-0.06686289,0.6809687
590,-0.02459396,-0.03735957,0.6734988
591,-0.03091227,-0.04200757,0.6722594
592,-0.02653391,-0.05550372,0.676966
593,-0.01963296,-0.05417153,0.6808541
594,-0.00345394,-0.06508715,0.7211525
595,-0.002061784,-0.06432243,0.7320516
596,0.002285525,-0.05506434,0.7338984
597,0.001624122,-0.05423374,0.7213304
598,-0.05342108,-0.08561199,0.6682578
599,-0.04766171,-0.08476409,0.6714369
600,-0.02597114,-0.0613327,0.6791652
601,-0.03776667,-0.06669329,0.6756669
602,-0.0408331,-0.06933175,0.6735243
603,-0.03923093,-0.07370597,0.6758021
604,-0.03601514,-0.07043687,0.6775675
605,-0.02979425,-0.06546627,0.6799126
606,-0.02894236,-0.06077033,0.678454
607,-0.06251947,-0.07476618,0.6660613
608,-0.06235757,-0.07946067,0.6657878
609,-0.05796851,-0.07993361,0.6666631
610,-0.05802876,-0.07505462,0.6666081
611,-0.0292685,-0.05575808,0.6763248
612,0.005672216,-0.03656095,0.7216027
613,0.009193286,-0.01234367,0.7234793
614,0.006970927,-0.009742677,0.7127907
615,0.003510989,-0.03800171,0.7124101
616,-0.05385397,-0.07456169,0.6674654
617,-0.05380142,-0.0802343,0.6681414
618,-0.0489912,-0.07967012,0.6706121
619,-0.04913513,-0.07370681,0.6691052
620,-0.04376843,-0.07698961,0.6735562
621,-0.04491975,-0.07206266,0.6712608
622,-0.04420301,-0.06022302,0.6703293
623,-0.04231815,-0.06371477,0.6712863
624,-0.03987133,-0.06265173,0.6739723
625,-0.0411315,-0.05999605,0.6728486
626,-0.03207703,-0.06385699,0.6785781
627,-0.03441391,-0.06207069,0.6769503
628,-0.03282153,-0.04378187,0.6719003
629,-0.03038076,-0.02960177,0.6712527
630,-0.034387,-0.03521102,0.6712473
631,-0.062601,-0.06600294,0.6600732
632,-0.06265359,-0.07007203,0.6635329
633,-0.05827053,-0.06977066,0.6636094
634,-0.05845272,-0.06486157,0.6603906
635,-0.03133099,-0.05999273,0.6773293
636,-0.03373811,-0.05918029,0.6760014
637,-0.03571611,-0.03763061,0.6707254
638,-0.03910681,-0.02845974,0.6708757
639,-0.0364017,-0.02300242,0.670651
640,-0.03607021,-0.0009695962,0.6772188
641,-0.03639332,-0.005482517,0.6748618
642,-0.03025185,-0.007990271,0.6759611
643,-0.03053353,-0.002532747,0.6782579
644,-0.05460449,-0.06367464,0.661607
645,-0.05407442,-0.06905963,0.6641711
646,-0.05005086,-0.06757607,0.6654805
647,-0.05114033,-0.06261098,0.6635997
648,-0.04607821,-0.0654892,0.6679983
649,-0.0475182,-0.06119779,0.6669164
650,-0.04460139,-0.05810588,0.6700139
651,-0.04156844,-0.05806011,0.6721205
652,-0.03606848,-0.0603004,0.6756594
653,-0.03732153,-0.05896792,0.6751064
654,-0.03373948,-0.05598449,0.6743765
655,-0.03154366,-0.05593971,0.6751981
656,-0.03464851,-0.04596879,0.6709543
657,-0.03649932,-0.04850274,0.6702831
658,-0.03974885,-0.03155057,0.6699747
659,-0.06272092,-0.06024656,0.6602383
660,-0.05872207,-0.05982102,0.6609724
661,-0.04469904,-0.05700972,0.6702507
662,-0.04176829,-0.05710759,0.6723551
663,-0.03547836,-0.05815139,0.6753662
664,-0.03672736,-0.05748492,0.6749464
665,-0.03857125,-0.04450513,0.6684319
666,-0.03695685,-0.04082869,0.6695014
667,-0.0408911,-0.03526432,0.6684502
668,-0.04595463,-0.01208267,0.6677741
669,-0.04522217,-0.002341904,0.671278
670,-0.0486207,0.001141574,0.6696449
671,-0.04900077,-0.007519178,0.6646254
672,-0.03089812,0.001810465,0.6791514
673,-0.03529286,0.002798147,0.6784413
674,-0.006673366,-0.007507097,0.688646
675,-0.01105631,-0.0006046928,0.6875525
676,-0.01498246,-0.002465628,0.684153
677,-0.01169474,-0.009564642,0.6837879
678,-0.06247474,-0.05637442,0.6618086
679,-0.05838867,-0.05631342,0.6629719
680,-0.05514671,-0.05940222,0.6622797
681,-0.05132925,-0.05891129,0.6646277
682,-0.04803148,-0.05858167,0.6671045
683,-0.03805688,-0.05783712,0.6748116
684,-0.03558181,-0.05608812,0.6740351
685,-0.03814745,-0.05091389,0.6699947
686,-0.03969846,-0.05292343,0.670284
687,-0.03690615,-0.05624856,0.6741176
688,-0.0450654,0.001101471,0.6732589
689,-0.04430313,0.004843347,0.6763297
690,-0.04749012,0.008398548,0.676087
691,-0.04839403,0.004864462,0.6724613
692,-0.03118373,0.007313117,0.6788039
693,-0.03475457,0.007839672,0.67855
694,-0.02618365,0.001227975,0.680247
695,-0.02758342,0.006893627,0.6795354
696,-0.01546154,0.003964193,0.6861776
697,-0.01849569,0.002178274,0.6837711
698,-0.05495929,-0.05640845,0.6644427
699,-0.05138427,-0.05670372,0.6663876
700,-0.04787168,-0.05689123,0.6681617
701,-0.03836678,-0.05728314,0.675016
702,-0.03739654,-0.05726854,0.6750278
703,-0.04030537,-0.04820226,0.6677901
704,-0.04207078,-0.05123055,0.6677693
705,-0.04289106,0.00715673,0.6783091
706,-0.04054501,0.001385707,0.6765553
707,-0.03932678,0.004389748,0.6782355
708,-0.03797592,-0.05718226,0.6752801
709,-0.03775408,-0.05658007,0.6744291
710,-0.04055183,-0.0542865,0.6708458
711,-0.05473045,0.008793302,0.6656162
712,-0.05431298,-0.0003604367,0.659134
713,-0.05175253,-0.003627356,0.6617823
714,-0.05181829,0.005143091,0.6678958
715,-0.03813929,0.008789673,0.6787589
716,-0.04107853,0.01043699,0.6790978
717,-0.0004116371,0.003931172,0.700995
718,-0.005582109,0.008095443,0.6968892
719,-0.00643779,0.004811347,0.6944874
720,-0.00110767,-0.0003746003,0.6980136
721,-0.03821198,-0.0568396,0.6748783
722,-0.04160525,-0.05564104,0.6721557
723,-0.04300708,-0.05270294,0.6680388
724,-0.05748549,0.01610901,0.6664425
725,-0.06009009,0.01744678,0.6648437
726,-0.06019831,0.01269139,0.6614687
727,-0.05714538,0.01118991,0.6632302
728,-0.03563542,0.02236987,0.6784666
729,-0.0347104,0.01238945,0.6788451
730,-0.0318065,0.01211513,0.6788019
731,-0.03250455,0.02295198,0.6779299
732,-0.02885493,0.01169372,0.6792547
733,-0.02905513,0.02287051,0.6780453
734,-0.01056709,0.01189198,0.6926857
735,-0.01165618,0.008984216,0.6911214
736,-0.005825371,0.01820087,0.6955207
737,-0.005355187,0.0149412,0.6974922
738,-6.926805E-05,0.01314895,0.7035269
739,-0.001124568,0.0181789,0.7013375
740,-0.04459091,-0.05485992,0.6698828
741,-0.04410714,-0.02043118,0.6687499
742,-0.04571068,-0.01630099,0.664866
743,-0.04597213,-0.01668656,0.6626251
744,-0.04484167,-0.01915596,0.6659864
745,-0.04627897,-0.02010888,0.6598263
746,-0.04611161,-0.01751316,0.6603773
747,-0.04808564,-0.01550458,0.6568625
748,-0.04804739,-0.01863793,0.6558557
749,-0.02259548,0.02076355,0.6800225
750,-0.02330147,0.01209855,0.6810559
751,-0.02115105,0.01270958,0.6821763
752,-0.02086778,0.02011496,0.6809489
753,-0.01467369,0.01441927,0.687873
754,-0.01575186,0.01302963,0.6868047
755,-0.007696588,0.02390088,0.6898061
756,-0.006644618,0.02110817,0.6927897
757,-0.002326116,0.02243062,0.697845
758,-0.003532298,0.02634271,0.6938832
759,-0.04695221,-0.04256263,0.6625546
760,-0.05081874,-0.04054895,0.6605619
761,-0.05156807,-0.04582914,0.6595775
762,-0.04856253,-0.04704169,0.661441
763,-0.04458849,-0.02351674,0.6672298
764,-0.04462435,-0.02586097,0.6696564
765,-0.05354795,-0.008359849,0.6523409
766,-0.05648211,-0.006179761,0.6496835
767,-0.05675765,-0.009615295,0.646685
768,-0.05349792,-0.01141569,0.6497422
769,-0.06009734,0.003904261,0.6547769
770,-0.05689597,0.002025954,0.6567253
771,-0.05531422,0.01937228,0.6709732
772,-0.05153279,0.01330409,0.6749359
773,-0.05092559,0.02107384,0.675945
774,-0.05272713,0.02834861,0.6708694
775,-0.03765449,0.01291591,0.6791632
776,-0.03827749,0.02170163,0.6791825
777,-0.04072597,0.0203511,0.6800174
778,-0.04011632,0.01431292,0.6798477
779,-0.01191402,0.02294377,0.6859151
780,-0.01082528,0.0208616,0.6882766
781,-0.00502044,0.03015867,0.6902742
782,-0.009980988,0.02675936,0.6860389
783,-0.0466463,-0.02662957,0.667029
784,-0.04854932,-0.0261431,0.6656196
785,-0.05023772,-0.02773084,0.6646089
786,-0.04608584,-0.02976239,0.6682436
787,-0.04835023,-0.02483064,0.6623098
788,-0.04837639,-0.0236816,0.6601436
789,-0.05033392,-0.02204818,0.656293
790,-0.05688152,-0.01433754,0.6451345
791,-0.05351217,-0.01556771,0.6484001
792,-0.05603025,0.03163897,0.6677589
793,-0.05757691,0.02162194,0.6683546
794,-0.01359124,0.02458843,0.6838675
795,-0.0593162,-0.03823492,0.6576286
796,-0.0547061,-0.03865898,0.6589281
797,-0.05604417,-0.03297649,0.6595325
798,-0.06094135,-0.03290826,0.6580622
799,-0.05782766,-0.01806209,0.6451817
800,-0.05460293,-0.01851321,0.6481317
801,-0.06006639,-0.00471399,0.6477633
802,-0.0605171,-0.008628119,0.6448099
803,-0.04276223,0.03699868,0.6696272
804,-0.04670026,0.04266287,0.6667216
805,-0.01680456,0.0225373,0.681707
806,-0.01535311,0.02158487,0.6835607
807,-0.01307807,0.0296787,0.6823956
808,-0.01596707,0.02655086,0.6814469
809,-0.05599811,-0.04841654,0.6587623
810,-0.05833322,-0.05308892,0.6621848
811,-0.054901,-0.05326213,0.6636689
812,-0.05313214,-0.04927417,0.6604837
813,-0.05773732,-0.04321476,0.6569957
814,-0.05418985,-0.04436762,0.6581875
815,-0.05663226,-0.02075176,0.6482574
816,-0.05905492,-0.02280081,0.6496448
817,-0.06063145,-0.01363602,0.6431676
818,-0.05840664,0.03308809,0.6671326
819,-0.05949847,0.02361903,0.6675729
820,-0.04314222,0.03051459,0.6750889
821,-0.01875364,0.02362375,0.6801364
822,-0.06108144,-0.01769764,0.6435245
823,-0.05359111,0.04276688,0.6660617
824,-0.03935016,0.03194062,0.6747748
825,-0.03844537,0.03813709,0.6697633
826,-0.0417816,0.02613306,0.6781739
827,-0.03886148,0.02810934,0.6772762
828,-0.009119898,0.03415029,0.6843445
829,-0.06026027,-0.0480601,0.6575065
830,-0.06035721,-0.02595383,0.6558059
831,-0.05942259,-0.02509447,0.6555564
832,-0.05990762,-0.02411678,0.6520761
833,-0.06098303,-0.02469632,0.6517054
834,-0.06029343,-0.02328495,0.6487272
835,-0.05904393,-0.02111452,0.6465048
836,-0.06191093,-0.02118835,0.6450376
837,-0.06254688,-0.02377932,0.6477599
838,-0.04012317,0.04473569,0.6675267
839,-0.03275938,0.03884274,0.6709532
840,-0.03490227,0.03319135,0.6746615
841,-0.04119927,0.02376963,0.6786895
842,-0.03820204,0.02536789,0.6778334
843,-0.04322391,0.01810309,0.6815415
844,-0.04356904,0.01673711,0.6808489
845,-0.04214149,0.0159342,0.6808468
846,-0.04250141,0.01904734,0.6809353
847,-0.01675535,0.03237759,0.6791836
848,-0.01396906,0.03759874,0.67975
849,-0.01890675,0.04101168,0.6768766
850,-0.02218403,0.03436954,0.6764244
851,-0.06187308,-0.02893107,0.6570991
852,-0.0627422,-0.02651894,0.6551826
853,-0.06237433,-0.05312409,0.660975
854,-0.05774415,-0.02860089,0.6584603
855,-0.05703298,-0.02646057,0.6586243
856,-0.05336043,-0.02771732,0.6619995
857,-0.06300464,-0.02526102,0.6511259
858,-0.03352638,0.04658996,0.669459
859,-0.0347132,0.02958535,0.6763842
860,-0.04753053,0.01840723,0.679315
861,-0.0451876,0.0183846,0.6799672
862,-0.01955481,0.02115134,0.6807117
863,-0.02118695,0.02191299,0.6795369
864,-0.01961897,0.02845271,0.6789511
865,-0.02235149,0.02522688,0.6781045
866,-0.02578868,0.04032149,0.6731266
867,-0.02885521,0.034032,0.6748656
868,-0.03025481,0.03022376,0.6762077
869,-0.03482197,0.02626844,0.6770276
870,-0.04097078,0.02166423,0.6792074
871,-0.03836942,0.02333482,0.6781918
872,-0.02511963,0.02993984,0.6768175
873,-0.02695861,0.02633715,0.6766964
874,-0.03136151,0.02675555,0.6765492
875,-0.03544381,0.02422605,0.6774625
876,-0.02557079,0.02188197,0.6787978
877,-0.0246634,0.02332881,0.6779717
878,-0.005880222,0.07496031,0.7066364
879,-0.01386793,0.08167677,0.6989906
880,-0.01571571,0.07290515,0.6912549
881,-0.007647682,0.0670735,0.6997267
882,-0.03206044,0.02464376,0.6769679
883,-0.02839345,0.02445515,0.6770751
884,-0.0222194,0.08684283,0.6935232
885,-0.02386605,0.07670943,0.6849348
886,-0.03036198,0.09066579,0.6892353
887,-0.03944125,0.08132508,0.6772602
888,-0.03174453,0.07908467,0.6803759
889,-0.03806227,0.0934955,0.6864867
890,-0.04590347,0.09530263,0.6844407
891,-0.05395585,0.09622864,0.6829073
892,-0.05460015,0.08306924,0.6738899
893,-0.04699155,0.08234493,0.6750225
894,-0.04734889,0.06887264,0.6705851
895,-0.046785,0.05596271,0.6667823
896,-0.03889604,0.05606021,0.668693
897,-0.03988486,0.06814273,0.6721997
898,-0.03166329,0.05588009,0.6729926
899,-0.03252837,0.06737233,0.6747892
900,-0.02541771,0.06608389,0.6791216
901,-0.02504221,0.0552258,0.6769949
902,-0.01841359,0.05378529,0.6807026
903,-0.01778592,0.06330568,0.6847299
904,-0.01105916,0.04984321,0.686615
905,-0.009292949,0.0584792,0.6924772
906,-0.002899416,0.05396625,0.7003673
907,-0.004757091,0.04584768,0.6955328
908,-0.0002193749,0.04198568,0.7021992
909,0.001642905,0.04791572,0.7068568
910,-0.04241581,-0.08106045,0.6752536
911,-0.0467647,-0.02253428,0.6598417
912,-0.0487038,-0.02077045,0.6556787
913,-0.04630962,-0.02424303,0.6635892
914,-0.05177415,0.009042598,0.6711437
915,-0.05111785,-0.01101534,0.6554027
916,-0.051209,-0.01326188,0.6527185
917,-0.04814637,-0.01386905,0.658944
918,-0.05099864,-0.01683845,0.6516472
919,-0.05149689,-0.01918878,0.6517737
920,-0.05277033,-0.02070903,0.6525007
921,-0.02163656,-0.01574225,0.6765953
922,-0.02901855,-0.01325125,0.6743339
923,-0.02365132,-0.009676732,0.6776344
924,-0.02486153,-0.003413439,0.6795177
925,-0.02584219,0.01171912,0.6800191
926,-0.02128689,0.007942989,0.6821808
927,-0.0241133,0.007083759,0.6807387
928,-0.02211567,0.001436949,0.681856
929,-0.005614605,-0.04992705,0.6972257
930,-0.01090297,-0.05141465,0.689916
931,-0.001293726,-0.04816528,0.7062796
932,-0.000269495,-0.03926549,0.7030545
933,-0.004966039,-0.04083823,0.6940153
934,0.003522851,-0.005198315,0.7043915
935,0.001407921,-0.01068186,0.699545
936,-0.01038102,-0.04249286,0.6863335
937,-0.02460588,-0.08915527,0.7016521
938,-0.01468547,-0.01677357,0.6804984
939,-0.00283727,-0.01422341,0.6923587
940,-0.008446332,-0.016532,0.6857607
941,-0.03572122,-0.009938449,0.6732249
942,-0.04872204,-0.01194062,0.661061
943,-0.05130855,-0.008631706,0.6578084
944,-0.06003029,-0.001629684,0.6504536
945,-0.05664685,-0.003313389,0.6523132
946,-0.01890405,0.009280123,0.6837806
947,-0.01299518,0.006516129,0.6888936
948,-0.01696733,0.01116843,0.68548
949,-0.008173242,0.001956303,0.691354
950,-0.01734834,-0.01019904,0.6801639
951,0.001881488,0.02509736,0.705193
952,-0.0006298348,0.03035537,0.7002878
953,-0.003373228,0.03498805,0.6956696
954,-0.007556405,0.0389207,0.6892259
955,-0.01285212,0.04284279,0.6829896
956,-0.01894309,0.04574464,0.6781352
957,-0.02571063,0.04676656,0.6737862
958,-0.05475924,0.06927972,0.6694649
959,-0.05439789,0.0558468,0.6663734
960,-0.04149599,-0.04027461,0.666732
961,-0.04337193,-0.04519168,0.6648634
962,-0.05386829,-0.005563542,0.6548293
963,-0.04654424,-0.05111357,0.6646404
964,-0.04529611,-0.04907414,0.6643245
965,-0.04985294,-0.05005778,0.6622806
966,-0.04778937,-0.05428408,0.6676206
967,-0.05125294,-0.05371386,0.6656811
968,-0.04821941,0.01429354,0.6792804
969,-0.04558614,0.01088893,0.6784612
970,-0.04357518,0.01323544,0.6797201
971,-0.04535868,0.01538581,0.6805766
972,-0.05511002,0.01351137,0.6686879
973,-0.04132232,-0.00248586,0.6739837
974,-0.04121279,-0.006310709,0.6723087
975,-0.04366726,0.01834722,0.6807052
976,0.01010955,-0.01449982,0.7347026
977,0.01119412,-0.005926646,0.7352114
978,0.01012754,-0.004362427,0.7249659
979,-0.04201343,-0.01709086,0.670288
980,-0.05174639,-0.03039128,0.6632645
981,-0.05803213,-0.02327553,0.6534694
982,-0.05491099,-0.02318413,0.6571163
983,-0.01703757,0.01587023,0.685167
984,-0.01811224,0.01483342,0.6842184
985,-0.01823986,0.02009392,0.6822385
986,-0.01951681,0.01365042,0.6831441
987,-0.01921605,0.01927619,0.6823422
988,0.0001854077,0.06736005,0.7139938
989,-0.001381837,0.0609433,0.706696
990,-0.01709183,0.01920387,0.6837256
991,-0.01477227,0.01997701,0.6853103
992,-0.01803555,0.01849463,0.683775
993,-0.06024485,-0.107012,0.6912523
994,-0.05990245,-0.1088992,0.7000892
995,-0.05320161,-0.1059522,0.6928203
996,-0.04576281,-0.1033292,0.6945429
997,-0.03846455,-0.0993263,0.6972443
998,-0.04460927,-0.1044445,0.7031832
999,-0.03714415,-0.1001179,0.7051709
1000,-0.04600816,-0.03643145,0.6649799
1001,-0.05251333,-0.1075222,0.7015777
1002,-0.01965101,-0.003331359,0.6814571
1003,-0.01417406,-0.08178533,0.719012
1004,0.002377585,-0.04606219,0.7152636
1005,-0.003016666,-0.004230063,0.6938218
1006,-0.01001119,0.01631978,0.6922752
1007,-0.01029673,0.01851353,0.6905788
1008,-0.01408146,0.01704236,0.6879169
1009,-0.01429469,0.01860245,0.6868466
1010,-0.01645693,0.01741616,0.6855827
1011,-0.01638936,0.01822294,0.6850841
1012,-0.01752269,0.01783974,0.6849767
1013,0.00463856,-0.04518816,0.7277496
1014,0.004283026,0.0001980029,0.7074723
1015,-0.01409962,0.01581036,0.6881668
1016,-0.01659521,0.01669309,0.6854519
1017,-0.009917133,0.01417141,0.6930748
1018,-0.005152587,0.01148318,0.6978065
1019,-0.0001879856,0.008394249,0.7026548
1020,-0.05120574,-0.03456778,0.662277
1021,-0.04513258,-0.01967303,0.6633821
1022,-0.04516608,-0.02228642,0.6641231
1023,0.00785578,-0.002411198,0.7155348
1024,0.006676376,-0.03718863,0.7308653
1025,0.004629806,-0.0461995,0.7380638
1026,0.003707223,0.0534527,0.7131054
1027,0.005337365,0.0594167,0.7210215
1028,0.01145439,-0.007680446,0.7462919
1029,0.01030514,-0.0169123,0.7463169
1030,0.006455801,-0.03752596,0.7423516
1031,-0.012863,-0.08113752,0.7290118
1032,-0.05963607,-0.1104296,0.7072666
1033,-0.05171394,-0.1085812,0.7089964
1034,-0.04397368,-0.1054312,0.7111521
1035,-0.03656977,-0.1009639,0.7131355
1036,-0.04350094,-0.1066884,0.7179872
1037,-0.03552967,-0.1015827,0.7209353
1038,-0.05130867,-0.1102051,0.7155951
1039,-0.05934864,-0.1122747,0.7137063
1040,-0.02840338,-0.09511609,0.7151543
1041,-0.02951716,-0.09497752,0.706953
1042,-0.01970019,-0.08864927,0.7267042
1043,-0.02740101,-0.09546772,0.7239704
1044,-0.03354188,-0.09328854,0.6928662
1045,-0.03113621,-0.09455911,0.6999233
1046,-0.02251281,-0.08931808,0.7086667
1047,-0.0208976,-0.08889101,0.7171783
1048,0.002985694,0.03621954,0.7078238
1049,0.003352478,0.01900773,0.7087047
1050,0.005218573,0.04036272,0.7130542
1051,0.005234182,0.02964428,0.7130868
1052,0.006792322,0.02097564,0.7168888
1053,0.009019613,0.02253707,0.7233735
1054,0.007642336,0.03223817,0.7190367
1055,0.007763736,0.04479112,0.7197632
1056,0.01009057,0.03483605,0.7259391
1057,0.01125966,0.02393366,0.730871
1058,0.009604238,0.04971732,0.7291423
1059,0.01272418,0.03731027,0.7356633
1060,0.01336642,0.02472116,0.7410892
1061,0.01194212,0.003219262,0.7348388
1062,0.01062701,0.004036114,0.7254866
1063,0.008350901,0.004834823,0.7170911
1064,0.01233382,0.00216781,0.7450302
1065,0.01285264,0.01279411,0.7435365
1066,0.01245867,0.0129683,0.7337487
1067,0.004519455,0.01200826,0.7104734
1068,0.004545487,0.006090313,0.7092731
1069,0.008191139,0.01247775,0.7184204
1070,0.0104643,0.01285522,0.7254592
1071,-0.01718296,0.01728684,0.6856151
1072,-0.06583697,-0.05298937,0.6604875
1073,-0.1365778,-0.03853403,0.7199019
1074,0.004282117,-0.04264512,0.7214136
1075,-0.08534691,0.02121389,0.6796818
1076,-0.08438886,0.0227764,0.6788646
1077,-0.08283418,0.02416269,0.6788806
1078,-0.08019231,0.02716712,0.6761153
1079,-0.08076836,0.0373227,0.668423
1080,-0.07588674,0.03782646,0.6669345
1081,-0.07128511,0.03827006,0.666478
1082,-0.06339046,0.03851619,0.6661715
1083,-0.05547826,0.03774611,0.6666322
1084,-0.05072986,0.03705863,0.6671118
1085,-0.04601169,0.03600964,0.6686667
1086,-0.04745488,0.02583089,0.6764823
1087,-0.04510994,0.02289116,0.67927
1088,-0.04366328,0.0215425,0.6793867
1089,-0.04274484,0.01997328,0.6801842
1090,-0.03217684,0.01425289,0.6798161
1091,-0.03501179,0.01460601,0.6799133
1092,-0.02924018,0.01359939,0.6799594
1093,-0.02174251,0.01390524,0.6824797
1094,-0.02375246,0.01367895,0.681546
1095,-0.03992162,0.01526631,0.6808802
1096,-0.03752293,0.01472727,0.6802525
1097,-0.04201698,0.01655861,0.6814335
1098,-0.0430056,0.01718294,0.6816644
1099,-0.02624218,0.01357352,0.6806225
1100,-0.02003789,0.01452816,0.6834043
1101,-0.01851139,0.01537321,0.6845112
1102,-0.01754703,0.01627802,0.6853461
1103,-0.09335838,0.01623513,0.6792469
1104,-0.09620405,0.0160436,0.6790919
1105,-0.09916994,0.01554855,0.6791683
1106,-0.1046837,0.01594314,0.6806355
1107,-0.1066962,0.01628441,0.6815211
1108,-0.09085049,0.01620787,0.6796429
1109,-0.08843677,0.01661699,0.6803229
1110,-0.08527267,0.01836215,0.6811744
1111,-0.08629005,0.01779037,0.6809254
1112,-0.1021828,0.01569507,0.6797697
1113,-0.108382,0.01699156,0.6823996
1114,-0.1098885,0.01791091,0.6834791
1115,-0.1108191,0.01886437,0.6842874
1116,-0.1111345,0.01989863,0.6845418
1117,-0.01715821,0.01689418,0.685646
1118,-0.07889264,-0.02412092,0.6605946
1119,-0.05116271,-0.02496549,0.6609354
1120,-0.09379722,-0.05460348,0.6752378
1121,-0.0937643,-0.05605386,0.6752032
1122,-0.09059425,-0.05381282,0.6743236
1123,-0.09044706,-0.05692106,0.6736872
1124,-0.08784482,-0.05336784,0.6730981
1125,-0.08766676,-0.05695796,0.6727535
1126,-0.07309848,-0.05230599,0.6669635
1127,-0.07330235,-0.05705323,0.6666239
1128,-0.07678567,-0.05700935,0.6678929
1129,-0.07657783,-0.05232583,0.6682218
1130,-0.06916717,-0.05255999,0.6660806
1131,-0.06924745,-0.05726762,0.665644
1132,-0.06590891,-0.0527117,0.6658598
1133,-0.06603085,-0.05731333,0.6653503
1134,-0.08435452,-0.0569942,0.6710739
1135,-0.08439212,-0.05292991,0.6714218
1136,-0.08054531,-0.0525764,0.6699525
1137,-0.0806236,-0.05698827,0.6696709
1138,-0.09420921,-0.0549985,0.6747952
1139,-0.03866676,-0.05827632,0.6759528
1140,-0.04198963,-0.05882991,0.6743253
1141,-0.04165164,-0.05575173,0.6750005
1142,-0.03857855,-0.05681912,0.6759686
1143,-0.04471451,-0.05857884,0.6733428
1144,-0.04429645,-0.05507644,0.6737218
1145,-0.05875555,-0.05280335,0.6671557
1146,-0.05529996,-0.0530517,0.6685081
1147,-0.05537952,-0.05764867,0.6681719
1148,-0.05879374,-0.05744636,0.6668047
1149,-0.06283012,-0.05740473,0.6657351
1150,-0.0626526,-0.05278709,0.6661775
1151,-0.04796004,-0.05827542,0.671572
1152,-0.05160911,-0.05790675,0.6700786
1153,-0.0514455,-0.05361184,0.6703712
1154,-0.04770336,-0.05430225,0.6719333
1155,-0.03814488,-0.05727286,0.6755299
1156,-0.02809584,-0.04021799,0.6726655
1157,-0.03251661,-0.03283209,0.671127
1158,-0.03780351,-0.0259006,0.6708288
1159,-0.04297258,-0.01941293,0.6699044
1160,-0.04605551,-0.01437648,0.6665057
1161,-0.04904516,-0.009906895,0.6631252
1162,-0.0516637,-0.006151676,0.6599287
1163,-0.05415887,-0.002882436,0.6571238
1164,-0.0568395,-0.0004298501,0.6547016
1165,-0.06005979,0.001332141,0.6528946
1166,-0.06421787,0.002339214,0.6522147
1167,-0.06842826,0.001583122,0.6527799
1168,-0.07176928,6.925315E-06,0.6545087
1169,-0.07461614,-0.002280537,0.6568623
1170,-0.07732454,-0.005381905,0.6596022
1171,-0.08017264,-0.008942105,0.6627129
1172,-0.08343735,-0.01318972,0.6660021
1173,-0.08683842,-0.01792287,0.6692865
1174,-0.09231293,-0.0239575,0.6701306
1175,-0.0979574,-0.03046395,0.6703331
1176,-0.1028409,-0.03751056,0.671786
1177,-0.1089909,-0.05186197,0.6776823
1178,-0.1096243,-0.05835014,0.6802205
1179,-0.1088844,-0.06480847,0.6821255
1180,-0.1033343,-0.07526621,0.6828144
1181,-0.0993403,-0.0803873,0.6813707
1182,-0.09493961,-0.08604733,0.6791705
1183,-0.08956301,-0.09144767,0.6760455
1184,-0.08370763,-0.09450711,0.6729808
1185,-0.07763441,-0.0958661,0.6709108
1186,-0.07218631,-0.0963475,0.6698461
1187,-0.06711025,-0.09647954,0.6694475
1188,-0.0620623,-0.09661606,0.6699544
1189,-0.05664159,-0.0964355,0.6711185
1190,-0.05061068,-0.09544194,0.6732878
1191,-0.04470259,-0.09280653,0.6764461
1192,-0.03914546,-0.08780496,0.6796651
1193,-0.03448854,-0.0825386,0.6819313
1194,-0.03021106,-0.07779376,0.6834088
1195,-0.02403878,-0.06791038,0.6828649
1196,-0.0228753,-0.06161922,0.6810016
1197,-0.02303826,-0.05508828,0.6785384
1198,-0.01944618,-0.03251188,0.6759373
1199,-0.0284098,-0.02509388,0.671937
1200,-0.03551448,-0.01912036,0.6710635
1201,-0.04141983,-0.01394594,0.6705741
1202,-0.04569557,-0.009231076,0.6686347
1203,-0.04897102,-0.004692189,0.6660205
1204,-0.0518318,-0.0008272529,0.6635168
1205,-0.05438842,0.002349015,0.6610507
1206,-0.05691369,0.004877776,0.6587505
1207,-0.06005685,0.00660146,0.6568756
1208,-0.0641219,0.0074827,0.6562006
1209,-0.1112247,-0.02946788,0.6748742
1210,-0.1017327,-0.02258696,0.6710211
1211,-0.09429024,-0.01711964,0.6702978
1212,-0.08813827,-0.01242807,0.669965
1213,-0.08359213,-0.008013207,0.6681371
1214,-0.08003805,-0.003713116,0.6656128
1215,-0.07694659,-6.640702E-05,0.6631883
1216,-0.07417296,0.00294017,0.6607871
1217,-0.07149923,0.00529971,0.65856
1218,-0.06824039,0.006842151,0.6567669
1219,-0.1148926,-0.04070622,0.6790563
1220,-0.1163313,-0.04957266,0.6831499
1221,-0.1162137,-0.05762763,0.6864125
1222,-0.1149207,-0.06519607,0.6887511
1223,-0.1082631,-0.07787222,0.689598
1224,-0.1037184,-0.08406322,0.6881531
1225,-0.09861249,-0.08982027,0.6859669
1226,-0.09265286,-0.09520425,0.6830863
1227,-0.08625187,-0.0991628,0.6805198
1228,-0.07954217,-0.1016908,0.6787825
1229,-0.07310295,-0.1027052,0.6776595
1230,-0.06737518,-0.1029734,0.6774499
1231,-0.06165509,-0.1030211,0.6777783
1232,-0.05521455,-0.1023636,0.679041
1233,-0.04844788,-0.1002247,0.6809121
1234,-0.04196282,-0.09667741,0.683614
1235,-0.03580683,-0.09165983,0.6865959
1236,-0.03047767,-0.08629673,0.6888856
1237,-0.02559042,-0.08054651,0.6903973
1238,-0.01816251,-0.06858675,0.6896705
1239,-0.01638625,-0.06113832,0.6873996
1240,-0.01577848,-0.05302831,0.6842237
1241,-0.01655632,-0.044044,0.6801397
1242,-0.006060153,-0.02412764,0.6885646
1243,-0.0003448948,-0.0221208,0.6972239
1244,0.008872867,-0.02404306,0.7448663
1245,0.008794382,-0.02222567,0.7334241
1246,0.004983254,-0.01848445,0.7081721
1247,0.007720105,-0.02061038,0.7216276
1248,-0.0123168,-0.02490257,0.6813874
1249,-0.1303196,-0.01819559,0.695846
1250,-0.1245294,-0.0204864,0.6872911
1251,-0.1388531,-0.01637581,0.7200122
1252,-0.1356821,-0.01431753,0.706632
1253,-0.1402873,-0.01798768,0.7317575
1254,-0.1407291,-0.01985025,0.7431818
1255,-0.1181252,-0.02158354,0.6802379
1256,-0.01989031,-0.02322817,0.6759189
1257,-0.1103153,-0.02031662,0.6748798
1258,-0.03536133,-0.01466703,0.6718748
1259,-0.0412209,-0.01038001,0.6710379
1260,-0.02807258,-0.01906594,0.6729413
1261,-0.04884446,-0.001814749,0.6672773
1262,-0.04551887,-0.005944006,0.6693877
1263,-0.05176163,0.001754574,0.6651693
1264,-0.05441958,0.005226947,0.663092
1265,-0.05695088,0.007807404,0.6609953
1266,-0.06014041,0.009638377,0.6591989
1267,-0.06407345,0.01018342,0.6584041
1268,-0.08820526,-0.008868415,0.6704689
1269,-0.09428448,-0.01272089,0.6711525
1270,-0.08365295,-0.004748713,0.6689217
1271,-0.1018231,-0.01662958,0.6720598
1272,-0.0740552,0.005799487,0.6628429
1273,-0.07692722,0.002505723,0.6648455
1274,-0.07136093,0.008221515,0.6608127
1275,-0.06804052,0.009866513,0.6590931
1276,-0.08007126,-0.000846412,0.6668813
1277,-0.1260787,-0.02775848,0.6899766
1278,-0.1313984,-0.02639735,0.6992072
1279,-0.1200392,-0.02907004,0.6821327
1280,-0.1033258,-0.04592478,0.6735414
1281,-0.1065033,-0.04486373,0.6743791
1282,-0.1103018,-0.04296664,0.6760548
1283,0.0002512559,-0.0303259,0.7005575
1284,-0.004935883,-0.03148484,0.691223
1285,0.003917888,-0.02910067,0.7106004
1286,-0.01082635,-0.03251527,0.6832941
1287,-0.03075257,-0.04986787,0.6737381
1288,-0.02827029,-0.04885516,0.6743643
1289,-0.02497559,-0.0478649,0.675279
1290,-0.02114459,-0.04613759,0.6770496
1291,0.007614568,-0.03050133,0.7436388
1292,0.007548042,-0.02955316,0.7323631
1293,0.006469846,-0.02895985,0.7215098
1294,-0.1352377,-0.02499044,0.7091195
1295,-0.1380493,-0.0247528,0.7199258
1296,-0.1394159,-0.0253552,0.7307246
1297,-0.1397949,-0.02636405,0.7419844
1298,-0.1009558,-0.04700706,0.6728839
1299,-0.03481105,-0.05247914,0.6721925
1300,-0.03289514,-0.05114231,0.6728168
1301,-0.03788252,-0.05470661,0.6722344
1302,-0.03642763,-0.05364987,0.6719999
1303,-0.09554988,-0.05123684,0.6713384
1304,-0.09421446,-0.05243546,0.6715755
1305,-0.09704174,-0.04988555,0.6714937
1306,-0.09885715,-0.04841971,0.6720085
1307,-0.1272344,-0.06959385,0.7294755
1308,-0.1255667,-0.07050978,0.7191278
1309,-0.1232156,-0.07184187,0.7100177
1310,-0.1202567,-0.07247978,0.7023922
1311,-0.116198,-0.07227968,0.6957431
1312,-0.1123261,-0.07184146,0.6899354
1313,-0.1093831,-0.071189,0.6859933
1314,-0.1065899,-0.07029614,0.6830885
1315,-0.1039156,-0.06882722,0.6809214
1316,-0.1013615,-0.06698749,0.6796515
1317,-0.09929204,-0.06484295,0.6780425
1318,-0.09704783,-0.06210209,0.6763775
1319,-0.09512439,-0.05952399,0.6749427
1320,-0.09384921,-0.05762964,0.6740505
1321,-0.09303186,-0.0559529,0.6731517
1322,-0.09259138,-0.05500162,0.6733506
1323,-0.09239431,-0.0564705,0.6745591
1324,-0.09254824,-0.0541787,0.6750337
1325,-0.09272565,-0.05412164,0.6728954
1326,-0.09337454,-0.05341814,0.6721067
1327,-0.007018428,-0.07297659,0.7307833
1328,-0.00849241,-0.07385722,0.7203671
1329,-0.01068934,-0.07511697,0.7111918
1330,-0.01353953,-0.07570715,0.7034841
1331,-0.01743304,-0.07545138,0.6967129
1332,-0.02117247,-0.07492686,0.6907963
1333,-0.02396306,-0.07421,0.6867522
1334,-0.02666415,-0.07314356,0.6837507
1335,-0.02926948,-0.07149988,0.6815532
1336,-0.03170292,-0.06953628,0.680271
1337,-0.03362734,-0.06726757,0.6786458
1338,-0.03570513,-0.06440995,0.6769656
1339,-0.03748101,-0.06172495,0.6755324
1340,-0.03865818,-0.05974773,0.6746826
1341,-0.03934524,-0.05804796,0.6738141
1342,-0.03973142,-0.05709264,0.67405
1343,-0.04000305,-0.05856048,0.6752964
1344,-0.03975609,-0.05629816,0.6757538
1345,-0.03951522,-0.05624954,0.6735857
1346,-0.0388067,-0.05560603,0.6727807
