0,0.01245974,-0.09019726,0.7458387
1,0.01270827,-0.08919565,0.7387614
2,0.01303963,-0.08647478,0.7220601
3,0.01343192,-0.08293106,0.7114383
4,0.01450013,-0.07410367,0.7037033
5,0.01546639,-0.06572717,0.7019092
6,0.01571198,-0.06112669,0.7019241
7,0.01560254,-0.05321933,0.6970566
8,0.01522075,-0.05116846,0.6933082
9,0.01536546,-0.04504547,0.691871
10,0.01512614,-0.04102784,0.6923218
11,0.02021213,0.03169626,0.6916196
12,0.01830138,0.01797872,0.6832175
13,0.01694959,0.008399606,0.6769393
14,0.0150812,-0.0158411,0.6881208
15,0.01439811,-0.02555301,0.6887058
16,0.02128186,0.04226863,0.6913517
17,0.01525103,-0.005651686,0.6739914
18,0.01570154,-0.001394495,0.6733176
19,0.01388887,-0.03103226,0.6875761
20,0.01485324,-0.01260772,0.6819922
21,0.01494256,-0.008964453,0.6757589
22,0.0135406,-0.03502373,0.687982
23,0.01505932,-0.01374477,0.6860818
24,0.02077319,0.03654449,0.6928619
25,0.01748435,0.01223245,0.6794756
26,0.01630619,0.003572971,0.6744475
27,0.02242932,0.05210713,0.690518
28,0.02564796,0.08089174,0.690384
29,0.02950317,0.1113258,0.7010844
30,0.02750855,0.09647879,0.6935735
31,0.01479725,-0.01128075,0.6786219
32,0.01489826,-0.01972957,0.6888247
33,0.01562019,-0.05687323,0.7000672
34,0.01284708,-0.08807909,0.7295364
35,0.01960149,0.02722333,0.6889479
36,-0.05401193,0.01558869,0.7795507
37,-0.05294441,-0.006016817,0.7771739
38,-0.03100816,-0.06228516,0.754427
39,-0.02343478,-0.07025002,0.7444487
40,-0.02451909,-0.06941387,0.7529544
41,-0.03230486,-0.06104791,0.764311
42,-0.01446701,-0.06836451,0.7185088
43,-0.01906134,-0.07012961,0.7297363
44,-0.03674972,-0.05444578,0.755534
45,-0.008721391,-0.06324773,0.7111618
46,-0.02219522,-0.05741671,0.7209148
47,-0.02903655,-0.05787566,0.7319203
48,-0.03817548,-0.05269582,0.7659273
49,-0.01592293,-0.05454179,0.7141961
50,-0.03540968,-0.04470225,0.729852
51,-0.02755206,-0.04680002,0.7196832
52,-0.04611612,-0.03692638,0.7561715
53,-0.02381746,-0.01814255,0.7058784
54,-0.01786665,-0.02469758,0.7036294
55,-0.02150241,-0.03685827,0.7095444
56,-0.02810968,-0.03327684,0.7143007
57,-0.04729786,-0.03472784,0.767798
58,-0.006272765,-0.05981191,0.7084534
59,-0.02068138,-0.04629535,0.7140899
60,-0.004709113,-0.05640959,0.7058964
61,-0.01363909,-0.0522575,0.7117182
62,-0.002186956,-0.04587063,0.6980436
63,-0.01207762,-0.04990967,0.709122
64,-0.05117782,0.01830136,0.7451184
65,-0.05212723,-0.01542073,0.7732788
66,-0.007810865,-0.04321311,0.7041813
67,-0.01544685,-0.0448646,0.7112588
68,-0.01781493,-0.04570293,0.7128266
69,-0.0185181,-0.0384437,0.7085791
70,-0.001175538,-0.04284371,0.6968414
71,-0.01128723,-0.04233793,0.7075332
72,-0.01643065,-0.03922485,0.7072141
73,-0.008672288,0.01828918,0.7073432
74,-0.009058017,0.01338172,0.7053155
75,-6.068498E-05,-0.04048086,0.6968704
76,-0.006394185,-0.04132485,0.7032259
77,-0.0122327,-0.03972894,0.7054542
78,-0.01385645,-0.02999516,0.702084
79,-0.01561349,-0.02736351,0.703312
80,0.0003938396,-0.038906,0.6978741
81,-0.005593317,-0.0397402,0.702702
82,-0.009917004,-0.04118101,0.7066828
83,-0.01035914,-0.03511222,0.700884
84,-0.01148572,-0.02459598,0.6999013
85,-0.0002471562,0.01501102,0.701337
86,-0.001484184,0.004403107,0.6988056
87,-0.02832772,0.01136343,0.7114007
88,-0.03326938,0.0225617,0.7183936
89,-0.005393211,-0.0390033,0.7031179
90,-0.008991046,-0.04016789,0.7064121
91,-0.0107766,-0.03975696,0.7055362
92,-0.01003387,-0.02837922,0.6988274
93,-0.00416564,-0.004665857,0.7002522
94,0.0001544226,0.02301406,0.7057571
95,0.0002172627,0.01880584,0.7030168
96,-0.009035273,0.02230163,0.7083564
97,-0.008994112,-0.03967309,0.706533
98,-0.009851914,-0.03979893,0.7059651
99,-0.008525833,-0.03698494,0.7010341
100,-0.02582377,0.02414412,0.7142862
101,-0.02850557,0.02655529,0.7166142
102,-0.04388022,0.04599616,0.7375172
103,-0.009351755,-0.03975019,0.7064949
104,-0.007397838,-0.03833514,0.7017164
105,-0.008318955,-0.03241076,0.6982496
106,0.01285171,0.0263594,0.6918315
107,0.01098535,0.01649936,0.6862838
108,0.005322186,0.01204816,0.6918732
109,0.003814553,0.02642449,0.7050336
110,0.003957631,0.02240556,0.7018603
111,-0.004830074,0.02337243,0.7079577
112,-0.009016952,0.02735283,0.708068
113,-0.008530172,0.03187886,0.7078975
114,-0.04283583,0.02984125,0.7319484
115,-0.03734861,0.03297548,0.7272506
116,-0.006341035,-0.03940719,0.7031961
117,-0.003953444,-0.03334645,0.6948844
118,-0.002182221,-0.0009880662,0.6942627
119,0.01399207,0.03139847,0.6943104
120,0.01658811,0.03176507,0.6925074
121,-0.006174775,0.0412247,0.7062423
122,-0.02240774,0.02944575,0.7121291
123,-0.0198287,0.03326012,0.7104476
124,-0.03525634,0.04260273,0.7243196
125,-0.03848932,0.05550713,0.7265792
126,-0.05110167,0.02609062,0.7473676
127,-0.05395363,0.02532572,0.7674032
128,-0.05029945,0.05471122,0.759868
129,-0.05058935,0.03366186,0.7481645
130,-0.002713326,-0.03544402,0.6953695
131,0.003033092,-0.01558427,0.6935531
132,-0.003437513,-0.003623135,0.6976437
133,-0.002215471,-0.002026267,0.6920652
134,0.0002379995,0.001668904,0.6902311
135,0.005404782,0.03174325,0.7074867
136,-0.005500009,0.0279352,0.7080758
137,-0.01904275,0.0415199,0.7081876
138,-0.03112017,0.04178241,0.7192255
139,-0.03214467,0.04669994,0.7173275
140,-0.03597725,0.05036589,0.7210739
141,-0.0518119,0.05680626,0.770008
142,-0.04852921,0.05189262,0.752001
143,-0.000668006,-0.0388573,0.6981111
144,0.005526073,-0.02453636,0.6892328
145,-0.003809305,-0.008055139,0.6986039
146,-0.002045244,-0.007147891,0.6913284
147,-0.0001056939,-0.0001806356,0.688278
148,0.006182388,0.00603392,0.682793
149,0.009206683,0.007506132,0.6799663
150,0.01424087,0.01770666,0.684163
151,0.008319822,0.03039061,0.7031366
152,0.01240901,0.03581268,0.6986663
153,-0.003632726,0.04033317,0.7070008
154,-0.04237285,0.06765111,0.7387449
155,0.004737712,-0.03027247,0.6888375
156,-0.001946388,-0.01115095,0.6979286
157,-0.0005285908,-0.009556504,0.6934876
158,-0.0005333982,-0.008447569,0.6914795
159,-0.0005532186,-0.003399033,0.6873371
160,-0.0001904368,-0.005690213,0.6871694
161,0.01187036,0.04226759,0.697507
162,0.01411487,0.04329629,0.6942898
163,-0.03370795,0.05290164,0.7162235
164,-0.02916995,0.04817519,0.7128558
165,0.0060854,-0.0338443,0.6896412
166,0.009200512,-0.02476211,0.6882625
167,0.01202807,-0.0154158,0.6876813
168,0.001330953,-0.007179158,0.6876479
169,0.00490729,-0.001577202,0.6795075
170,0.008235924,-0.001196593,0.6761384
171,0.008599532,-0.005030125,0.6763591
172,0.005548036,-0.00472554,0.6793282
173,0.01281272,0.008295417,0.6779261
174,-0.02747251,0.04094265,0.7153537
175,-0.02851874,0.04453626,0.7135417
176,-0.03502914,0.0587381,0.7199488
177,-0.03895859,0.08051403,0.7371481
178,-0.03762839,0.07366887,0.7306949
179,0.007039944,-0.03917494,0.6928281
180,0.007226526,-0.007263973,0.6794492
181,0.009411037,-0.008080402,0.677742
182,0.01111925,-0.01138863,0.6826255
183,0.01653619,0.04269586,0.6924486
184,0.009588335,0.03732526,0.7032306
185,-0.002776731,0.03317087,0.7084926
186,-0.002322478,0.02918766,0.7081411
187,-0.001366304,0.03883029,0.7079546
188,-0.02258385,0.04074611,0.7108113
189,-0.02333963,0.04611329,0.7078543
190,0.009101491,-0.03961434,0.6929781
191,0.007870805,-0.029979,0.687975
192,0.01183555,-0.001318015,0.6741514
193,0.01172412,-0.005342027,0.6746932
194,0.0005932525,0.04475741,0.7007839
195,0.000887949,0.05033245,0.6954163
196,0.00276312,0.03326294,0.7088605
197,0.001115447,0.03496696,0.7090658
198,-0.02443224,0.03691543,0.7134049
199,-0.02378736,0.04285657,0.7092796
200,-0.02239647,0.05628033,0.7044019
201,-0.02053656,0.05064143,0.7050599
202,0.009221561,-0.03437073,0.6887137
203,0.007759016,-0.01220782,0.6892263
204,0.0107672,-0.01230022,0.6864945
205,0.009933875,-0.01130879,0.6862752
206,0.01214002,-0.008680178,0.6762937
207,0.01299181,-0.01224048,0.6821219
208,0.003321338,0.05643319,0.6929089
209,-0.000982292,0.04286676,0.704195
210,0.0009307563,0.03645945,0.7096323
211,-0.02084732,0.04121163,0.7092519
212,-0.02140176,0.04333814,0.7074529
213,-0.01606801,0.06297296,0.7009634
214,-0.03990894,0.08771201,0.7453651
215,0.01019952,-0.03972348,0.6919429
216,0.01288884,-0.01319493,0.6858712
217,-0.003949331,0.05260409,0.6968445
218,-0.00213116,0.05938123,0.6945951
219,-0.003290342,0.04697017,0.700547
220,0.003331578,0.03595226,0.7084532
221,-0.01920057,0.04669017,0.7049748
222,-0.01659863,0.05788565,0.7015172
223,-0.01485373,0.05105318,0.7024
224,-0.00930755,0.06173689,0.6975482
225,0.01235541,-0.04055047,0.6922497
226,-0.008696094,0.04943176,0.7009195
227,-0.01021715,0.05581933,0.6986926
228,-0.004419552,0.04505963,0.7030646
229,-0.002344666,0.04222091,0.7054375
230,-0.003101969,0.04135252,0.7058271
231,-0.02585498,0.09083617,0.7212789
232,-0.02705507,0.09995778,0.7286589
233,-0.008528508,0.04627004,0.7026296
234,-0.0176157,0.0439286,0.7052969
235,-0.01350201,0.04681669,0.7029576
236,-0.005414391,0.04325835,0.7043442
237,-0.005811332,0.04247032,0.7049613
238,-0.0160313,0.04206249,0.7067853
239,-0.01739779,0.0946099,0.7126287
240,-0.008671902,0.0440086,0.7036458
241,-0.00916153,0.04212892,0.7056769
242,-0.008978052,0.04317789,0.7043914
243,-0.01298586,0.0441295,0.7037956
244,-0.01254247,0.04248854,0.7058728
245,-0.01866302,0.1047993,0.7204422
246,-0.01013495,0.1082163,0.7144651
247,-0.002228526,0.1105243,0.7099417
248,0.005533906,0.09786969,0.6981791
249,-0.001851974,0.09714943,0.701518
250,0.005638671,0.1119843,0.7066509
251,0.0116076,0.08225146,0.6923942
252,0.004759095,0.08287612,0.6940639
253,-0.001974234,0.08362736,0.6966199
254,-0.008604709,0.08412667,0.7006572
255,-0.01618723,0.08325226,0.7061616
256,-0.02509787,0.08063354,0.7141833
257,0.01444613,0.03677814,0.6960176
258,0.01666507,0.03684042,0.6940305
259,-0.0008959845,0.02570751,0.7076215
260,0.007812224,0.0263192,0.7001218
261,0.002027808,0.008573148,0.6952147
262,-0.002442414,-0.01402854,0.6988943
263,-0.002339371,-0.0268931,0.6921418
264,-0.001048116,-0.03160944,0.691667
265,-0.01745525,0.03248055,0.7094297
266,-0.01973468,0.0281108,0.7106823
267,-0.02231752,0.02276936,0.7122835
268,-0.02526553,0.01817527,0.7122207
269,-0.02212898,0.01084356,0.7086814
270,0.003269907,-0.03389707,0.6908762
271,0.004388137,-0.03859854,0.6942654
272,0.006271895,-0.03886398,0.6941776
273,-0.04278406,-0.02512826,0.7307701
274,-0.03745647,-0.02821583,0.7235124
275,-0.05002143,-0.01818201,0.7492256
276,-0.05044235,-0.01037781,0.7459933
277,-0.03801193,-0.01926123,0.7198081
278,-0.03146406,0.03254997,0.7212228
279,-0.02613127,0.03350004,0.7151933
280,-0.05393241,0.02493764,0.7786041
281,-0.009302864,0.09661777,0.7061893
282,0.02013729,0.09702937,0.6943104
283,0.001085987,0.003721688,0.6921692
284,0.006967355,0.009116288,0.6850221
285,0.009879079,0.01066563,0.6822707
286,0.01324084,0.01170212,0.6803268
287,-0.0238403,0.04039558,0.712384
288,-0.02456225,0.03120151,0.7136633
289,-0.03055447,0.02966687,0.7192199
290,-0.03571574,0.02589246,0.7221371
291,-0.04275457,0.02505822,0.7292762
292,0.005594319,0.002724361,0.6804941
293,0.008850036,0.00368873,0.6773061
294,0.01255185,0.003966101,0.6753495
295,0.02156733,0.1121598,0.7022718
296,-0.003725337,-0.01048401,0.7007983
297,-0.002337152,-0.0003703348,0.6963876
298,0.006168543,0.0358099,0.7072184
299,-0.0117009,-0.005585488,0.70162
300,-0.009339299,-0.01207154,0.7011834
301,-0.008561049,-0.01529979,0.7002198
302,-0.01543418,0.0116404,0.7067415
303,-0.01433336,0.01744137,0.7086437
304,-0.01356131,0.02190929,0.7092671
305,-0.01268376,0.02729271,0.7084807
306,0.004402697,-0.01282238,0.6925427
307,-0.007444769,-0.01910332,0.6987039
308,-0.00684485,-0.02414932,0.696785
309,-0.005588213,-0.0294489,0.6949728
310,-0.006381838,-0.0354124,0.6982701
311,-0.005264359,-0.03707073,0.6986112
312,-0.003576325,-0.03917822,0.700691
313,-0.002629604,-0.03894958,0.7004213
314,0.00225926,0.02897964,0.7072189
315,0.0006002486,0.03155276,0.708322
316,0.0002843458,0.03744704,0.708954
317,0.01019604,-0.01068582,0.682983
318,0.008282029,-0.01451849,0.6889068
319,0.003701529,-0.006348228,0.6837652
320,0.001437016,-0.01251978,0.6953373
321,0.01252511,-0.01099808,0.6789393
322,0.01045239,-0.01015202,0.6798399
323,0.009367019,-0.009460416,0.6807224
324,0.008595347,-0.009518431,0.6843481
325,-0.02166636,0.04209381,0.7088078
326,-0.01986185,0.04239996,0.7074819
327,-0.01631218,0.04303885,0.7056939
328,-0.01255116,0.04346754,0.704569
329,0.001462597,0.03634257,0.7087539
330,-0.0004613567,0.03450564,0.7092117
331,-0.005477304,0.0320463,0.7080582
332,-0.0114844,0.03198092,0.7079846
333,-0.02182855,0.03418404,0.7115498
334,-0.02634133,0.04524696,0.710783
335,-0.03385184,0.09401374,0.7369198
336,-0.03276055,0.08633868,0.7290167
337,-0.03209531,0.07807209,0.7227672
338,-0.02964533,0.06091569,0.7118627
339,-0.02849002,0.0549567,0.7092675
340,-0.02530936,0.04948155,0.7085191
341,-0.02329327,0.04157802,0.7105363
342,-0.02562301,0.04245885,0.711383
343,-0.02325677,0.03546322,0.7124449
344,0.01401467,0.05275582,0.6913952
345,0.008535409,0.05335427,0.6924536
346,0.00465031,0.04809872,0.6953926
347,0.00379926,0.04292053,0.7011948
348,0.001540821,0.04071219,0.7054487
349,0.0002385788,0.04057834,0.706479
350,-0.0007766113,0.03957978,0.7070065
351,-0.01284892,-0.02135205,0.7011633
352,-0.01437379,-0.01848066,0.7017541
353,-0.01795434,-0.01159016,0.7027475
354,-0.01743989,0.006122306,0.7053936
355,0.01261939,-0.04460055,0.6914494
356,0.01195905,-0.05053049,0.6927009
357,0.01224367,-0.05273648,0.6966741
358,0.01171206,-0.0608004,0.7018695
359,0.01170642,-0.06540465,0.7018934
360,0.01007406,-0.07353336,0.703817
361,0.008134206,-0.08221821,0.71153
362,0.006517261,-0.08565643,0.7221793
363,0.004929577,-0.08800012,0.7390892
364,0.004346779,-0.08880303,0.7465088
365,0.009279166,-0.04364989,0.6914827
366,0.008348623,-0.04886723,0.69247
367,0.008373719,-0.05188826,0.6962671
368,0.007831417,-0.06058459,0.7022598
369,0.00739958,-0.06535167,0.7023632
370,0.005132312,-0.07248094,0.7043931
371,0.002314936,-0.08088757,0.7126203
372,-2.357177E-05,-0.08402441,0.72317
373,-0.002170982,-0.08564005,0.7403459
374,-0.003260737,-0.08597253,0.7480022
375,0.006274395,-0.04266503,0.6922956
376,0.005155681,-0.04689385,0.6929823
377,0.004781704,-0.05047097,0.6959982
378,0.004132878,-0.06030264,0.7029678
379,0.003224788,-0.06500233,0.7036026
380,0.0001318064,-0.07104628,0.7062227
381,-0.003830841,-0.07837048,0.7141124
382,-0.006545192,-0.08072333,0.724648
383,-0.009636328,-0.08151789,0.7416002
384,-0.01050467,-0.08172687,0.7498646
385,-0.00284246,-0.03971823,0.700129
386,-0.003803106,-0.04143084,0.7001812
387,-0.005795456,-0.04386852,0.7008292
388,-0.01002109,-0.05621702,0.7102311
389,-0.0123566,-0.05880463,0.7128921
390,-0.01832819,-0.06259273,0.7199015
391,-0.02437722,-0.06434254,0.7313394
392,-0.02961813,-0.06376853,0.7456716
393,0.002722431,-0.01974128,0.6923249
394,0.006935274,-0.01880401,0.6900437
395,0.01096499,-0.0192839,0.6888126
396,-0.01216203,-0.03269547,0.7012659
397,-0.0142778,-0.03959562,0.7059598
398,-0.01304326,-0.04371858,0.7093847
399,-0.01038701,-0.04681062,0.7064819
400,-0.007508168,-0.04922078,0.704002
401,-0.003494577,-0.05180684,0.7023041
402,0.004441896,-0.05515798,0.7002974
403,0.008077895,-0.05604807,0.7001218
404,0.01193231,-0.0564393,0.6999916
405,0.0056343,-0.08660237,0.7299027
406,-0.001212429,-0.08485804,0.7312179
407,-0.008326849,-0.08138108,0.7325908
408,-0.02160895,-0.07056934,0.7371666
409,-0.02737463,-0.06451489,0.738342
410,-0.03247737,-0.05757973,0.7389584
411,-0.03995787,-0.04275052,0.7372407
412,-0.04218569,-0.01630232,0.727402
413,-0.03746247,0.006736372,0.7176514
414,-0.0336043,0.01311319,0.7151052
415,-0.02967124,0.01988781,0.7149796
416,-0.03513946,-0.05636869,0.7464174
417,-0.0434533,-0.03996971,0.7454083
418,-0.04654458,-0.02155776,0.739773
419,-0.04675343,-0.01297537,0.7362353
420,-0.04241054,0.01043241,0.7241791
421,-0.0163865,-0.0424021,0.7096511
422,-0.01863399,-0.04234321,0.7111956
423,-0.02164921,-0.04185859,0.7122189
424,-0.02828836,-0.04031616,0.7173199
425,-0.03674927,-0.03692273,0.7271054
426,-0.04214308,-0.03441104,0.734228
427,-0.04612242,-0.03067647,0.7436926
428,-0.05003336,-0.02562306,0.7559462
429,-0.0507348,-0.02490342,0.7693182
430,-0.01394801,-0.04201857,0.7080326
431,-0.01200271,-0.04125527,0.7069756
432,-0.01064765,-0.04051751,0.7065118
433,-0.0099508,-0.04008553,0.7066037
434,-0.009509943,-0.03984399,0.7068421
435,-0.04138386,0.02052117,0.7252362
436,-0.02697827,0.03563914,0.7163017
437,-0.03704596,0.02930511,0.7251647
438,-0.0319985,0.0357096,0.7224271
439,-0.02776553,0.03725423,0.7172134
440,-0.02443668,0.03998537,0.7137004
441,-0.0252984,0.03815218,0.7142438
442,-0.02540274,0.04044697,0.7137719
443,0.01851223,0.08156522,0.6911955
444,0.0126957,0.09752141,0.695731
445,0.01354495,0.1124997,0.704163
446,0.01586784,0.02703408,0.6898097
447,0.007036743,0.02198581,0.6974367
448,0.003384335,0.01812753,0.6994855
449,-0.01047729,0.008606326,0.7039413
450,-0.02489289,0.004735194,0.7079909
451,-0.0316018,0.005089752,0.7121835
452,-0.04613823,0.01519753,0.7314647
453,-0.04757264,0.02148312,0.7361906
454,-0.02259877,0.06231393,0.7053152
455,-0.05220175,-0.01564258,0.7624419
456,-0.05335822,0.0171718,0.7563393
457,-0.05404139,0.01653265,0.7677336
458,-0.03822524,0.01624905,0.7200537
459,-0.04762331,0.02734619,0.7389275
460,-0.04431248,0.0734992,0.7458485
461,-0.05316393,0.025517,0.7570252
462,-0.04530637,0.07968863,0.7553269
463,-0.03978311,0.04396187,0.7302569
464,-0.02009899,0.01732862,0.7101291
465,-0.01833047,0.02194273,0.7105598
466,-0.01634683,0.02737052,0.7093818
467,-0.01447047,0.03199696,0.7085692
468,-0.002311381,-0.004704956,0.6914473
469,-0.02495552,0.03919532,0.7145389
470,-0.02555506,0.03902783,0.71443
471,-0.02801927,0.03870793,0.7173232
472,-0.03196578,0.03804396,0.7227191
473,-0.03691293,0.0364149,0.7279241
474,-0.04236721,0.03454592,0.7331372
475,-0.04704969,0.03352758,0.7401336
476,-0.05252828,0.0341077,0.7566434
477,-0.05350395,0.03455025,0.7660997
478,-0.05355918,0.03472595,0.7763454
479,-0.005673395,-0.000228893,0.701454
480,-0.004622148,0.01162114,0.7026756
481,-0.003765522,0.01579534,0.7040603
482,-0.003997624,0.02005637,0.7063912
483,-0.002186952,-0.02081618,0.6947777
484,0.001758726,-0.02562612,0.6905659
485,0.001933163,-0.03087412,0.6898797
486,-0.002413666,-0.008801881,0.6948965
487,-0.003292814,-0.004183102,0.6951134
488,0.01145829,0.02978159,0.6969852
489,0.01026723,0.0247828,0.6945864
490,0.008230298,0.01476418,0.6888856
491,0.004091944,0.006639883,0.6883943
492,0.003496774,0.003991667,0.6862292
493,0.003176084,0.001485117,0.6837582
494,0.002422444,-0.002162669,0.6828891
495,0.002575796,-0.00465182,0.6830773
496,0.02376109,0.064599,0.6896231
497,0.01646231,0.06557298,0.6897588
498,0.009691946,0.0671269,0.6903955
499,0.002855187,0.06907672,0.6919204
500,-0.003513774,0.07081926,0.695354
501,-0.009696404,0.07197168,0.6989964
502,-0.01603899,0.07224646,0.702808
503,-0.02396804,0.07046846,0.7086195
504,-0.03134693,0.06872927,0.7177745
505,-0.0365908,0.06648878,0.7257999
506,-0.04072999,0.06206549,0.7331423
507,-0.04675501,0.04923044,0.7455321
508,-0.003380081,-0.006796243,0.6956336
509,-0.01725833,-0.07627301,0.7514467
510,-0.01651684,-0.07627869,0.7431352
511,-0.0150164,-0.07634956,0.734885
512,-0.0131807,-0.07575215,0.726996
513,-0.009488348,-0.0743144,0.7164334
514,-0.004985642,-0.06809215,0.7090034
515,-0.001888055,-0.06335479,0.7059023
516,-0.0001725778,-0.05886821,0.7043216
517,0.0002904907,-0.05367706,0.7010008
518,0.001357036,-0.0484231,0.6963741
519,0.002182217,-0.04501138,0.694226
520,0.002779455,-0.0414391,0.6942916
521,0.003321033,-0.03875702,0.6959505
522,0.001721663,-0.03834078,0.6960511
523,4.203804E-05,-0.03430177,0.6927195
524,-0.0001798403,-0.01082458,0.6965176
525,0.005767215,-0.008855514,0.6881187
526,-0.05248555,-0.007670781,0.7556816
527,-0.05344225,-0.007048143,0.7654647
528,-0.02569812,-0.06892518,0.7621793
529,0.003558066,-0.09011172,0.7533212
530,-0.004078511,-0.08695085,0.7550122
531,0.01206448,-0.0916678,0.7524373
532,-0.01130499,-0.08229388,0.7571207
533,-0.01853804,-0.07607222,0.7596096
534,-0.009049462,-0.05328244,0.7071818
535,-0.04590462,0.06078363,0.7463116
536,-0.04789928,0.06477486,0.7537599
537,-0.0496828,0.068549,0.7632527
538,-0.02457855,0.04113303,0.712246
539,-0.0267646,0.04164036,0.713423
540,-0.03015218,0.04339886,0.7165262
541,-0.0338537,0.04483035,0.7209778
542,-0.03792445,0.04742795,0.7259383
543,-0.04157688,0.05142591,0.7328269
544,-0.04392462,0.05653574,0.739803
545,-0.04931555,0.04126342,0.7482889
546,-0.05120894,0.04286934,0.7554949
547,-0.05278083,0.04423212,0.7639611
548,-0.05275134,0.04516797,0.7737199
549,-0.02548527,0.03973412,0.7144212
550,-0.02784329,0.03986325,0.7167537
551,-0.03171414,0.04002535,0.7213376
552,-0.03633821,0.03979678,0.7268513
553,-0.04165042,0.03943485,0.7333322
554,-0.04612564,0.03952409,0.7405567
555,0.04883855,-0.06811583,0.7209742
556,0.05413773,-0.07142325,0.7324148
557,0.05965797,-0.06579097,0.7330474
558,0.05314751,-0.0636303,0.7216982
559,0.01884923,-0.08327462,0.7119071
560,0.01963064,-0.08683425,0.7223302
561,0.0264354,-0.08649108,0.7235444
562,0.0249449,-0.08306911,0.7132533
563,0.0445473,-0.06333557,0.714716
564,0.04801252,-0.05958066,0.7154595
565,0.0636814,-0.0666693,0.7395228
566,0.06679836,-0.06612054,0.746545
567,0.07685586,-0.0512278,0.7456614
568,0.07301463,-0.05314746,0.7376412
569,0.01901787,-0.07488102,0.7042641
570,0.02409101,-0.07493469,0.7052332
571,0.03144821,-0.08165535,0.714944
572,0.03351722,-0.08452038,0.7251477
573,0.04093094,-0.08075766,0.7275006
574,0.03776947,-0.07864226,0.7172872
575,0.04239738,-0.06040876,0.713336
576,0.04562621,-0.05722352,0.713959
577,0.05914092,-0.0541973,0.7194944
578,0.0676845,-0.05366995,0.730202
579,0.06943972,-0.04631521,0.726678
580,0.06034034,-0.0481795,0.716224
581,0.08065763,-0.04302571,0.7428297
582,0.07565777,-0.0454143,0.7337497
583,0.0193384,-0.06652465,0.7022791
584,0.02371151,-0.06747302,0.7031326
585,0.02923099,-0.07441874,0.7074147
586,0.03482676,-0.07222141,0.7104173
587,0.04392473,-0.0736898,0.7194691
588,0.0399913,-0.06767914,0.7128301
589,0.05261061,-0.05266652,0.713903
590,0.055747,-0.02576112,0.7019967
591,0.04821064,-0.02995872,0.700448
592,0.05255253,-0.04283692,0.7072097
593,0.06009788,-0.04145418,0.712079
594,0.0800517,-0.04879919,0.7552829
595,0.08165234,-0.04713188,0.7655015
596,0.08636291,-0.03825188,0.76594
597,0.08534356,-0.03868599,0.7536508
598,0.0280999,-0.06811883,0.704837
599,0.03333385,-0.06733054,0.7074867
600,0.0536039,-0.04819237,0.7110875
601,0.04268792,-0.05144309,0.7085633
602,0.0401432,-0.05319845,0.706991
603,0.04188284,-0.05753927,0.7104041
604,0.04439416,-0.05481268,0.7115599
605,0.04974449,-0.05112281,0.713221
606,0.05028787,-0.04761463,0.7104943
607,0.01948765,-0.05746694,0.7002241
608,0.01984576,-0.06175516,0.7022861
609,0.02405405,-0.0626079,0.7029608
610,0.02386677,-0.05795129,0.7005097
611,0.04957867,-0.04306931,0.7069787
612,0.09015514,-0.02190384,0.7508602
613,0.09486291,0.00168803,0.7492882
614,0.09206719,0.003371183,0.738546
615,0.08745414,-0.02420936,0.7420608
616,0.02803137,-0.05779464,0.7013946
617,0.02810061,-0.06327767,0.7041929
618,0.03261022,-0.0625455,0.7063208
619,0.03236905,-0.057008,0.7030709
620,0.03747933,-0.06044503,0.7087765
621,0.03656342,-0.05555449,0.705147
622,0.03616838,-0.04552649,0.7019759
623,0.03836236,-0.04811818,0.7034729
624,0.04014124,-0.04752199,0.7059861
625,0.03860148,-0.04536378,0.7043701
626,0.04750011,-0.04982127,0.7116777
627,0.04452549,-0.04821307,0.7094178
628,0.04598384,-0.03137774,0.7003351
629,0.05039217,-0.01763041,0.6992576
630,0.04515933,-0.02306811,0.6992047
631,0.01864765,-0.05136728,0.6932522
632,0.01908566,-0.05359995,0.6971431
633,0.02340598,-0.05362012,0.6972052
634,0.02274447,-0.05052485,0.6935347
635,0.04769853,-0.04718035,0.7089564
636,0.04459768,-0.04645896,0.7070087
637,0.04358578,-0.02510335,0.6985535
638,0.0411301,-0.01626595,0.6990471
639,0.04469111,-0.01043447,0.6986563
640,0.04717293,0.01240286,0.7047546
641,0.04646416,0.007762842,0.7027007
642,0.0526781,0.004694805,0.7036029
643,0.05280799,0.01036638,0.7055645
644,0.02647347,-0.04935393,0.6945767
645,0.02778805,-0.05304509,0.6976789
646,0.03128417,-0.05180562,0.6988204
647,0.02964674,-0.04808844,0.6962473
648,0.03478516,-0.0498622,0.7007114
649,0.03298923,-0.04655489,0.6988122
650,0.03501207,-0.04336557,0.701108
651,0.03752737,-0.04357073,0.7032866
652,0.04268982,-0.04663026,0.7073874
653,0.04115397,-0.04527671,0.7064015
654,0.04419662,-0.04341527,0.704733
655,0.04679022,-0.04340634,0.7056499
656,0.04363723,-0.0336181,0.6999428
657,0.0412522,-0.03617958,0.699698
658,0.04019288,-0.01910024,0.6980563
659,0.01819039,-0.04527937,0.6919287
660,0.02181223,-0.04511291,0.69252
661,0.03407956,-0.04227474,0.7010223
662,0.03688703,-0.04263426,0.703288
663,0.04264361,-0.04536978,0.706149
664,0.04128956,-0.04450409,0.7057502
665,0.0392575,-0.03205248,0.6974676
666,0.0417459,-0.02836728,0.6978675
667,0.03829864,-0.02296495,0.6968318
668,0.03574416,0.001258686,0.6965369
669,0.03743444,0.01141776,0.6993507
670,0.03419112,0.01529418,0.697717
671,0.032754,0.005961403,0.6932199
672,0.05264458,0.01479487,0.706147
673,0.04820159,0.01614864,0.7056544
674,0.07699561,0.004172225,0.7152365
675,0.07305437,0.01133046,0.7135856
676,0.06880536,0.009463497,0.7105915
677,0.07163055,0.002022821,0.71092
678,0.01801839,-0.04124454,0.6928013
679,0.02151082,-0.04107922,0.6938069
680,0.02514682,-0.04487917,0.6936785
681,0.02867151,-0.04437242,0.6958181
682,0.03164947,-0.04391395,0.6981805
683,0.04007117,-0.04408445,0.7060037
684,0.04217586,-0.0434415,0.7044441
685,0.03920997,-0.03859931,0.699727
686,0.03741591,-0.04066643,0.7003735
687,0.04079982,-0.04353965,0.7046309
688,0.03795411,0.01495403,0.7011182
689,0.03917814,0.01880023,0.7038929
690,0.03626421,0.02287657,0.7034907
691,0.03490624,0.0192329,0.7002571
692,0.05266717,0.02013723,0.7053163
693,0.04909592,0.02100436,0.7052632
694,0.05742537,0.01386511,0.7069799
695,0.05630205,0.01945257,0.7058361
696,0.06882653,0.01608472,0.7119897
697,0.06547658,0.01435611,0.7099344
698,0.02468479,-0.04112842,0.6952941
699,0.02765229,-0.04147712,0.6970353
700,0.03069823,-0.04198427,0.6986965
701,0.03999406,-0.04368652,0.705878
702,0.04058941,-0.04404295,0.7058298
703,0.03697364,-0.03572113,0.6972103
704,0.03507198,-0.03862845,0.6977673
705,0.04086816,0.02111795,0.7056609
706,0.04273301,0.0151007,0.7042047
707,0.04423571,0.01806647,0.705645
708,0.04015385,-0.04384542,0.7060147
709,0.03999764,-0.04363642,0.7050784
710,0.03674755,-0.04173603,0.7012463
711,0.02851479,0.02299656,0.69359
712,0.02769134,0.01294962,0.6876936
713,0.03011135,0.009864859,0.6903261
714,0.03123976,0.01965566,0.6959903
715,0.04574798,0.02230514,0.7056196
716,0.04295272,0.02420249,0.7059805
717,0.08492059,0.01630756,0.7258831
718,0.07979656,0.02042836,0.7216696
719,0.07853346,0.01701503,0.71968
720,0.08367838,0.01180874,0.7234169
721,0.03968662,-0.04361705,0.7056423
722,0.03592581,-0.04283277,0.7027997
723,0.0340879,-0.04014859,0.6982245
724,0.02643274,0.03005197,0.6936844
725,0.02382807,0.03098502,0.6921265
726,0.02323163,0.0262807,0.689398
727,0.02618374,0.02499202,0.691123
728,0.04889208,0.03435839,0.7037348
729,0.04946001,0.02541607,0.7050734
730,0.05237468,0.02486519,0.7048474
731,0.05190872,0.0345272,0.7028721
732,0.05536272,0.02422346,0.705147
733,0.05530255,0.03411849,0.7027349
734,0.074737,0.02407554,0.717371
735,0.07340223,0.02119815,0.7162302
736,0.07959436,0.0297325,0.7190065
737,0.08032341,0.02698611,0.7213682
738,0.08597276,0.02554287,0.7272366
739,0.08485425,0.03010619,0.7244038
740,0.03276451,-0.04221418,0.7004398
741,0.03683584,-0.008122908,0.6978269
742,0.03528444,-0.003698424,0.694099
743,0.03482582,-0.004520025,0.6920382
744,0.03588458,-0.007193407,0.6953204
745,0.03398469,-0.008266862,0.6893876
746,0.03442489,-0.005516112,0.689898
747,0.03248638,-0.003365252,0.686404
748,0.03222283,-0.006670419,0.6855487
749,0.06174362,0.03172118,0.7044808
750,0.06108061,0.02417368,0.7065194
751,0.06332515,0.0246552,0.7074689
752,0.0635963,0.03112312,0.7053776
753,0.07038765,0.02639233,0.7126186
754,0.06916794,0.02503692,0.7117627
755,0.07645646,0.03399049,0.7123789
756,0.0782612,0.03200327,0.715885
757,0.08334318,0.0337098,0.7202922
758,0.08157324,0.03686949,0.7156191
759,0.03079947,-0.03002096,0.6917202
760,0.02703427,-0.02815263,0.6901035
761,0.02571636,-0.03332069,0.6897473
762,0.02884679,-0.03452919,0.6913069
763,0.03580004,-0.01157631,0.6963085
764,0.035763,-0.01343207,0.698638
765,0.02734968,0.003975309,0.681673
766,0.02444726,0.005979449,0.6790788
767,0.02371588,0.002164856,0.6764588
768,0.02699973,0.0005362779,0.6793355
769,0.02219886,0.01697423,0.6836501
770,0.02519825,0.01519739,0.6854246
771,0.02948306,0.03430568,0.6979135
772,0.03261467,0.02783983,0.7019914
773,0.03293629,0.03513405,0.7021809
774,0.03146096,0.03967012,0.6968242
775,0.04658453,0.02625694,0.7055447
776,0.04640564,0.0340874,0.7047852
777,0.04405704,0.03322954,0.7059025
778,0.04429357,0.02787232,0.7062482
779,0.07216411,0.03259648,0.709079
780,0.07386511,0.03133854,0.7118968
781,0.07951868,0.03973399,0.7108595
782,0.07339372,0.03591955,0.7083075
783,0.03321461,-0.01449929,0.6960686
784,0.03126538,-0.01389198,0.6948355
785,0.02945816,-0.01524809,0.693948
786,0.03368024,-0.01751826,0.6972246
787,0.03152012,-0.0127025,0.6917273
788,0.03157806,-0.01164184,0.6897276
789,0.02976639,-0.01004591,0.6861565
790,0.02317039,-0.002660144,0.6753293
791,0.02663723,-0.003768243,0.6783196
792,0.02867347,0.0416665,0.6937312
793,0.02741461,0.03543153,0.6954323
794,0.06983966,0.03344728,0.7063949
795,0.01960005,-0.02587654,0.6880543
796,0.02346673,-0.02648737,0.6888796
797,0.02302746,-0.02045975,0.6897081
798,0.01882106,-0.02011232,0.6886655
799,0.02205316,-0.006439514,0.6756858
800,0.02543202,-0.006809622,0.6783732
801,0.02097744,0.007506266,0.6774171
802,0.01999546,0.003239457,0.6748814
803,0.03847358,0.0440149,0.6934773
804,0.03557332,0.04959502,0.6910799
805,0.06674086,0.03179167,0.7054995
806,0.06872722,0.03120084,0.7073015
807,0.06973004,0.03768459,0.7043289
808,0.06667915,0.03457395,0.7036528
809,0.02131232,-0.03534803,0.689675
810,0.01981901,-0.04062489,0.6931781
811,0.02277953,-0.04065401,0.6946555
812,0.02405992,-0.03602381,0.6910985
813,0.02005247,-0.0312626,0.6877443
814,0.02298208,-0.03222018,0.688625
815,0.02335475,-0.008882031,0.6787168
816,0.02086999,-0.01058239,0.6803437
817,0.01944746,-0.002068155,0.6736978
818,0.02609312,0.04150462,0.6919864
819,0.025014,0.03587445,0.6936035
820,0.03920838,0.03859988,0.6997941
821,0.06420933,0.03264323,0.7037594
822,0.01878547,-0.006084144,0.6743336
823,0.03076012,0.05060942,0.6906875
824,0.04278028,0.03929169,0.6990936
825,0.04341483,0.04526895,0.693738
826,0.04116581,0.03539518,0.7038523
827,0.04392323,0.0367448,0.702214
828,0.07402591,0.04288065,0.7045113
829,0.01800301,-0.0353882,0.6885689
830,0.01967442,-0.01321864,0.6862924
831,0.02065064,-0.01244673,0.6860793
832,0.0200462,-0.01159174,0.6827657
833,0.01888277,-0.01213287,0.6825454
834,0.01954306,-0.01105009,0.6795785
835,0.02077026,-0.009266442,0.6772395
836,0.01780982,-0.009255497,0.6760127
837,0.01715518,-0.01148634,0.6788335
838,0.04204694,0.05150197,0.6911695
839,0.0484414,0.04621316,0.6946838
840,0.04710027,0.04044785,0.6984541
841,0.04265741,0.03496303,0.7046369
842,0.04526989,0.03568917,0.7032813
843,0.04163311,0.03155748,0.7077928
844,0.04103635,0.03029075,0.7072285
845,0.04246088,0.02962539,0.707199
846,0.04236718,0.0323598,0.7070583
847,0.06464796,0.03999194,0.7011418
848,0.06778211,0.0451391,0.7000836
849,0.0627945,0.04827949,0.6972373
850,0.05896384,0.04158446,0.6989145
851,0.01815699,-0.01605733,0.687562
852,0.0172937,-0.0136568,0.6858079
853,0.01642488,-0.04044137,0.6921183
854,0.02212329,-0.01595469,0.6885247
855,0.02293913,-0.01376115,0.6887064
856,0.0263509,-0.01506606,0.6916103
857,0.01679843,-0.01261884,0.682098
858,0.04798248,0.05303148,0.6922927
859,0.04753958,0.03789854,0.7005881
860,0.03625765,0.03252197,0.706292
861,0.03903082,0.03160858,0.7068714
862,0.06453931,0.03152724,0.7049365
863,0.06257398,0.03208196,0.7037488
864,0.06241843,0.03606411,0.7012572
865,0.06038776,0.03393713,0.7019162
866,0.05553782,0.04747956,0.6950973
867,0.05261328,0.04144797,0.6982417
868,0.05169844,0.03813728,0.6997839
869,0.04821444,0.03605344,0.7019378
870,0.04347816,0.03391165,0.7050368
871,0.04587279,0.03488927,0.7037167
872,0.05668519,0.03737506,0.6998428
873,0.05575275,0.03514124,0.7007712
874,0.05151453,0.03603426,0.700873
875,0.04867228,0.03542763,0.7024916
876,0.05874291,0.03289956,0.7033305
877,0.05901621,0.03347372,0.7022795
878,0.08449389,0.0875471,0.723259
879,0.07662973,0.09420243,0.7158362
880,0.07235266,0.08453772,0.708205
881,0.08056401,0.07891818,0.7160453
882,0.05176965,0.03540868,0.7015381
883,0.05530214,0.03483777,0.7014157
884,0.068542,0.09949121,0.7106762
885,0.06433383,0.08834124,0.7025603
886,0.0609837,0.1035263,0.7069205
887,0.04950089,0.09289481,0.696029
888,0.05679966,0.09055315,0.6986457
889,0.05335155,0.1067047,0.7043701
890,0.04554945,0.1089511,0.7026331
891,0.03750514,0.1103927,0.7015104
892,0.03482773,0.09535676,0.6935957
893,0.04228434,0.09416847,0.6942961
894,0.03963855,0.07891854,0.6910071
895,0.0379112,0.06361556,0.6889876
896,0.0450745,0.06391983,0.6897971
897,0.04650278,0.07796504,0.6919797
898,0.05165707,0.06426617,0.6924304
899,0.05340159,0.07718507,0.6938481
900,0.06032322,0.07622603,0.6971975
901,0.05849185,0.06395009,0.6955111
902,0.0650624,0.06288251,0.6987711
903,0.06801791,0.07369173,0.7019467
904,0.07297543,0.05935388,0.7037859
905,0.07684284,0.06912692,0.7091117
906,0.08396668,0.06495509,0.7170681
907,0.08072867,0.05590429,0.7121999
908,0.08616272,0.0525168,0.7198431
909,0.08918405,0.05936865,0.7245314
910,0.03848843,-0.06386489,0.7110991
911,0.03327625,-0.01064908,0.6894034
912,0.03142306,-0.008892506,0.6854562
913,0.0336286,-0.0122942,0.6928769
914,0.03184319,0.02379329,0.6989074
915,0.02974172,0.001478601,0.6847448
916,0.02933909,-0.001157742,0.6822733
917,0.03264987,-0.001420457,0.6883085
918,0.02925226,-0.004940324,0.6814467
919,0.02867245,-0.00736998,0.6817587
920,0.02740065,-0.008792814,0.6826292
921,0.06109694,-0.003993962,0.7046225
922,0.05356569,-0.0008709133,0.7022275
923,0.05940807,0.002391085,0.7051923
924,0.05855604,0.009004802,0.7065597
925,0.05848954,0.02397679,0.7056989
926,0.06299467,0.02005935,0.708006
927,0.0599407,0.01941678,0.7067872
928,0.06164153,0.01381474,0.7083009
929,0.07698637,-0.03668639,0.7290875
930,0.07045111,-0.0381937,0.7220126
931,0.08202368,-0.03438031,0.7378231
932,0.08312329,-0.02624205,0.7332309
933,0.07759955,-0.02830174,0.7246219
934,0.08834767,0.007312499,0.7299616
935,0.08547729,0.001542717,0.7258735
936,0.07109309,-0.03009817,0.7171778
937,0.05729486,-0.07241759,0.7387638
938,0.06808579,-0.005225115,0.7085921
939,0.08054305,-0.002449423,0.7194711
940,0.07449785,-0.00501732,0.7135123
941,0.04680261,0.003095366,0.7011862
942,0.03240808,0.0008735992,0.6902414
943,0.02986135,0.004232675,0.6868653
944,0.02146113,0.01093248,0.679782
945,0.02470351,0.009264432,0.6814431
946,0.06559451,0.0213257,0.7093345
947,0.07171804,0.01865029,0.7143595
948,0.06780663,0.02320321,0.7107399
949,0.07637006,0.01400316,0.7169489
950,0.06584632,0.001495387,0.7075916
951,0.0884428,0.03682854,0.7266595
952,0.08581368,0.04136001,0.7206192
953,0.08258697,0.04527543,0.7141577
954,0.07686184,0.04870658,0.7064191
955,0.06966078,0.05166503,0.7002575
956,0.06297194,0.05365361,0.6968522
957,0.0556374,0.05383334,0.6943272
958,0.03274659,0.07985938,0.6905046
959,0.03101493,0.06371193,0.6890548
960,0.03663741,-0.0280768,0.6955325
961,0.03417127,-0.03292128,0.6940706
962,0.02741659,0.007108644,0.6838629
963,0.03099314,-0.03839327,0.6950551
964,0.03228137,-0.03658132,0.6943406
965,0.02774877,-0.0370677,0.6925915
966,0.0291444,-0.04167929,0.6980941
967,0.02612953,-0.04089453,0.6962501
968,0.03617698,0.02828589,0.7060339
969,0.03846497,0.02497487,0.7055043
970,0.04071339,0.02706248,0.7064322
971,0.03907342,0.02905543,0.707169
972,0.02877685,0.02797592,0.6961106
973,0.04157995,0.01114784,0.7019297
974,0.04135671,0.007221017,0.7004321
975,0.04101114,0.03156617,0.7069539
976,0.09639812,0.0005280972,0.7606328
977,0.09811825,0.008940116,0.760151
978,0.09645178,0.009604167,0.7498801
979,0.03947219,-0.00400582,0.6989261
980,0.02756753,-0.01806831,0.6926697
981,0.0220842,-0.01088291,0.6839614
982,0.02527568,-0.01078754,0.6871984
983,0.06790902,0.02766061,0.7099304
984,0.06666568,0.02668273,0.7091435
985,0.06642377,0.03098544,0.7065506
986,0.06509267,0.0255226,0.7082616
987,0.0654383,0.03046528,0.7067924
988,0.09057839,0.08015289,0.7308977
989,0.08706155,0.07293475,0.7231617
990,0.06768638,0.0304018,0.7081876
991,0.06993362,0.03029674,0.709204
992,0.06674453,0.02991843,0.708319
993,0.02022502,-0.08856152,0.7298632
994,0.02056958,-0.08964659,0.7389027
995,0.02742495,-0.08782469,0.731395
996,0.03503545,-0.08554332,0.7329013
997,0.04271571,-0.08187824,0.7352065
998,0.03621764,-0.08620775,0.7414646
999,0.04404927,-0.08218392,0.7430251
1000,0.03225536,-0.02424182,0.6938049
1001,0.02811392,-0.08874607,0.7401986
1002,0.06394558,0.008745752,0.7082287
1003,0.0686659,-0.06446547,0.7549252
1004,0.08619085,-0.03155872,0.7462935
1005,0.08118652,0.007684417,0.7197825
1006,0.07527991,0.02810974,0.7164223
1007,0.07479037,0.0298072,0.7144166
1008,0.07100073,0.02868632,0.7122856
1009,0.07069576,0.0296401,0.7109928
1010,0.06848285,0.0290448,0.7102132
1011,0.06850082,0.02964929,0.7096823
1012,0.06744103,0.02948311,0.7095826
1013,0.08901805,-0.02945042,0.7583916
1014,0.08975466,0.01289817,0.7324222
1015,0.07095873,0.02766335,0.7127641
1016,0.06837021,0.02838142,0.7101365
1017,0.07523082,0.02627408,0.7177158
1018,0.08018015,0.02378302,0.7223492
1019,0.08558387,0.02085314,0.7270138
1020,0.02728691,-0.02224814,0.6917738
1021,0.03532864,-0.007837731,0.692817
1022,0.0350363,-0.01047473,0.6934351
1023,0.09366743,0.01084302,0.7404433
1024,0.09159932,-0.02156434,0.7601621
1025,0.08923266,-0.02938548,0.7685304
1026,0.09258967,0.06581274,0.7307568
1027,0.09590448,0.07259749,0.7388336
1028,0.099034,0.008269485,0.7713621
1029,0.09722998,-0.0007225312,0.7724949
1030,0.0918289,-0.02079139,0.7714328
1031,0.07008389,-0.06312711,0.7643226
1032,0.0207114,-0.0905511,0.746278
1033,0.02875663,-0.08912572,0.7477357
1034,0.03675519,-0.08644319,0.749455
1035,0.04450046,-0.08236695,0.7509007
1036,0.03700003,-0.08715597,0.7562981
1037,0.04539461,-0.08236025,0.7585492
1038,0.02889496,-0.09017444,0.7544693
1039,0.02074469,-0.09176748,0.7529734
1040,0.05318753,-0.07694004,0.7522631
1041,0.0520155,-0.07735004,0.744377
1042,0.06259896,-0.07022619,0.7627825
1043,0.05423989,-0.07666193,0.7608274
1044,0.04787392,-0.07627882,0.7305801
1045,0.05045139,-0.07747112,0.7374467
1046,0.05947921,-0.07208794,0.7456698
1047,0.06124216,-0.07108413,0.7536368
1048,0.08991963,0.04727243,0.7268396
1049,0.08996854,0.03120355,0.7311585
1050,0.0932755,0.05242455,0.7322146
1051,0.09246625,0.04125221,0.7332256
1052,0.0942115,0.03362744,0.7388034
1053,0.09712737,0.03577586,0.7450473
1054,0.09594449,0.04489851,0.7395285
1055,0.09712706,0.05771388,0.739071
1056,0.09947506,0.04836067,0.7467484
1057,0.1001831,0.03797096,0.752698
1058,0.1003641,0.06350444,0.7483775
1059,0.1029262,0.05160343,0.7559716
1060,0.1030631,0.03961117,0.7626154
1061,0.09951811,0.01785884,0.758769
1062,0.09760725,0.01786995,0.7494826
1063,0.09481565,0.01804369,0.7412025
1064,0.1005562,0.01778364,0.7689678
1065,0.1017919,0.02810954,0.7663277
1066,0.1007067,0.02732766,0.7566312
1067,0.09102864,0.02460567,0.7340068
1068,0.09057752,0.01884703,0.7335371
1069,0.09522372,0.02550525,0.7413664
1070,0.09808954,0.02649229,0.7483468
1071,0.06779496,0.02900203,0.7102454
1072,0.01326589,-0.04019964,0.6917438
1073,-0.05165511,-0.01392817,0.7556755
1074,0.08851483,-0.02766236,0.7517403
1075,0.0007971246,0.03791532,0.7081012
1076,0.002331433,0.03873507,0.7074444
1077,0.004193038,0.03838704,0.7067735
1078,0.007056149,0.03973633,0.7034057
1079,0.007804094,0.04652328,0.6954849
1080,0.01111205,0.0486934,0.6934579
1081,0.01481135,0.04789414,0.6917006
1082,0.02187915,0.04718296,0.6898865
1083,0.02888997,0.04617394,0.6910692
1084,0.03225678,0.04600286,0.6928579
1085,0.03497955,0.04330154,0.6948764
1086,0.03558696,0.03676832,0.7020913
1087,0.03849197,0.03417996,0.7053521
1088,0.04051779,0.03393614,0.7057052
1089,0.04182813,0.0328398,0.7062342
1090,0.05221586,0.02677663,0.7057394
1091,0.04941469,0.02742481,0.7059893
1092,0.05516054,0.0258746,0.7057402
1093,0.06270907,0.02574527,0.7076249
1094,0.06062382,0.02561591,0.7068207
1095,0.04465179,0.02868832,0.707195
1096,0.04695437,0.02786939,0.7064748
1097,0.0427198,0.0301553,0.7077492
1098,0.04180122,0.03079359,0.7079545
1099,0.05809754,0.02561079,0.7061112
1100,0.06452117,0.02633455,0.7083505
1101,0.06622282,0.0271929,0.7093297
1102,0.06732707,0.02809288,0.7100623
1103,-0.007904608,0.0341464,0.7086779
1104,-0.01080068,0.03413524,0.7087206
1105,-0.01382273,0.03388298,0.7090375
1106,-0.01902468,0.03478397,0.7106262
1107,-0.02093926,0.03535338,0.7115774
1108,-0.005338291,0.03395063,0.7089158
1109,-0.002818175,0.03421734,0.7094027
1110,0.0005900618,0.03566331,0.7098536
1111,-0.00051287,0.03521015,0.7097359
1112,-0.01666134,0.0342814,0.7096945
1113,-0.0225057,0.03627545,0.712474
1114,-0.02387062,0.03741152,0.7135409
1115,-0.02466809,0.03851334,0.7143028
1116,-0.02484685,0.03956326,0.714434
1117,0.06781346,0.02866905,0.7102943
1118,0.002171895,-0.009970803,0.6919863
1119,0.02875503,-0.01263714,0.6906288
1120,-0.009070823,-0.03951912,0.7074522
1121,-0.00900176,-0.04035341,0.707324
1122,-0.006076282,-0.03896483,0.7060971
1123,-0.005352519,-0.04053107,0.705154
1124,-0.003190558,-0.03892926,0.7036284
1125,-0.002773585,-0.0402841,0.7030003
1126,0.008085378,-0.03846332,0.697458
1127,0.008518459,-0.04031386,0.6964545
1128,0.006045528,-0.03990174,0.6975872
1129,0.00574097,-0.03818594,0.6985384
1130,0.0110803,-0.0391087,0.6967415
1131,0.01165692,-0.04093952,0.6956136
1132,0.01364807,-0.03956734,0.6966835
1133,0.01430913,-0.0413662,0.6955078
1134,0.000375675,-0.03996938,0.7009091
1135,-0.0003148746,-0.03846528,0.701837
1136,0.002651345,-0.03819774,0.7003333
1137,0.00338773,-0.03961367,0.6993595
1138,-0.009409485,-0.03974142,0.7069895
1139,0.03969263,-0.04428989,0.7065808
1140,0.03620502,-0.04422789,0.7047676
1141,0.036402,-0.04252315,0.7055717
1142,0.03969375,-0.04341451,0.7065801
1143,0.03323855,-0.04358193,0.7032279
1144,0.03330732,-0.0421687,0.7036445
1145,0.01964914,-0.03990022,0.6979829
1146,0.02278951,-0.04015525,0.6992136
1147,0.02326316,-0.04196425,0.6984502
1148,0.02047892,-0.04180334,0.6971619
1149,0.01707461,-0.04166649,0.696089
1150,0.01638372,-0.03979812,0.6971273
1151,0.0297024,-0.04291556,0.7013181
1152,0.02648106,-0.04216956,0.7001238
1153,0.02618668,-0.04078009,0.7007253
1154,0.02926301,-0.04143945,0.7017847
1155,0.04005101,-0.04377915,0.7061187
1156,0.05146641,-0.02849755,0.700865
1157,0.04752254,-0.02083705,0.6989252
1158,0.04285404,-0.0135039,0.6986824
1159,0.0382093,-0.006679187,0.6988291
1160,0.03529035,-0.001383286,0.6955566
1161,0.03238948,0.003340937,0.69203
1162,0.02984602,0.007012699,0.6886863
1163,0.02749042,0.01013912,0.6858909
1164,0.02492054,0.01247063,0.6835777
1165,0.02188421,0.01421455,0.681975
1166,0.01793321,0.01538073,0.681529
1167,0.01379022,0.01496983,0.6825042
1168,0.01056022,0.01385715,0.6844336
1169,0.007682749,0.01202774,0.687067
1170,0.004843739,0.009331182,0.6902451
1171,0.001729816,0.006019756,0.6939902
1172,-0.001702784,0.001795843,0.697789
1173,-0.005035127,-0.003086872,0.7013016
1174,-0.0105912,-0.008871503,0.7015612
1175,-0.01609594,-0.01533262,0.7021531
1176,-0.02057769,-0.02179338,0.7045306
1177,-0.02472829,-0.03515133,0.7115104
1178,-0.02488384,-0.04116898,0.7144016
1179,-0.02411687,-0.04669099,0.7164707
1180,-0.01908517,-0.05631441,0.7172503
1181,-0.01547041,-0.06102286,0.716185
1182,-0.01189929,-0.06628021,0.7148267
1183,-0.007555896,-0.07187518,0.7126505
1184,-0.002160314,-0.07536777,0.7099993
1185,0.003640308,-0.07731245,0.7081488
1186,0.008922974,-0.07823764,0.7071605
1187,0.01384469,-0.07888652,0.7069783
1188,0.01895501,-0.07946168,0.7077243
1189,0.02440814,-0.07956098,0.7089559
1190,0.03045267,-0.07875021,0.7110179
1191,0.03650808,-0.07614609,0.7136922
1192,0.04211368,-0.07116027,0.7161037
1193,0.04677614,-0.06604397,0.717592
1194,0.05051059,-0.06169747,0.7180726
1195,0.05577543,-0.05367457,0.7162739
1196,0.05673449,-0.04827847,0.7134526
1197,0.05645562,-0.04242557,0.7092127
1198,0.06187246,-0.02091297,0.7049739
1199,0.05303646,-0.01305672,0.7002309
1200,0.04611547,-0.006422104,0.6992511
1201,0.04042586,-0.0006593391,0.6989241
1202,0.03626154,0.0043438,0.69708
1203,0.03309831,0.00900241,0.6943332
1204,0.03040157,0.01291219,0.691862
1205,0.02798074,0.01590019,0.6894286
1206,0.02557806,0.01825054,0.687244
1207,0.02262973,0.01987953,0.6855227
1208,0.01871415,0.02093445,0.685069
1209,-0.02850138,-0.01228354,0.7083768
1210,-0.01959405,-0.006694032,0.7034559
1211,-0.01206942,-0.001329631,0.7021413
1212,-0.005779456,0.003390118,0.7013862
1213,-0.001210144,0.007545464,0.6993191
1214,0.002502858,0.01161043,0.6963242
1215,0.005835082,0.01504337,0.6934274
1216,0.008747868,0.01769398,0.6906167
1217,0.01148225,0.01960389,0.6881079
1218,0.01467525,0.02061212,0.6860105
1219,-0.03154463,-0.02231446,0.714067
1220,-0.03183027,-0.03096107,0.718377
1221,-0.03203232,-0.03876278,0.7216351
1222,-0.03103397,-0.04595243,0.7241194
1223,-0.02496526,-0.05767171,0.7256513
1224,-0.02083824,-0.06349564,0.7246774
1225,-0.01651303,-0.06929237,0.7231047
1226,-0.01122585,-0.07516838,0.720833
1227,-0.005217861,-0.07963814,0.7185692
1228,0.001281338,-0.08275168,0.7170022
1229,0.007553354,-0.08427029,0.7159961
1230,0.01321076,-0.0849329,0.7158214
1231,0.01893227,-0.08533299,0.7161971
1232,0.02546928,-0.08498712,0.7175046
1233,0.0324499,-0.08318414,0.7192016
1234,0.03922544,-0.07982725,0.7214811
1235,0.04567569,-0.07514194,0.7239062
1236,0.05104979,-0.07010187,0.725547
1237,0.05590367,-0.06478054,0.726342
1238,0.0629903,-0.05427991,0.7239785
1239,0.06433831,-0.04763034,0.7204741
1240,0.06457287,-0.04025829,0.7158356
1241,0.06388864,-0.03201356,0.7101114
1242,0.07673258,-0.01246099,0.7170215
1243,0.08303603,-0.01003681,0.724982
1244,0.09523588,-0.00771709,0.7720053
1245,0.09453791,-0.007041544,0.7603655
1246,0.0892741,-0.005680665,0.7350151
1247,0.09285764,-0.00664708,0.7484637
1248,0.07002211,-0.01344596,0.7101236
1249,-0.04541405,0.003407661,0.7294358
1250,-0.04047772,-0.0002335049,0.7210109
1251,-0.0529494,0.00851348,0.7549425
1252,-0.05019057,0.008804243,0.7407438
1253,-0.05382522,0.008427523,0.7671718
1254,-0.05359523,0.008087326,0.7787411
1255,-0.03476568,-0.002733503,0.7134988
1256,0.06228011,-0.01164499,0.7043305
1257,-0.02745601,-0.002827149,0.7076246
1258,0.0467333,-0.001818758,0.699976
1259,0.0410023,0.003046989,0.6992791
1260,0.05404131,-0.006897856,0.7010065
1261,0.03354951,0.01201014,0.6954458
1262,0.03677154,0.007696014,0.6976663
1263,0.03079791,0.01577058,0.6934429
1264,0.02830754,0.01909391,0.6913
1265,0.02595211,0.02141061,0.6892697
1266,0.02294426,0.02313484,0.6875496
1267,0.01912737,0.02381041,0.6869838
1268,-0.005379068,0.007281262,0.7016437
1269,-0.01159135,0.003515869,0.7027675
1270,-0.0007446762,0.01104965,0.6997693
1271,-0.01924779,-0.0001078695,0.704181
1272,0.009298994,0.02086381,0.6924388
1273,0.006285405,0.01799397,0.6949606
1274,0.01204385,0.02277783,0.6900808
1275,0.01526172,0.02388208,0.68802
1276,0.002978995,0.01466576,0.6973318
1277,-0.04194692,-0.007161925,0.7245248
1278,-0.04621813,-0.004329981,0.7333631
1279,-0.03697897,-0.0100349,0.7158098
1280,-0.02046177,-0.03091533,0.7063099
1281,-0.02350025,-0.02859462,0.7077577
1282,-0.02728417,-0.02571857,0.7102866
1283,0.08373741,-0.01788645,0.729398
1284,0.07797843,-0.01959546,0.7205535
1285,0.08798999,-0.01583241,0.7388886
1286,0.07132942,-0.02091898,0.7127003
1287,0.04781894,-0.03740796,0.7031216
1288,0.05053748,-0.03663047,0.7034941
1289,0.05447344,-0.03606039,0.704091
1290,0.05884286,-0.03424763,0.7063613
1291,0.09349861,-0.01399338,0.7716911
1292,0.09292227,-0.01405546,0.7605079
1293,0.0912452,-0.0146885,0.7495635
1294,-0.04983088,-0.001633298,0.7438088
1295,-0.05258732,-2.980232E-08,0.7552619
1296,-0.05355028,0.0007960647,0.766641
1297,-0.053225,0.001294933,0.7780135
1298,-0.0176948,-0.03316412,0.7056094
1299,0.04290633,-0.04015922,0.7019933
1300,0.0452026,-0.03877354,0.7023279
1301,0.03945847,-0.04217923,0.7025392
1302,0.04095579,-0.04115613,0.7021357
1303,-0.01157339,-0.03765608,0.7032705
1304,-0.01004026,-0.03858235,0.703429
1305,-0.01356336,-0.03665119,0.7034595
1306,-0.01562266,-0.03501867,0.7044679
1307,-0.0431685,-0.04389587,0.7670344
1308,-0.0418334,-0.04606073,0.7561578
1309,-0.03972486,-0.04853031,0.7465168
1310,-0.03692832,-0.05024597,0.7387672
1311,-0.03296701,-0.051392,0.7317238
1312,-0.02859907,-0.05209598,0.7255238
1313,-0.02550576,-0.05228503,0.7209628
1314,-0.02206178,-0.05157185,0.7174479
1315,-0.01856208,-0.05039674,0.7146219
1316,-0.01612241,-0.048866,0.7127685
1317,-0.01422307,-0.04727781,0.7107011
1318,-0.01219938,-0.04509199,0.7084845
1319,-0.01004695,-0.04275685,0.7065812
1320,-0.008656858,-0.04134843,0.7056189
1321,-0.007392822,-0.03990871,0.7049946
1322,-0.007097153,-0.0391984,0.7054801
1323,-0.007381305,-0.04057004,0.7067907
1324,-0.007914227,-0.03924455,0.7072172
1325,-0.008215779,-0.03962442,0.7051137
1326,-0.008985355,-0.03930325,0.7040781
1327,0.07634075,-0.05534161,0.7652708
1328,0.07470203,-0.05694701,0.75566
1329,0.07234493,-0.0589954,0.7468545
1330,0.06926318,-0.06020292,0.7393486
1331,0.06469996,-0.06012715,0.7324322
1332,0.06032089,-0.05986654,0.7261292
1333,0.0567553,-0.05909495,0.7214818
1334,0.05350418,-0.05792086,0.7178593
1335,0.05052169,-0.0561802,0.7151203
1336,0.04796714,-0.05427986,0.7141599
1337,0.04636738,-0.05238411,0.7123433
1338,0.04424895,-0.04959848,0.7095586
1339,0.04185334,-0.04715551,0.707439
1340,0.04017797,-0.04545446,0.7060572
1341,0.03897906,-0.04384785,0.7050379
1342,0.03843268,-0.0430021,0.7052253
1343,0.03835212,-0.04438591,0.7061862
1344,0.03842832,-0.04302286,0.7064789
1345,0.03815831,-0.04327431,0.7043597
1346,0.0386264,-0.04290786,0.7033111
