0,-0.05377245,-0.03551345,0.7455388
1,-0.0529447,-0.03434118,0.7386296
2,-0.05086718,-0.03156137,0.7222694
3,-0.04952147,-0.02781234,0.7118111
4,-0.0485364,-0.01863577,0.7041951
5,-0.04840928,-0.009991311,0.7025735
6,-0.048348,-0.005534831,0.7026253
7,-0.04727149,0.002041109,0.6970242
8,-0.04658564,0.003646918,0.6931884
9,-0.04615941,0.00986577,0.6916029
10,-0.04590122,0.01408281,0.6918782
11,-0.04437835,0.09009074,0.6950963
12,-0.04318574,0.07642214,0.6861754
13,-0.04228972,0.06698477,0.6795736
14,-0.04413825,0.04219657,0.6889511
15,-0.04437164,0.03240288,0.688711
16,-0.04438473,0.101639,0.6954716
17,-0.04187673,0.05300799,0.6760086
18,-0.0417743,0.05727185,0.6755645
19,-0.04425298,0.02692319,0.6871957
20,-0.04301093,0.04568992,0.6833316
21,-0.04215215,0.04963006,0.6775351
22,-0.04438809,0.0231127,0.6872026
23,-0.04370113,0.04439724,0.6871137
24,-0.0445794,0.0951789,0.6966004
25,-0.04265829,0.07076299,0.682235
26,-0.04192982,0.06220196,0.6769159
27,-0.04420105,0.1114141,0.6948495
28,-0.04409875,0.1399175,0.6958746
29,-0.04558328,0.1697771,0.7075691
30,-0.04453463,0.1552663,0.6996118
31,-0.04253034,0.04717387,0.6801816
32,-0.04429167,0.03825166,0.6892477
33,-0.04781974,-0.00133903,0.7001573
34,-0.05180796,-0.03319426,0.7296771
35,-0.04399686,0.08557948,0.692255
36,-0.1318797,0.06337112,0.766698
37,-0.1285805,0.0423759,0.7647213
38,-0.1009,-0.01129043,0.7478073
39,-0.0914352,-0.01858174,0.7394736
40,-0.09345529,-0.01789534,0.7473216
41,-0.1033383,-0.01031236,0.7569485
42,-0.07900508,-0.01572081,0.7154486
43,-0.08525092,-0.0180434,0.7259881
44,-0.1076192,-0.004015338,0.7482079
45,-0.0727547,-0.00981953,0.7091016
46,-0.08734786,-0.005458811,0.7157799
47,-0.09600452,-0.006649991,0.7264491
48,-0.1101135,-0.002514433,0.7577655
49,-0.08011362,-0.001628015,0.7102098
50,-0.1026956,0.006244156,0.7226397
51,-0.09243467,0.004812482,0.7129616
52,-0.1175851,0.01286293,0.7474531
53,-0.08624311,0.03445457,0.6978576
54,-0.07881382,0.02887697,0.6970345
55,-0.08381218,0.01570176,0.70268
56,-0.09224741,0.01833188,0.7063828
57,-0.1202971,0.0146552,0.7580388
58,-0.07034766,-0.006109701,0.7073927
59,-0.08422574,0.006019281,0.7084256
60,-0.06865319,-0.002792848,0.7050833
61,-0.07724041,0.0008514766,0.708778
62,-0.0645958,0.007534405,0.6974244
63,-0.07542197,0.003201099,0.7065784
64,-0.1231581,0.06782294,0.7334887
65,-0.1266621,0.03336078,0.7614345
66,-0.07024596,0.009970685,0.7020963
67,-0.07846422,0.008136715,0.707212
68,-0.08097257,0.007104125,0.7082498
69,-0.08060953,0.01471908,0.702822
70,-0.06290446,0.01024888,0.6959678
71,-0.07333051,0.01097151,0.7041326
72,-0.07797047,0.01410641,0.7019135
73,-0.07422903,0.07333431,0.7044951
74,-0.0739349,0.0684815,0.7021436
75,-0.06129857,0.01267847,0.6957965
76,-0.06864177,0.01181961,0.7012092
77,-0.07310594,0.01384946,0.7013982
78,-0.07407112,0.0245365,0.6969048
79,-0.07635874,0.0269945,0.6973336
80,-0.06029749,0.01452282,0.6966738
81,-0.06741424,0.01345267,0.7007025
82,-0.07177758,0.01220801,0.703517
83,-0.06980802,0.01944948,0.6969316
84,-0.07171735,0.0304024,0.6950547
85,-0.06452306,0.07117407,0.700073
86,-0.06408267,0.06051015,0.6968943
87,-0.09416083,0.06422281,0.704446
88,-0.1009358,0.0746991,0.7106785
89,-0.06674834,0.0142643,0.7010119
90,-0.07062595,0.0132813,0.7034632
91,-0.0716928,0.01383847,0.7019783
92,-0.06946304,0.02674688,0.6944269
93,-0.06615804,0.0507655,0.6974512
94,-0.06568868,0.07890608,0.704889
95,-0.06474004,0.07486808,0.7020217
96,-0.07492059,0.07726561,0.7056104
97,-0.07047748,0.01372804,0.7035091
98,-0.07088564,0.01385434,0.7027051
99,-0.06823256,0.01756341,0.6977729
100,-0.09271738,0.07716301,0.7080743
101,-0.09606393,0.07916875,0.7099273
102,-0.117274,0.09580933,0.7280983
103,-0.0704765,0.0139447,0.703352
104,-0.06744502,0.0163628,0.6987643
105,-0.06740837,0.02278844,0.6944391
106,-0.05104068,0.08391739,0.6937517
107,-0.05067144,0.07421371,0.6876613
108,-0.05676165,0.06907669,0.6917728
109,-0.06237518,0.08258174,0.7049928
110,-0.06120577,0.07878357,0.7017374
111,-0.07085188,0.07873586,0.7061145
112,-0.07520935,0.08222629,0.7054615
113,-0.07506455,0.08668755,0.7054634
114,-0.113432,0.08051023,0.722396
115,-0.1074986,0.08429801,0.7189204
116,-0.06666359,0.015209,0.7003855
117,-0.06274936,0.02253601,0.6919504
118,-0.06321246,0.05500846,0.6923068
119,-0.05097511,0.08890589,0.6965317
120,-0.04813662,0.08967096,0.6952613
121,-0.07353742,0.09477532,0.7048621
122,-0.08934611,0.08274217,0.7067978
123,-0.08692294,0.08667986,0.7057317
124,-0.1060306,0.09362641,0.7169594
125,-0.1109331,0.1058864,0.7185903
126,-0.1241035,0.07544976,0.7358259
127,-0.13056,0.07353021,0.7549316
128,-0.1286016,0.1031109,0.7488834
129,-0.1244752,0.0828497,0.7368648
130,-0.0616234,0.02049077,0.6928054
131,-0.05662038,0.04091403,0.6919218
132,-0.06483763,0.05201579,0.6952186
133,-0.06269613,0.05407108,0.690154
134,-0.06037209,0.05814105,0.6889656
135,-0.06193653,0.08775379,0.7078209
136,-0.07187897,0.08312865,0.7062051
137,-0.08662873,0.09379762,0.7041957
138,-0.100875,0.09322958,0.7128918
139,-0.1017298,0.09775582,0.7108912
140,-0.1067844,0.1010849,0.713861
141,-0.1322001,0.1047073,0.7585541
142,-0.1251443,0.1007569,0.7414191
143,-0.05976851,0.01684731,0.6958011
144,-0.05274891,0.03243335,0.687941
145,-0.0650301,0.04753827,0.6957586
146,-0.06184109,0.04899443,0.6892233
147,-0.06016856,0.0563289,0.6869562
148,-0.05367214,0.06339426,0.6830177
149,-0.0503211,0.06527305,0.6809255
150,-0.04725943,0.07580073,0.6862577
151,-0.05812443,0.08689931,0.7040939
152,-0.05385518,0.09283233,0.7006104
153,-0.07116923,0.0944638,0.7060203
154,-0.1182475,0.1173708,0.7298806
155,-0.05288646,0.0267246,0.6872187
156,-0.06261706,0.04459688,0.6953547
157,-0.06048471,0.04660845,0.6914545
158,-0.06026404,0.04783652,0.6895996
159,-0.06009613,0.05310487,0.6858491
160,-0.05949114,0.05086904,0.6856504
161,-0.05491329,0.09927922,0.6995963
162,-0.05209946,0.1009707,0.6968426
163,-0.1038511,0.1039535,0.7094646
164,-0.0980294,0.09941973,0.707126
165,-0.05153237,0.023464,0.6882134
166,-0.04916851,0.03270558,0.6874478
167,-0.0470048,0.04230423,0.6879811
168,-0.05796408,0.04948801,0.6863523
169,-0.05351883,0.05581919,0.6793774
170,-0.04961804,0.05666976,0.6767935
171,-0.04890355,0.05290285,0.6769819
172,-0.05254756,0.05277933,0.6792444
173,-0.04646967,0.0664984,0.6796848
174,-0.09652279,0.09268051,0.7098192
175,-0.0974021,0.09567069,0.7079685
176,-0.1066082,0.1096162,0.712675
177,-0.1159509,0.130655,0.729139
178,-0.1126958,0.1240864,0.7229264
179,-0.05098586,0.01774693,0.6911677
180,-0.05072802,0.05040447,0.6796892
181,-0.04808019,0.04988726,0.6784306
182,-0.04697298,0.04653572,0.6834954
183,-0.04935214,0.1010619,0.6955142
184,-0.05772423,0.09373663,0.7046429
185,-0.06987868,0.08845302,0.7073082
186,-0.06895229,0.08467612,0.7069378
187,-0.0691047,0.09339036,0.7073297
188,-0.09066749,0.09282872,0.7061909
189,-0.0910911,0.09717026,0.7030944
190,-0.05147038,0.01478894,0.6925828
191,-0.0497919,0.02732371,0.6867676
192,-0.04566472,0.05699351,0.6756177
193,-0.04547766,0.05295076,0.6760176
194,-0.06660615,0.09940383,0.7013753
195,-0.065944,0.1057217,0.6959794
196,-0.06482069,0.08880441,0.7087491
197,-0.06662153,0.0902479,0.7087321
198,-0.09256387,0.08955851,0.708069
199,-0.0917811,0.09407419,0.704702
200,-0.09075341,0.1086622,0.7000375
201,-0.08819408,0.102476,0.7011522
202,-0.04850227,0.02326813,0.6875446
203,-0.0515486,0.04500964,0.6889848
204,-0.048098,0.04534154,0.6869733
205,-0.04896648,0.04625247,0.6867299
206,-0.04503817,0.04960725,0.6775638
207,-0.04491081,0.04586274,0.6832342
208,-0.06388187,0.1122296,0.693647
209,-0.06815533,0.0964119,0.7039627
210,-0.0671061,0.09144914,0.7093755
211,-0.0886455,0.0933243,0.7049531
212,-0.08882202,0.0944984,0.7031908
213,-0.08473617,0.1161834,0.697558
214,-0.119225,0.1375187,0.7371717
215,-0.04785398,0.01768255,0.690486
216,-0.04581963,0.04470066,0.6866408
217,-0.07106336,0.107247,0.6965712
218,-0.06961226,0.1141977,0.6943284
219,-0.0704606,0.1008164,0.7004226
220,-0.06451482,0.09122524,0.7085951
221,-0.08644107,0.09793735,0.7010882
222,-0.08464748,0.1107365,0.6983267
223,-0.08220366,0.1034317,0.6997647
224,-0.07735217,0.1156919,0.6956427
225,-0.04831441,0.01419835,0.6918795
226,-0.07579167,0.1026178,0.6996779
227,-0.07771348,0.1095554,0.697073
228,-0.07132895,0.09780495,0.7021065
229,-0.06968145,0.09565619,0.7049351
230,-0.07046101,0.09508054,0.7050912
231,-0.1011927,0.1428219,0.7162058
232,-0.1047753,0.1516248,0.7234427
233,-0.07541415,0.09847684,0.700901
234,-0.08469099,0.09522991,0.701822
235,-0.08051784,0.0985231,0.7002334
236,-0.07237333,0.09595601,0.703263
237,-0.07290414,0.09560049,0.7038037
238,-0.08344949,0.09460838,0.703404
239,-0.09168904,0.1477789,0.7094471
240,-0.07544819,0.09618777,0.7019511
241,-0.07639565,0.09531949,0.7037061
242,-0.07592911,0.09579054,0.7026711
243,-0.07979293,0.09579925,0.7012501
244,-0.07984858,0.09527683,0.7032309
245,-0.09553958,0.1576331,0.7171057
246,-0.08644977,0.1621744,0.7129714
247,-0.07815136,0.1654407,0.7101205
248,-0.06695881,0.1539781,0.6998151
249,-0.0746979,0.1523827,0.7016318
250,-0.07000288,0.1678113,0.7084363
251,-0.05836859,0.1393056,0.695066
252,-0.06536363,0.1389831,0.6953365
253,-0.07241769,0.1388565,0.6965145
254,-0.07968494,0.1385082,0.6991642
255,-0.0880482,0.1366498,0.7030571
256,-0.09800814,0.1328427,0.7091622
257,-0.05142981,0.09419049,0.6983716
258,-0.04891197,0.09480101,0.6969271
259,-0.06721349,0.08138834,0.7066177
260,-0.05754797,0.08302079,0.7009066
261,-0.0602504,0.06518781,0.6942247
262,-0.0632567,0.04163018,0.695999
263,-0.06094404,0.02932174,0.6893742
264,-0.05917928,0.02473157,0.6890913
265,-0.08429612,0.08628914,0.7051281
266,-0.08632006,0.08178356,0.7058545
267,-0.08874175,0.07623398,0.7067487
268,-0.09153755,0.0713553,0.7059667
269,-0.08747316,0.06443657,0.7028246
270,-0.05462327,0.02310243,0.6890285
271,-0.05388727,0.01796516,0.6924396
272,-0.05443096,0.01525116,0.6937171
273,-0.1111297,0.02535015,0.721636
274,-0.103877,0.02289269,0.7150431
275,-0.1214742,0.03138559,0.7387921
276,-0.1216171,0.03926799,0.7350432
277,-0.1033175,0.0318446,0.7105159
278,-0.1005499,0.08461469,0.7141452
279,-0.0941634,0.08617903,0.7092862
280,-0.1325783,0.07264204,0.7659357
281,-0.08278205,0.1508854,0.7047482
282,-0.05194925,0.1549428,0.6988961
283,-0.06012476,0.06021971,0.6910512
284,-0.0536168,0.06647976,0.6854138
285,-0.05041803,0.06841179,0.6833738
286,-0.0468585,0.06985003,0.6821807
287,-0.09223776,0.09254581,0.7075077
288,-0.09201042,0.08414632,0.7079699
289,-0.09894743,0.08191437,0.7122456
290,-0.1043182,0.07762973,0.7140031
291,-0.1124773,0.07587074,0.719704
292,-0.05348267,0.06012451,0.6805774
293,-0.04975992,0.0615304,0.6781697
294,-0.04577125,0.06224771,0.6770372
295,-0.05364299,0.16976,0.7072173
296,-0.06530287,0.04523683,0.6977219
297,-0.06388252,0.05556171,0.6943061
298,-0.06166228,0.09155415,0.7078525
299,-0.07411337,0.04908559,0.6964806
300,-0.07092616,0.04278871,0.6965593
301,-0.06984925,0.03997704,0.6957167
302,-0.0804561,0.06603692,0.7021765
303,-0.08001656,0.0718702,0.7045832
304,-0.07951271,0.07640611,0.7055663
305,-0.07887243,0.08179967,0.7051063
306,-0.05525246,0.04393383,0.691362
307,-0.06795935,0.03620597,0.6946121
308,-0.06644745,0.03116562,0.6929863
309,-0.06446034,0.02610841,0.6915536
310,-0.06570313,0.01996021,0.6952248
311,-0.06467608,0.01824159,0.6958743
312,-0.06339089,0.01609161,0.6981919
313,-0.06376439,0.01436453,0.6988109
314,-0.06448,0.08491065,0.7069026
315,-0.06652126,0.08715025,0.7077551
316,-0.06765417,0.09229167,0.7085863
317,-0.04804039,0.0471282,0.6837499
318,-0.05089679,0.04277383,0.6885813
319,-0.05509384,0.05073983,0.683171
320,-0.05865939,0.04377323,0.6934363
321,-0.04488073,0.04721369,0.6801459
322,-0.04724266,0.0478496,0.6806779
323,-0.04857795,0.04840503,0.6813203
324,-0.05009297,0.0480364,0.6846706
325,-0.08961778,0.09374698,0.7046571
326,-0.0873884,0.09402245,0.7035682
327,-0.08353046,0.09484865,0.7024922
328,-0.07955991,0.09556456,0.7021351
329,-0.06639825,0.09140083,0.7085592
330,-0.06803383,0.0898384,0.708517
331,-0.07219545,0.08714783,0.7062835
332,-0.077966,0.08646719,0.7049129
333,-0.08922993,0.08725061,0.7065146
334,-0.0947028,0.09623565,0.7055391
335,-0.1123576,0.1447074,0.7301342
336,-0.1089387,0.1373572,0.7223993
337,-0.1062186,0.1292851,0.7162259
338,-0.1000075,0.1125598,0.7056559
339,-0.09756284,0.1066487,0.7036437
340,-0.09343518,0.1009929,0.7035956
341,-0.09162074,0.09336385,0.7061078
342,-0.09404919,0.09372243,0.706401
343,-0.09101231,0.08828275,0.7072298
344,-0.05281674,0.1106156,0.6940551
345,-0.05847742,0.1101716,0.6941397
346,-0.06210764,0.1042087,0.6965472
347,-0.06345335,0.09821635,0.702238
348,-0.06599589,0.09502602,0.7056484
349,-0.0673953,0.0946833,0.7063358
350,-0.06839649,0.09385622,0.7065895
351,-0.07361406,0.03359826,0.6956842
352,-0.07539832,0.03586126,0.6959414
353,-0.08027685,0.04216209,0.6959419
354,-0.081909,0.06034616,0.7001585
355,-0.04853061,0.009939706,0.6912725
356,-0.04952785,0.003805894,0.6926076
357,-0.05033,0.002067305,0.6966041
358,-0.05203763,-0.005763549,0.7023025
359,-0.05198742,-0.01030418,0.7024002
360,-0.0530434,-0.01882736,0.7040858
361,-0.05493426,-0.02758335,0.7115073
362,-0.05746111,-0.03118969,0.7216597
363,-0.06081617,-0.03390034,0.7378417
364,-0.06207874,-0.03491639,0.745007
365,-0.05168712,0.0105035,0.6912141
366,-0.05312601,0.005082542,0.6923857
367,-0.05413852,0.002517294,0.6960819
368,-0.0558186,-0.006077878,0.7023608
369,-0.05608774,-0.01076313,0.7025574
370,-0.05784914,-0.01825796,0.7042547
371,-0.06107139,-0.02677173,0.7119868
372,-0.06430481,-0.0301251,0.7219096
373,-0.06833984,-0.03220152,0.7381815
374,-0.07007858,-0.03261985,0.7455078
375,-0.05477308,0.01106016,0.6919224
376,-0.05649222,0.006727767,0.692865
377,-0.05792369,0.003651963,0.6957905
378,-0.05960229,-0.006277306,0.7028051
379,-0.06026237,-0.01091,0.7034466
380,-0.06286298,-0.01719757,0.7055365
381,-0.06743316,-0.02474144,0.7127541
382,-0.07129489,-0.02740917,0.7225667
383,-0.07627892,-0.0287983,0.7384468
384,-0.07792999,-0.02906099,0.7462938
385,-0.0646259,0.01341873,0.6986213
386,-0.06598677,0.01159353,0.6988407
387,-0.0682729,0.009404957,0.6995291
388,-0.07408723,-0.002634555,0.708618
389,-0.07683562,-0.005503858,0.710107
390,-0.08332993,-0.01004446,0.7160296
391,-0.09094318,-0.01260316,0.7267646
392,-0.09828145,-0.01249583,0.7398581
393,-0.05648589,0.0367133,0.6906719
394,-0.05209688,0.03823088,0.6892901
395,-0.04807767,0.03832187,0.6886557
396,-0.07187644,0.0218625,0.6965851
397,-0.07529429,0.01389764,0.7012731
398,-0.07539526,0.00948032,0.7056515
399,-0.07316355,0.006337471,0.7040818
400,-0.07056916,0.004449355,0.7026243
401,-0.0669824,0.002068169,0.7016177
402,-0.05879054,-0.0009573549,0.6996825
403,-0.05507339,-0.001430728,0.6995243
404,-0.05124043,-0.001449153,0.6998082
405,-0.0592187,-0.03277026,0.7290512
406,-0.06645066,-0.03140723,0.7295563
407,-0.07401622,-0.02843502,0.7300556
408,-0.08887929,-0.01881892,0.7326835
409,-0.09513566,-0.01309199,0.7330106
410,-0.1009433,-0.006789917,0.7327916
411,-0.1088727,0.00762853,0.7296756
412,-0.1103005,0.0345572,0.7179634
413,-0.1040655,0.05847526,0.7088659
414,-0.1001774,0.06531157,0.7072539
415,-0.096544,0.07253306,0.7079148
416,-0.1048154,-0.005779505,0.7397935
417,-0.1136673,0.01016161,0.7376367
418,-0.1168234,0.02838228,0.7302832
419,-0.1165339,0.03718778,0.7262582
420,-0.1104289,0.06150974,0.7145771
421,-0.07881001,0.01070252,0.7047694
422,-0.08147655,0.0105786,0.7058276
423,-0.08494616,0.01065878,0.7058546
424,-0.09291442,0.0112901,0.7099575
425,-0.1036527,0.01412042,0.7193006
426,-0.1107411,0.01596543,0.7258524
427,-0.116524,0.01913787,0.734866
428,-0.12199,0.02376805,0.7458224
429,-0.1243078,0.02411187,0.7584527
430,-0.07564048,0.0112181,0.7034685
431,-0.07348259,0.01209995,0.7030087
432,-0.07206972,0.01294076,0.7030245
433,-0.07132973,0.01345362,0.7033688
434,-0.07085021,0.01374643,0.7036788
435,-0.1100877,0.07163277,0.7159098
436,-0.09551768,0.08814453,0.7103179
437,-0.1064713,0.08075411,0.7168345
438,-0.1016765,0.0876155,0.7153299
439,-0.09667499,0.0895648,0.7111859
440,-0.0930842,0.09221913,0.7086964
441,-0.09378324,0.09062342,0.7088454
442,-0.09427098,0.0925023,0.7088504
443,-0.05135088,0.1395975,0.6952595
444,-0.05951752,0.1545341,0.6988294
445,-0.06186838,0.1692162,0.7075305
446,-0.04779107,0.0849863,0.6923628
447,-0.05726884,0.0788532,0.6979422
448,-0.06082678,0.07467026,0.6990902
449,-0.0747987,0.06362717,0.700206
450,-0.08985975,0.05810221,0.7013886
451,-0.09728321,0.05764287,0.7044879
452,-0.1155709,0.06569356,0.7210513
453,-0.1182042,0.07164647,0.7254966
454,-0.09190034,0.1148046,0.7005277
455,-0.1252248,0.03343141,0.7510353
456,-0.1271372,0.06611528,0.7440144
457,-0.1298293,0.06487535,0.7550918
458,-0.1057955,0.06783931,0.7113329
459,-0.1192258,0.07734426,0.7282829
460,-0.1221194,0.1228455,0.7365859
461,-0.1278749,0.07426892,0.7448984
462,-0.1255571,0.1286363,0.7458045
463,-0.1117198,0.09436943,0.7218249
464,-0.0860076,0.07110761,0.7048888
465,-0.08442388,0.07590473,0.7058582
466,-0.08266068,0.08146112,0.7052391
467,-0.08107069,0.08616582,0.7048622
468,-0.06238007,0.05140056,0.6894108
469,-0.09364033,0.09154551,0.7093201
470,-0.09423344,0.0913713,0.7091268
471,-0.09712974,0.09085391,0.7113794
472,-0.1019934,0.08977139,0.715808
473,-0.1075719,0.08770977,0.7197786
474,-0.1136646,0.08516258,0.7237486
475,-0.1194662,0.08340891,0.7296712
476,-0.1280492,0.08274846,0.7448437
477,-0.1308139,0.0826823,0.7539032
478,-0.1327992,0.08243434,0.7639521
479,-0.06846756,0.0552282,0.6982681
480,-0.06887808,0.0672756,0.7003487
481,-0.06864491,0.07144949,0.7021291
482,-0.06959587,0.07557808,0.7045869
483,-0.0617091,0.0349859,0.6919882
484,-0.05662437,0.03097936,0.6886621
485,-0.05588971,0.02588294,0.6878296
486,-0.06266351,0.04709959,0.692481
487,-0.0640786,0.05160689,0.692795
488,-0.0537616,0.08690934,0.6986346
489,-0.05388785,0.08200163,0.6958895
490,-0.05366579,0.07214274,0.6895667
491,-0.05678164,0.06360205,0.6880426
492,-0.05671193,0.06096448,0.6857669
493,-0.05633782,0.05852612,0.6832377
494,-0.05654478,0.05485018,0.6821406
495,-0.05619918,0.05238866,0.6822836
496,-0.04403372,0.124001,0.6944782
497,-0.05143632,0.1237416,0.693158
498,-0.05830546,0.1241276,0.6924641
499,-0.06538181,0.1249578,0.6926376
500,-0.07230332,0.1257164,0.6946876
501,-0.07912308,0.1261031,0.6970297
502,-0.08605559,0.1256088,0.6995591
503,-0.0947274,0.1228613,0.7037079
504,-0.1035628,0.1200862,0.7112651
505,-0.1100089,0.1170773,0.7181899
506,-0.1149993,0.1120412,0.7246102
507,-0.1219276,0.0984899,0.7353922
508,-0.06398334,0.04894701,0.6931086
509,-0.08534953,-0.02419815,0.7468886
510,-0.08384058,-0.02410371,0.7390715
511,-0.08149695,-0.02401591,0.7314001
512,-0.07852988,-0.02300502,0.7240161
513,-0.07346067,-0.02119464,0.7142233
514,-0.06825736,-0.01458022,0.7076257
515,-0.06542465,-0.00963733,0.7050518
516,-0.06399371,-0.005012657,0.7038643
517,-0.06300704,0.0002451949,0.7003092
518,-0.06122069,0.005212931,0.6961101
519,-0.05948276,0.008334748,0.6939348
520,-0.05830874,0.01190633,0.6935813
521,-0.05733456,0.0149822,0.6951939
522,-0.05696361,0.0178593,0.6939123
523,-0.05830463,0.02221761,0.6904303
524,-0.06056493,0.04519117,0.6943616
525,-0.05362395,0.04820793,0.6876794
526,-0.1249046,0.04152883,0.7439344
527,-0.1271774,0.04176331,0.7532415
528,-0.09559678,-0.0175471,0.7558191
529,-0.06322663,-0.03623807,0.7514513
530,-0.07135697,-0.03374069,0.7520406
531,-0.05450201,-0.03705497,0.7518911
532,-0.0792861,-0.02979821,0.7530165
533,-0.08736286,-0.02415636,0.7544264
534,-0.07289321,0.0002226718,0.7056599
535,-0.1224227,0.1099561,0.7365313
536,-0.1262137,0.1135466,0.7435351
537,-0.1301852,0.1168341,0.7525224
538,-0.09323162,0.09306735,0.7075231
539,-0.09554741,0.09314211,0.7081519
540,-0.09953982,0.09467886,0.7106
541,-0.1041654,0.09581214,0.7141614
542,-0.109412,0.09793685,0.7181456
543,-0.1147082,0.1014365,0.7240832
544,-0.1188138,0.10608,0.7304572
545,-0.1240714,0.09037133,0.7374253
546,-0.1274547,0.09150878,0.7441527
547,-0.1307134,0.0923869,0.7521697
548,-0.1326022,0.09297022,0.7617547
549,-0.09429435,0.09194532,0.7092675
550,-0.09701272,0.09181918,0.7109932
551,-0.1017271,0.09160715,0.7146627
552,-0.107308,0.09091458,0.7190331
553,-0.1135681,0.08990523,0.7242257
554,-0.1193229,0.08926298,0.7304497
555,-0.01787191,-0.01076548,0.7239682
556,-0.01289554,-0.01338253,0.7362161
557,-0.007892195,-0.007264752,0.7372904
558,-0.01393868,-0.005847953,0.7252023
559,-0.04420056,-0.02768155,0.7126201
560,-0.04432146,-0.03137766,0.7232006
561,-0.03776771,-0.03044945,0.7250192
562,-0.03841398,-0.02698548,0.714447
563,-0.02309235,-0.006057234,0.7160079
564,-0.01966101,-0.002138371,0.7174689
565,-0.005044982,-0.007448155,0.7447494
566,-0.003100313,-0.006668,0.7525226
567,0.006435595,0.009158839,0.7526949
568,0.003486529,0.006964216,0.7438991
569,-0.04421884,-0.01859193,0.7049067
570,-0.03958052,-0.01802411,0.7060537
571,-0.03239153,-0.02514629,0.7167
572,-0.03114847,-0.02781859,0.727347
573,-0.0244581,-0.02359664,0.7304871
574,-0.02689277,-0.02173115,0.7196338
575,-0.02509207,-0.003101641,0.7130497
576,-0.02168149,0.0005181804,0.7146537
577,-0.008118801,0.004845347,0.7242768
578,-0.0006077923,0.005728757,0.7357832
579,0.001477234,0.01358705,0.7331552
580,-0.006780196,0.0114996,0.7219872
581,0.01007155,0.01825199,0.7512749
582,0.006499834,0.01528036,0.7411511
583,-0.04491851,-0.01015766,0.7030413
584,-0.041155,-0.01053085,0.7039425
585,-0.03507001,-0.01711469,0.708362
586,-0.0304037,-0.0147013,0.7115935
587,-0.02187196,-0.01628177,0.7222129
588,-0.02669614,-0.0101581,0.7140237
589,-0.01471138,0.00616823,0.7175767
590,-0.008195207,0.03448884,0.7095594
591,-0.01484503,0.02896135,0.7065172
592,-0.01277933,0.01599332,0.7128985
593,-0.006205156,0.01859911,0.7188902
594,0.00816112,0.01158794,0.7636163
595,0.008309476,0.01325584,0.7751917
596,0.01248071,0.02264665,0.777135
597,0.01317839,0.02247109,0.7638422
598,-0.03744334,-0.0105785,0.7055688
599,-0.03286037,-0.00949093,0.7082213
600,-0.01322503,0.0109621,0.7156984
601,-0.02383614,0.006363958,0.708573
602,-0.02637845,0.00415408,0.7061346
603,-0.02550956,-0.0001336969,0.709722
604,-0.0228309,0.003082743,0.7116987
605,-0.01749645,0.00713845,0.7158206
606,-0.01622053,0.01078534,0.7141071
607,-0.04449413,-0.001412526,0.7004901
608,-0.04475326,-0.005570199,0.7031595
609,-0.04129919,-0.005894801,0.7038231
610,-0.04103943,-0.001456657,0.7010402
611,-0.01581882,0.01479237,0.7113328
612,0.01719233,0.04020512,0.7640072
613,0.02056061,0.06481948,0.7654594
614,0.01967467,0.06660582,0.7541914
615,0.01595887,0.038115,0.7541481
616,-0.03764459,-0.0008373633,0.7016036
617,-0.03799318,-0.006052872,0.7047404
618,-0.03398613,-0.004860571,0.7063847
619,-0.03371989,0.0002127979,0.7027273
620,-0.02966498,-0.002954755,0.7082449
621,-0.0299335,0.001730312,0.70422
622,-0.0291661,0.01175744,0.7017263
623,-0.02744723,0.009573867,0.7027567
624,-0.02599284,0.01028456,0.7060435
625,-0.02714713,0.01212897,0.7048665
626,-0.01973123,0.008293656,0.7138925
627,-0.02184267,0.009717985,0.711686
628,-0.01731761,0.02666324,0.7057289
629,-0.01285341,0.04199941,0.7064282
630,-0.01749484,0.03562026,0.7049248
631,-0.04352022,0.003840355,0.6929847
632,-0.04425482,0.002083153,0.6970797
633,-0.04067693,0.0025598,0.6970774
634,-0.04013822,0.005152549,0.6932042
635,-0.01848382,0.01096949,0.7121919
636,-0.02076635,0.01159043,0.7102198
637,-0.01907633,0.03307073,0.7036002
638,-0.02149218,0.04248371,0.7044153
639,-0.01813849,0.04879016,0.7051734
640,-0.01870269,0.0727004,0.7126429
641,-0.0186997,0.06786162,0.7103008
642,-0.01277541,0.06536996,0.7121707
643,-0.01333378,0.07118887,0.7143842
644,-0.03710953,0.00681254,0.6940272
645,-0.03717971,0.003651372,0.6972849
646,-0.03390341,0.005405637,0.6979463
647,-0.03437287,0.008509755,0.6955268
648,-0.0306188,0.007661831,0.6998532
649,-0.03135676,0.01047893,0.6983335
650,-0.03023581,0.01374895,0.7012545
651,-0.02796301,0.01382144,0.7040868
652,-0.02317955,0.0112653,0.7095451
653,-0.02444781,0.01263208,0.7084593
654,-0.02006716,0.01409844,0.7080974
655,-0.01796252,0.01422129,0.7096349
656,-0.01940736,0.02432006,0.7042575
657,-0.02136631,0.02187202,0.7031949
658,-0.02250193,0.0394488,0.7027449
659,-0.04373301,0.00998511,0.6913546
660,-0.04072967,0.01059608,0.6917301
661,-0.03078908,0.01474223,0.7014433
662,-0.02838823,0.01472944,0.7043552
663,-0.0224831,0.01244188,0.7088704
664,-0.02371857,0.01335667,0.7082306
665,-0.02268188,0.02655955,0.7006984
666,-0.02076598,0.03009995,0.7019947
667,-0.0239702,0.03598941,0.7006768
668,-0.02675818,0.05996305,0.7024949
669,-0.02685712,0.07064309,0.7056533
670,-0.02993226,0.07420519,0.7036757
671,-0.02937233,0.06468296,0.6989284
672,-0.01370204,0.07566398,0.7152011
673,-0.01800266,0.07662217,0.7139229
674,0.00901062,0.06693926,0.7278721
675,0.004959367,0.07382195,0.7261076
676,0.001446586,0.07166401,0.7222193
677,0.004564695,0.06450814,0.7223238
678,-0.04352821,0.0142563,0.6921556
679,-0.040691,0.01493113,0.6930626
680,-0.03792353,0.01127328,0.6927708
681,-0.03496988,0.01227434,0.6951075
682,-0.03257358,0.01305969,0.6978804
683,-0.02547662,0.01382232,0.7080643
684,-0.02205871,0.01415324,0.7072924
685,-0.02323101,0.01966494,0.7022902
686,-0.02515937,0.01791771,0.7021439
687,-0.02347662,0.01420615,0.7072159
688,-0.02702352,0.07437241,0.7075382
689,-0.02671754,0.07841235,0.7105368
690,-0.02987773,0.0821424,0.7096969
691,-0.03019593,0.07832567,0.7062591
692,-0.01389538,0.08115976,0.7146313
693,-0.01743719,0.08169498,0.7138909
694,-0.009121329,0.07516472,0.7169113
695,-0.01039044,0.08080051,0.7158531
696,0.0008410066,0.07836309,0.7240959
697,-0.001879279,0.07635871,0.7213824
698,-0.03816133,0.01534723,0.6946234
699,-0.03587987,0.01533793,0.6964979
700,-0.03342109,0.01494595,0.6985672
701,-0.02536448,0.0141821,0.7079879
702,-0.0244519,0.01391981,0.7082307
703,-0.0246901,0.02291005,0.6994537
704,-0.02682192,0.02014389,0.6991022
705,-0.02556313,0.08091508,0.7126356
706,-0.0230365,0.07501724,0.7113789
707,-0.02199218,0.07816283,0.71321
708,-0.02497841,0.01417743,0.7083207
709,-0.02446403,0.01428832,0.7075005
710,-0.02638641,0.01670113,0.7026507
711,-0.03552117,0.08174317,0.698599
712,-0.03411932,0.07180068,0.6924877
713,-0.03186205,0.06866227,0.6955704
714,-0.03291581,0.07837631,0.7014515
715,-0.02086201,0.08261105,0.7136021
716,-0.02383995,0.08421086,0.7134457
717,0.01390924,0.079464,0.7408414
718,0.009287722,0.08334985,0.7358303
719,0.008745193,0.07985235,0.7334901
720,0.01355977,0.07487281,0.737941
721,-0.02515034,0.01444145,0.7080005
722,-0.02770294,0.01567269,0.704019
723,-0.02806892,0.01855944,0.6991904
724,-0.03844831,0.08882047,0.6983325
725,-0.04083218,0.08969569,0.6962827
726,-0.04038563,0.08492035,0.6934264
727,-0.03762051,0.08376257,0.695703
728,-0.01855789,0.0958357,0.7125642
729,-0.01743831,0.08619842,0.7138902
730,-0.01451595,0.08596633,0.7142496
731,-0.01542309,0.09640889,0.7123522
732,-0.01162706,0.08562328,0.7151068
733,-0.01204879,0.09636748,0.7128965
734,0.00479389,0.08684482,0.7307191
735,0.003994733,0.08382596,0.7292742
736,0.008772917,0.09328508,0.7334188
737,0.009186797,0.09026407,0.7358026
738,0.01372667,0.08900191,0.7426509
739,0.01276619,0.09383152,0.7397882
740,-0.03010897,0.01651436,0.7010407
741,-0.02544459,0.05041589,0.7035071
742,-0.02625839,0.0550849,0.6999514
743,-0.02620463,0.05447255,0.6978554
744,-0.02568834,0.05155186,0.701062
745,-0.02623104,0.05100058,0.6948257
746,-0.02611303,0.05366879,0.6956198
747,-0.02756317,0.05596915,0.6918203
748,-0.02737543,0.05278262,0.6907374
749,-0.005903646,0.0945352,0.7157965
750,-0.006352197,0.08615641,0.7175522
751,-0.004393287,0.08691458,0.7188833
752,-0.004255626,0.09402981,0.7169868
753,0.001281478,0.08905615,0.7252293
754,0.0003928542,0.08755867,0.7241561
755,0.007082894,0.09811732,0.7266698
756,0.008063838,0.09582871,0.7302119
757,0.01183356,0.09770045,0.7356306
758,0.01086809,0.1011231,0.7309663
759,-0.02944157,0.02943609,0.6929504
760,-0.03283485,0.03111046,0.6911006
761,-0.03377063,0.0260441,0.6900643
762,-0.0309981,0.02500885,0.6919522
763,-0.02594494,0.04711469,0.7015455
764,-0.0266328,0.04467549,0.7033574
765,-0.03248341,0.06316544,0.6862147
766,-0.03504901,0.06507189,0.6831378
767,-0.03487542,0.06134635,0.6803432
768,-0.03206315,0.05986171,0.6837518
769,-0.03929313,0.07567813,0.6874168
770,-0.036406,0.07403317,0.6897705
771,-0.03681273,0.0929752,0.703019
772,-0.03373263,0.08688174,0.7076253
773,-0.03394375,0.09436956,0.7080266
774,-0.03501021,0.09968528,0.702429
775,-0.02042852,0.08670452,0.7137842
776,-0.02124107,0.0951871,0.7130396
777,-0.02372727,0.09391522,0.71367
778,-0.02299514,0.08809833,0.7140326
779,0.003557511,0.09666583,0.722423
780,0.004600301,0.09510198,0.7253178
781,0.009610206,0.1042469,0.7263717
782,0.004935205,0.1002432,0.7222527
783,-0.02809241,0.04434536,0.7003689
784,-0.02963804,0.04493398,0.6989124
785,-0.03127813,0.04359448,0.6974447
786,-0.02808912,0.04150858,0.700972
787,-0.02879642,0.04633214,0.6961501
788,-0.02842058,0.04754289,0.6943268
789,-0.02969537,0.04925089,0.690519
790,-0.03470567,0.05659236,0.6789947
791,-0.03180396,0.05565473,0.6825431
792,-0.03743283,0.1016364,0.698863
793,-0.03854527,0.09429717,0.7001624
794,0.001902159,0.09781006,0.7196923
795,-0.03940473,0.03270493,0.6885751
796,-0.03604828,0.03239404,0.6896948
797,-0.03691246,0.03827706,0.6910787
798,-0.04051936,0.03832765,0.6895424
799,-0.03549894,0.05276499,0.6789643
800,-0.03273835,0.05257683,0.6821891
801,-0.03830215,0.06638875,0.6808819
802,-0.03834096,0.06215976,0.6781141
803,-0.02679708,0.1062247,0.7010313
804,-0.03012835,0.1113608,0.6979393
805,-0.000883583,0.09578282,0.7177528
806,0.0005736463,0.09508483,0.7198839
807,0.002080709,0.1022915,0.7178187
808,-0.0005145594,0.09916213,0.7166454
809,-0.03788277,0.02379481,0.6893473
810,-0.03929263,0.01791846,0.6919853
811,-0.03715804,0.01819294,0.6936629
812,-0.03561682,0.02340587,0.6907984
813,-0.0387838,0.02738228,0.6880025
814,-0.03625807,0.02680033,0.6889088
815,-0.03469549,0.0503104,0.681883
816,-0.03717448,0.0482793,0.682834
817,-0.03808943,0.05689068,0.6767228
818,-0.03966872,0.1015865,0.6969804
819,-0.04052693,0.09495072,0.6981919
820,-0.02704873,0.1007004,0.7070276
821,-0.002873581,0.09663084,0.7157623
822,-0.03846596,0.05289124,0.677021
823,-0.03561356,0.1113488,0.696555
824,-0.0233466,0.102094,0.7070627
825,-0.02226499,0.1079956,0.70202
826,-0.02566149,0.09739219,0.7111434
827,-0.02266444,0.09939002,0.7102898
828,0.005595483,0.1073671,0.7193612
829,-0.04045811,0.02326901,0.6881148
830,-0.03945679,0.04534394,0.68798
831,-0.03853965,0.04622262,0.6880053
832,-0.03835101,0.04705723,0.68481
833,-0.03933725,0.04645482,0.6843824
834,-0.03822977,0.04775999,0.6818346
835,-0.03679147,0.0497946,0.6800122
836,-0.03940632,0.04960215,0.6782879
837,-0.04029542,0.04718101,0.6807241
838,-0.02384066,0.1141395,0.6993654
839,-0.01715569,0.1093295,0.7038944
840,-0.01899688,0.1037472,0.707366
841,-0.02460343,0.09638633,0.712113
842,-0.02168461,0.09776309,0.7113988
843,-0.02636147,0.09178482,0.7150158
844,-0.02664976,0.09037717,0.7143687
845,-0.02517765,0.08970353,0.7146225
846,-0.02556556,0.09271124,0.7144536
847,-0.00197662,0.1044424,0.7138591
848,0.0006142408,0.1096763,0.7139062
849,-0.00398501,0.1126004,0.7102299
850,-0.007156022,0.1058182,0.7104453
851,-0.04106352,0.04230107,0.6887043
852,-0.04153242,0.04469676,0.6871345
853,-0.04202914,0.01776737,0.6908262
854,-0.03751425,0.04274378,0.6902644
855,-0.03681653,0.04497968,0.6908941
856,-0.03396079,0.04377885,0.6943915
857,-0.04117629,0.04585745,0.6836678
858,-0.01791574,0.1164614,0.7017875
859,-0.01871432,0.101047,0.7096265
860,-0.03109058,0.09205598,0.7124061
861,-0.02851507,0.09171924,0.7134537
862,-0.003136925,0.09485573,0.716714
863,-0.004743971,0.0954141,0.7152576
864,-0.004147161,0.1006043,0.7135477
865,-0.006291967,0.09786092,0.7132446
866,-0.01045876,0.111261,0.7062132
867,-0.01335008,0.1051055,0.7083001
868,-0.01442192,0.1018024,0.7097908
869,-0.01841268,0.09863855,0.7107906
870,-0.02405145,0.09490706,0.7127121
871,-0.02143504,0.09642361,0.7118863
872,-0.009489641,0.1016198,0.7108948
873,-0.01068839,0.09871134,0.7112385
874,-0.01495403,0.09911698,0.7105329
875,-0.0184514,0.0973634,0.7113386
876,-0.008712552,0.09548834,0.7141379
877,-0.008024164,0.09658414,0.7131835
878,0.006648242,0.1509264,0.7400107
879,-0.0003284253,0.1569879,0.7311704
880,-0.001634963,0.1474478,0.7231821
881,0.005414553,0.1423899,0.7326256
882,-0.01514285,0.09778103,0.711125
883,-0.0115969,0.09760584,0.7117007
884,-0.007858951,0.1616017,0.7245059
885,-0.008844391,0.1506282,0.7159382
886,-0.01513814,0.1649808,0.7192312
887,-0.02287375,0.1540899,0.7064397
888,-0.01584725,0.1523296,0.7105013
889,-0.0224404,0.1674666,0.7153127
890,-0.02996399,0.1689779,0.7121429
891,-0.03775514,0.1696413,0.7095147
892,-0.03721798,0.1550415,0.7010914
893,-0.02989072,0.1546626,0.7032515
894,-0.03000592,0.1398892,0.6994125
895,-0.02941412,0.1252882,0.6967555
896,-0.02223274,0.1263425,0.6992559
897,-0.02311745,0.1396853,0.7018698
898,-0.01596089,0.1271483,0.7037305
899,-0.01640774,0.139487,0.7052308
900,-0.01007714,0.138926,0.7101213
901,-0.009875268,0.1272085,0.708287
902,-0.00388689,0.1264718,0.7128051
903,-0.003211401,0.1368826,0.7164776
904,0.00301858,0.1233726,0.7194563
905,0.004410595,0.132884,0.7253071
906,0.01007944,0.129109,0.7343382
907,0.008854397,0.1202835,0.7292228
908,0.0128493,0.1170842,0.7372733
909,0.01412413,0.1237142,0.7422339
910,-0.02867575,-0.006366784,0.7111163
911,-0.02675559,0.04864887,0.6944764
912,-0.02798797,0.05056538,0.6903101
913,-0.02700286,0.04673998,0.6977693
914,-0.03340677,0.08262503,0.7043809
915,-0.03042774,0.06066843,0.6897098
916,-0.03015106,0.05819067,0.687089
917,-0.02789938,0.05773797,0.6938199
918,-0.02972886,0.05453913,0.6861011
919,-0.03017565,0.05211121,0.6861307
920,-0.03152058,0.05056122,0.6865613
921,-0.00438045,0.05741975,0.7137951
922,-0.01131031,0.05973425,0.7105756
923,-0.006468602,0.06376617,0.7146705
924,-0.007872593,0.07036547,0.7163413
925,-0.008710667,0.08572294,0.7162513
926,-0.004407316,0.0820594,0.7192537
927,-0.007063091,0.0811051,0.7174956
928,-0.00526591,0.07547598,0.7190223
929,0.008240499,0.02467974,0.7377945
930,0.003168359,0.02234304,0.7296384
931,0.01170803,0.02751764,0.7475129
932,0.01316211,0.0362248,0.7439203
933,0.008918501,0.03370819,0.7342856
934,0.01731361,0.0704924,0.7451134
935,0.01568318,0.06459914,0.7399672
936,0.004314773,0.03106793,0.7254415
937,-0.01053929,-0.01393308,0.743545
938,0.00188867,0.05683768,0.7186455
939,0.01216642,0.06049877,0.7320853
940,0.007358037,0.05756085,0.7247483
941,-0.01774056,0.06304049,0.7086697
942,-0.0287014,0.05980968,0.6957459
943,-0.0309346,0.06325705,0.6919231
944,-0.03864098,0.0697398,0.6833606
945,-0.03557517,0.06825109,0.6855881
946,-0.002254162,0.08354703,0.721059
947,0.002965242,0.08115739,0.7270554
948,-0.0005691573,0.08560103,0.7228643
949,0.007386684,0.07669889,0.7302332
950,-0.0005490147,0.06348664,0.7179909
951,0.01514998,0.1009736,0.7431016
952,0.01324736,0.1057108,0.7370744
953,0.01097336,0.109718,0.7308645
954,0.00694114,0.1129691,0.7228483
955,0.001465894,0.1158121,0.7156024
956,-0.004355699,0.1176693,0.7105212
957,-0.01082434,0.1176411,0.7060525
958,-0.03693383,0.1399309,0.6974546
959,-0.03647276,0.1244191,0.6954008
960,-0.02503853,0.03118964,0.6983706
961,-0.02672095,0.0263502,0.6958785
962,-0.03311519,0.06615598,0.6884798
963,-0.02995361,0.02093368,0.6957827
964,-0.02848232,0.02277891,0.6954948
965,-0.0323192,0.02253925,0.692767
966,-0.03269082,0.01729968,0.698019
967,-0.03469134,0.01820057,0.6956286
968,-0.03103003,0.0877977,0.7123067
969,-0.02826817,0.08455354,0.7121407
970,-0.02645342,0.08692919,0.7135032
971,-0.02841596,0.08893366,0.7139407
972,-0.03636193,0.08673167,0.7011276
973,-0.02348353,0.07086524,0.7087631
974,-0.02300889,0.06673725,0.7071552
975,-0.02676062,0.09184389,0.714096
976,0.02004173,0.0635961,0.7768797
977,0.020988,0.07231369,0.7769196
978,0.02125257,0.07303374,0.7665371
979,-0.0234178,0.05479202,0.7050409
980,-0.03310974,0.04079418,0.6950966
981,-0.03680606,0.04795663,0.6864073
982,-0.03435307,0.04813904,0.6903554
983,-0.0007409006,0.09031184,0.7221217
984,-0.001680635,0.08921295,0.7211335
985,-0.001785435,0.09413655,0.71854
986,-0.002921887,0.08794108,0.719983
987,-0.002716307,0.09338009,0.7186635
988,0.0118613,0.1439292,0.7485706
989,0.01093195,0.1368468,0.7407524
990,-0.0008063018,0.09344441,0.7203075
991,0.001241304,0.09388432,0.7218994
992,-0.001704,0.09276532,0.7203334
993,-0.04451231,-0.03259838,0.730911
994,-0.04513438,-0.03399697,0.7398939
995,-0.03768412,-0.031496,0.7330647
996,-0.03043653,-0.02875366,0.7353498
997,-0.02353631,-0.02447082,0.7385472
998,-0.03030933,-0.02908067,0.7442864
999,-0.0231296,-0.02462623,0.7467573
1000,-0.02902425,0.03510565,0.6960555
1001,-0.0379905,-0.03240211,0.7420513
1002,-0.002889201,0.07057676,0.7189353
1003,-0.002405994,-0.005141739,0.7617378
1004,0.01452287,0.03020334,0.7572834
1005,0.01209977,0.07063484,0.7335426
1006,0.005190268,0.09123152,0.7299376
1007,0.005018897,0.09317553,0.7279305
1008,0.001749057,0.09165961,0.725026
1009,0.001632743,0.09290622,0.7237328
1010,-0.0003376454,0.09185024,0.7224389
1011,-0.0002442524,0.09258318,0.7218626
1012,-0.00128841,0.09223841,0.7216668
1013,0.01548535,0.03199678,0.7705491
1014,0.01772569,0.07620468,0.74813
1015,0.001719788,0.09046304,0.7254641
1016,-0.0003904365,0.09112956,0.7223812
1017,0.005123429,0.08917958,0.7310914
1018,0.0093062,0.08682215,0.7366018
1019,0.01386312,0.08412272,0.7422198
1020,-0.03332401,0.03676088,0.6934526
1021,-0.02560547,0.05114495,0.6985343
1022,-0.02587735,0.04852396,0.6988208
1023,0.02022194,0.07420602,0.7567782
1024,0.01715242,0.04029844,0.773753
1025,0.01434016,0.03182529,0.7812728
1026,0.0154689,0.1299828,0.7487871
1027,0.01626284,0.1366262,0.7570428
1028,0.01982189,0.07143445,0.788012
1029,0.01875266,0.06212773,0.7885185
1030,0.01558664,0.04093431,0.7853463
1031,-0.002165854,-0.003744433,0.7720473
1032,-0.04562041,-0.03500577,0.7471721
1033,-0.03794498,-0.0329511,0.7496183
1034,-0.03053757,-0.02950035,0.752415
1035,-0.0234611,-0.02482603,0.7549135
1036,-0.03076872,-0.0302737,0.7594653
1037,-0.02323674,-0.024888,0.7629576
1038,-0.03819442,-0.03412005,0.7564169
1039,-0.04595396,-0.03645298,0.7537681
1040,-0.0157232,-0.01878078,0.7574211
1041,-0.01577923,-0.01938258,0.7490047
1042,-0.00857025,-0.01144455,0.7695663
1043,-0.01571722,-0.01852218,0.7664797
1044,-0.01832087,-0.01873755,0.7340553
1045,-0.01668192,-0.01942229,0.7416901
1046,-0.00916326,-0.01354257,0.7510299
1047,-0.008682646,-0.01239126,0.7598039
1048,0.01558983,0.1118859,0.7443075
1049,0.01631105,0.09517241,0.7475177
1050,0.01721165,0.1168158,0.7499909
1051,0.01737745,0.1057636,0.7506754
1052,0.01869795,0.09774731,0.7559128
1053,0.02009977,0.09990709,0.7625989
1054,0.01910058,0.1092495,0.757242
1055,0.0189883,0.1219875,0.7571951
1056,0.02072337,0.1125814,0.7647243
1057,0.02134428,0.1020293,0.7705194
1058,0.0196706,0.1276374,0.7667793
1059,0.0220374,0.1157693,0.7745079
1060,0.02208588,0.1035971,0.7808444
1061,0.02170147,0.0815261,0.7759972
1062,0.02161535,0.08158439,0.7665216
1063,0.02045815,0.08169398,0.7578686
1064,0.02076805,0.08125776,0.7861996
1065,0.02137488,0.09181647,0.7840397
1066,0.02226355,0.09126405,0.7742969
1067,0.01743753,0.08834288,0.7502316
1068,0.0177087,0.08232349,0.7495509
1069,0.02003498,0.08942728,0.7583804
1070,0.02138495,0.09044747,0.7657292
1071,-0.001022603,0.0917381,0.7223878
1072,-0.04489604,0.01759231,0.6904181
1073,-0.1239239,0.03537922,0.7444638
1074,0.01582117,0.03405232,0.7638395
1075,-0.06702951,0.09264769,0.707862
1076,-0.06554021,0.09352919,0.7075343
1077,-0.06366509,0.09344499,0.7071958
1078,-0.06043242,0.09570374,0.704504
1079,-0.05888231,0.1030988,0.6971141
1080,-0.05560083,0.1058999,0.6955245
1081,-0.05153844,0.1059259,0.6945399
1082,-0.04412008,0.1065331,0.6943024
1083,-0.03714121,0.1065504,0.6966615
1084,-0.03359171,0.1067023,0.6986726
1085,-0.03020401,0.1049749,0.7009526
1086,-0.03114697,0.09732614,0.7085172
1087,-0.0287837,0.09504366,0.7120897
1088,-0.02700157,0.094569,0.7127059
1089,-0.02587263,0.09338169,0.7135711
1090,-0.0150354,0.08811174,0.7150502
1091,-0.0178811,0.08843692,0.7147455
1092,-0.01211255,0.08750832,0.7156192
1093,-0.005094416,0.08810322,0.7189421
1094,-0.006958496,0.08778265,0.7177798
1095,-0.02293316,0.08908901,0.7150072
1096,-0.0204403,0.08855686,0.7147409
1097,-0.02511093,0.09034757,0.715186
1098,-0.02614149,0.09093095,0.7152212
1099,-0.009284049,0.08756158,0.7165926
1100,-0.00353311,0.08881079,0.7200147
1101,-0.002162211,0.08975019,0.7212729
1102,-0.001326665,0.09072459,0.7221663
1103,-0.07491937,0.0886109,0.7064964
1104,-0.07773627,0.08822326,0.7059121
1105,-0.08079053,0.08766647,0.7055994
1106,-0.08635346,0.08787172,0.7062041
1107,-0.08848688,0.08815874,0.7068501
1108,-0.07248704,0.08868676,0.7072649
1109,-0.07025784,0.08916651,0.7082686
1110,-0.06737225,0.09079164,0.7094889
1111,-0.06830112,0.09030166,0.709097
1112,-0.08379689,0.08774996,0.7056875
1113,-0.09034307,0.08892269,0.7074955
1114,-0.09206032,0.08996843,0.7083323
1115,-0.0931842,0.09093238,0.7090484
1116,-0.09359004,0.09183088,0.7093163
1117,-0.0009795465,0.09135798,0.7224636
1118,-0.0575982,0.0465535,0.6905595
1119,-0.03136636,0.04633087,0.6944247
1120,-0.07039461,0.01418796,0.7042317
1121,-0.07030157,0.01320396,0.7041978
1122,-0.06709211,0.01549052,0.7030256
1123,-0.06623112,0.01302463,0.7027625
1124,-0.0635042,0.0160402,0.7006419
1125,-0.06334362,0.01319643,0.7007958
1126,-0.05098152,0.01829543,0.695824
1127,-0.05141167,0.01428134,0.6959752
1128,-0.05392269,0.01435127,0.6969777
1129,-0.05354417,0.01816443,0.6967507
1130,-0.04801904,0.01807977,0.6952407
1131,-0.04832517,0.01404487,0.6951982
1132,-0.04564426,0.01799911,0.6951178
1133,-0.04597017,0.01396425,0.6949269
1134,-0.0598615,0.01369518,0.6992741
1135,-0.06030483,0.01697163,0.6992946
1136,-0.05716529,0.01765657,0.6981701
1137,-0.05678333,0.01431843,0.6983364
1138,-0.07062921,0.01382872,0.7038301
1139,-0.02568341,0.01369886,0.7086253
1140,-0.0288271,0.01326329,0.7058274
1141,-0.02818029,0.01603671,0.7066965
1142,-0.0254871,0.01474526,0.7087172
1143,-0.03134823,0.01361961,0.7035087
1144,-0.03051945,0.01659581,0.7038299
1145,-0.04069304,0.01843669,0.6963631
1146,-0.03831274,0.01851232,0.6977407
1147,-0.03904222,0.01458891,0.6977049
1148,-0.0410635,0.01438045,0.6964407
1149,-0.04378403,0.01405236,0.6953638
1150,-0.04331037,0.01812643,0.6954588
1151,-0.03420638,0.01414812,0.7011161
1152,-0.03672397,0.01471681,0.6995807
1153,-0.0358507,0.01807825,0.6996632
1154,-0.03367122,0.01743962,0.70118
1155,-0.02519885,0.01426654,0.7083717
1156,-0.01191664,0.03128545,0.7078891
1157,-0.0152465,0.0384814,0.7054014
1158,-0.01974369,0.0455321,0.7046357
1159,-0.02441799,0.05189001,0.7046825
1160,-0.02674251,0.05726015,0.7014108
1161,-0.02926248,0.06210391,0.697588
1162,-0.03153979,0.06589371,0.6938084
1163,-0.0337056,0.06907143,0.6905853
1164,-0.03608678,0.07136866,0.6878064
1165,-0.03899027,0.07296662,0.6856607
1166,-0.04294624,0.07386237,0.6843947
1167,-0.04708667,0.0730893,0.684481
1168,-0.05048664,0.07159244,0.6856951
1169,-0.0535814,0.06940247,0.6876122
1170,-0.05664994,0.06633626,0.6900347
1171,-0.06006173,0.06257711,0.6929548
1172,-0.06379393,0.05781493,0.6957856
1173,-0.06745335,0.05232103,0.698198
1174,-0.07255259,0.04581232,0.6964812
1175,-0.07759625,0.03848665,0.6957069
1176,-0.0820907,0.03097266,0.6971182
1177,-0.08795325,0.01679127,0.7040442
1178,-0.08870734,0.01089315,0.7075682
1179,-0.08820926,0.005220286,0.7101805
1180,-0.08363559,-0.003772883,0.7125285
1181,-0.08019979,-0.008122561,0.7127827
1182,-0.07616435,-0.01331023,0.7122222
1183,-0.07115536,-0.0186783,0.7107773
1184,-0.06541612,-0.02175759,0.7089741
1185,-0.05947881,-0.02316249,0.7077986
1186,-0.05402363,-0.0236154,0.707355
1187,-0.04890851,-0.02363831,0.707402
1188,-0.04400182,-0.02356874,0.7082915
1189,-0.03885933,-0.0232074,0.7099238
1190,-0.03340716,-0.02188961,0.7124075
1191,-0.02835861,-0.01898717,0.7155627
1192,-0.02401464,-0.01381227,0.7181228
1193,-0.02033727,-0.008836037,0.7198112
1194,-0.01680654,-0.004302483,0.7210234
1195,-0.01140491,0.00535849,0.7205306
1196,-0.01010681,0.0111497,0.7184443
1197,-0.009404641,0.0171493,0.7154675
1198,-0.002902463,0.03984665,0.7130603
1199,-0.0106221,0.04682312,0.7077541
1200,-0.01723441,0.0530198,0.706183
1201,-0.02279931,0.05844787,0.70527
1202,-0.02669626,0.06322885,0.7031609
1203,-0.02957486,0.06774263,0.7001628
1204,-0.03218022,0.0716612,0.6972272
1205,-0.0344644,0.07470879,0.6943353
1206,-0.03670757,0.07705791,0.691696
1207,-0.03953556,0.07854892,0.6894006
1208,-0.04345213,0.07933514,0.6881374
1209,-0.0922935,0.0404805,0.7000489
1210,-0.08269836,0.04730613,0.6968498
1211,-0.07515782,0.05351648,0.6973926
1212,-0.06899618,0.05897152,0.6983644
1213,-0.06427082,0.06374197,0.6975426
1214,-0.06032246,0.06830284,0.695483
1215,-0.05687301,0.07209145,0.6934803
1216,-0.05378051,0.07506152,0.6914449
1217,-0.05088017,0.07728856,0.6896262
1218,-0.04751197,0.07866371,0.6882269
1219,-0.09543,0.02910886,0.7050625
1220,-0.09719925,0.02028363,0.709959
1221,-0.09766138,0.01239304,0.7138643
1222,-0.09707613,0.005231366,0.7170727
1223,-0.09100039,-0.006152203,0.7203596
1224,-0.08650228,-0.01151245,0.7204334
1225,-0.08167074,-0.01695508,0.719695
1226,-0.07574838,-0.02218759,0.7182212
1227,-0.06926668,-0.02613083,0.7168387
1228,-0.06238188,-0.02864791,0.7160672
1229,-0.05580695,-0.02964897,0.7157227
1230,-0.05007303,-0.02984895,0.7161263
1231,-0.04442231,-0.02978785,0.7170116
1232,-0.03815981,-0.0289545,0.7188185
1233,-0.03166154,-0.0265645,0.7212187
1234,-0.02568089,-0.02278375,0.7242223
1235,-0.02026974,-0.01747477,0.7270517
1236,-0.01572878,-0.01209627,0.7290727
1237,-0.01138324,-0.006499346,0.7303727
1238,-0.004695993,0.005101391,0.7293109
1239,-0.003041215,0.01242126,0.7268944
1240,-0.002529867,0.02036561,0.7235664
1241,-0.001793839,0.02882166,0.7185019
1242,0.00913164,0.0501508,0.7279591
1243,0.01386799,0.05299953,0.7373017
1244,0.01756901,0.05478759,0.7873623
1245,0.01894742,0.05564946,0.7759567
1246,0.01812939,0.0574636,0.7493147
1247,0.01929878,0.05634274,0.763685
1248,0.003941603,0.04859338,0.7197907
1249,-0.1141409,0.05405675,0.7191443
1250,-0.1072913,0.05113163,0.7113875
1251,-0.1258338,0.05762666,0.7426835
1252,-0.1209067,0.05863231,0.7293653
1253,-0.1287461,0.05700079,0.7544951
1254,-0.130602,0.05608495,0.7659244
1255,-0.1002706,0.04952965,0.7048658
1256,-0.002710275,0.04961271,0.7131135
1257,-0.09196077,0.05036708,0.7001106
1258,-0.01714691,0.0579145,0.707161
1259,-0.02270276,0.06238082,0.7058326
1260,-0.01019619,0.05344211,0.7090186
1261,-0.02975998,0.07085229,0.7013384
1262,-0.02671597,0.06673251,0.7038546
1263,-0.03240356,0.07451785,0.6988862
1264,-0.03482595,0.0778767,0.6962963
1265,-0.0370813,0.08019316,0.6938127
1266,-0.03996855,0.08177768,0.6915153
1267,-0.04372343,0.08217424,0.6901723
1268,-0.06907938,0.06293827,0.6989574
1269,-0.07526511,0.05848312,0.6985612
1270,-0.06428506,0.06730177,0.6982301
1271,-0.0830961,0.05404304,0.698218
1272,-0.05395927,0.07816438,0.6934541
1273,-0.05705913,0.07499605,0.6952
1274,-0.05108194,0.08039311,0.6917821
1275,-0.04768335,0.08188507,0.6903964
1276,-0.06043139,0.07133699,0.6967149
1277,-0.1089651,0.0438072,0.7143741
1278,-0.1155332,0.04607575,0.7230088
1279,-0.1023714,0.04181898,0.706373
1280,-0.08165961,0.02203142,0.6993182
1281,-0.0855706,0.02349595,0.6998838
1282,-0.09002966,0.02593886,0.7016849
1283,0.01397776,0.04501785,0.7409701
1284,0.009671651,0.04291038,0.7309502
1285,0.01662195,0.04692747,0.7519352
1286,0.004859872,0.04093122,0.7218053
1287,-0.01625827,0.02056211,0.7083148
1288,-0.01339198,0.02238061,0.7095175
1289,-0.00966407,0.02385426,0.7110997
1290,-0.006060306,0.02607321,0.713912
1291,0.01652605,0.04814213,0.7863802
1292,0.01786123,0.0480911,0.7751151
1293,0.01802634,0.04787305,0.7637191
1294,-0.1207654,0.04816239,0.7326051
1295,-0.1251387,0.04920232,0.743172
1296,-0.1277741,0.04956966,0.7540932
1297,-0.1295215,0.04949521,0.7653234
1298,-0.07864641,0.02059671,0.6994591
1299,-0.02027487,0.01743715,0.7054576
1300,-0.01833217,0.01894277,0.7067469
1301,-0.02393334,0.01591935,0.7049077
1302,-0.02234398,0.01666871,0.7049916
1303,-0.07179191,0.01646906,0.6992901
1304,-0.07033184,0.01557934,0.6999698
1305,-0.0738141,0.01742357,0.6987633
1306,-0.07613842,0.01892299,0.6989853
1307,-0.1157094,0.005851533,0.7581437
1308,-0.1130437,0.0040582,0.7482664
1309,-0.1098973,0.001771415,0.7393314
1310,-0.1059083,0.000128204,0.731792
1311,-0.1004544,-0.0005754996,0.7252086
1312,-0.09495022,-0.0009057391,0.7193842
1313,-0.09060732,-0.0006103348,0.7149622
1314,-0.08637355,0.000430109,0.7117841
1315,-0.08238276,0.002142062,0.709604
1316,-0.07936499,0.003987926,0.7089193
1317,-0.07728137,0.005674173,0.7074006
1318,-0.07493366,0.008144997,0.7052417
1319,-0.07233271,0.01047346,0.7037299
1320,-0.07070155,0.01185612,0.7028469
1321,-0.06903957,0.01346788,0.7025146
1322,-0.06855146,0.01417647,0.703023
1323,-0.06858367,0.01302953,0.704096
1324,-0.0691902,0.01476834,0.7040648
1325,-0.06898748,0.01449492,0.7020943
1326,-0.06951965,0.01485071,0.7009206
1327,0.003464878,0.00452304,0.7738785
1328,0.003185727,0.002793815,0.7630587
1329,0.002001848,0.000849966,0.7532868
1330,-0.0001469329,-0.0004369374,0.745082
1331,-0.003557187,-0.0009950958,0.7374097
1332,-0.007494964,-0.00104595,0.7305614
1333,-0.01046991,-0.0007625315,0.7254764
1334,-0.01375291,0.0003332105,0.7213778
1335,-0.01695623,0.001981335,0.7180262
1336,-0.01934265,0.00382704,0.7157392
1337,-0.02096189,0.005721608,0.7132991
1338,-0.02242209,0.008240845,0.7107121
1339,-0.02424794,0.01075379,0.7085273
1340,-0.02570185,0.01235103,0.7074
1341,-0.02671899,0.01390065,0.7065439
1342,-0.02716608,0.01467189,0.7069217
1343,-0.02699554,0.01341229,0.7079153
1344,-0.02655004,0.01529079,0.7082334
1345,-0.02606349,0.01498019,0.7062751
1346,-0.02513858,0.01526435,0.7054052
