0,-0.001138559,-0.0666382,0.6726585
1,-0.001535996,-0.06627671,0.6655629
2,-0.002526067,-0.06520113,0.6487639
3,-0.003220693,-0.06242879,0.6378087
4,-0.003850066,-0.05477369,0.6296539
5,-0.004199651,-0.04721265,0.6270183
6,-0.004421727,-0.04222905,0.6262024
7,-0.00499019,-0.03329486,0.6224918
8,-0.005391015,-0.03003962,0.6183503
9,-0.005657668,-0.02415848,0.6173068
10,-0.005807188,-0.02014694,0.6180123
11,-0.008275038,0.05156232,0.6087279
12,-0.008426734,0.03684029,0.6014587
13,-0.008560687,0.02694266,0.5960361
14,-0.00712672,0.004062268,0.610285
15,-0.006764527,-0.004818339,0.6122177
16,-0.008636633,0.06420903,0.6079472
17,-0.008368797,0.01281071,0.5944358
18,-0.008528248,0.01697977,0.5932531
19,-0.006679259,-0.010115,0.6117783
20,-0.007616453,0.006506816,0.6037087
21,-0.008158244,0.009601886,0.5966547
22,-0.006517224,-0.01458101,0.6129717
23,-0.00730519,0.005849143,0.6082085
24,-0.008345746,0.05707788,0.6097289
25,-0.008507552,0.03088055,0.5982563
26,-0.008586609,0.02203657,0.593923
27,-0.008917922,0.07364713,0.6060076
28,-0.009636318,0.1015662,0.6038878
29,-0.009765289,0.1320705,0.6121681
30,-0.009844691,0.1169416,0.6058888
31,-0.007896062,0.007492659,0.5999689
32,-0.006929189,0.0005951272,0.6116528
33,-0.004632891,-0.03751095,0.6257552
34,-0.002074749,-0.06572964,0.6563947
35,-0.008315951,0.04663279,0.6063807
36,-0.07824786,0.03225885,0.699473
37,-0.07443454,0.01114933,0.699051
38,-0.04737559,-0.04338705,0.6811891
39,-0.03945685,-0.05112652,0.6716253
40,-0.04012574,-0.04982049,0.679985
41,-0.04816771,-0.04155066,0.6907923
42,-0.03243758,-0.05050212,0.6460098
43,-0.03603794,-0.05180896,0.6569594
44,-0.05390781,-0.03614869,0.681884
45,-0.02895506,-0.04623709,0.6395295
46,-0.04160428,-0.03973704,0.6484919
47,-0.04719177,-0.04021379,0.6588731
48,-0.05489079,-0.03381994,0.6919621
49,-0.03710917,-0.03711337,0.6425697
50,-0.05493074,-0.02765312,0.6560352
51,-0.04827417,-0.02942292,0.6464489
52,-0.06492138,-0.01969042,0.6814077
53,-0.04615351,-0.001287288,0.6301163
54,-0.03994074,-0.00645138,0.6295856
55,-0.04341588,-0.01865182,0.6363409
56,-0.05017823,-0.01633178,0.6399184
57,-0.06585586,-0.0169466,0.6925151
58,-0.02728516,-0.04288169,0.6365205
59,-0.04247961,-0.02856479,0.6414737
60,-0.02581466,-0.03902924,0.6339648
61,-0.03528602,-0.03487337,0.6399902
62,-0.02402095,-0.02816166,0.626475
63,-0.03361194,-0.03231965,0.6374763
64,-0.07647701,0.03299826,0.6650307
65,-0.07263722,0.00180453,0.6961262
66,-0.02995936,-0.02505463,0.632794
67,-0.03747908,-0.02629338,0.6382884
68,-0.03975442,-0.02758491,0.6399597
69,-0.04056738,-0.01932906,0.6355402
70,-0.02292951,-0.02392408,0.6249515
71,-0.03372269,-0.02318853,0.6349323
72,-0.03851961,-0.019674,0.6344053
73,-0.0349801,0.03549359,0.6263452
74,-0.03471727,0.03055367,0.6249071
75,-0.02248506,-0.0214392,0.6250843
76,-0.0287068,-0.02256568,0.6314205
77,-0.03459169,-0.01981796,0.63297
78,-0.03603943,-0.01088373,0.6287168
79,-0.03781619,-0.00857499,0.6295916
80,-0.02268994,-0.01983032,0.6260692
81,-0.02841609,-0.02087327,0.6305844
82,-0.03250505,-0.02192014,0.6342005
83,-0.03256634,-0.01566017,0.6282016
84,-0.03401257,-0.005925222,0.6263152
85,-0.02625567,0.03298536,0.6204345
86,-0.0259606,0.02262809,0.6189135
87,-0.0534466,0.02670658,0.6316724
88,-0.05969977,0.03748872,0.6376355
89,-0.02836658,-0.01999103,0.6308113
90,-0.03187771,-0.02083633,0.6337424
91,-0.03320998,-0.01979867,0.6330016
92,-0.03251602,-0.009635521,0.6256877
93,-0.02769324,0.01449907,0.6215748
94,-0.02690049,0.04110273,0.6240183
95,-0.02629442,0.03681462,0.6216823
96,-0.03581765,0.03943217,0.6269073
97,-0.03159213,-0.02022592,0.6339301
98,-0.03230547,-0.01997309,0.633339
99,-0.03087864,-0.01737199,0.6286259
100,-0.05252121,0.03960687,0.6331283
101,-0.05547279,0.04179605,0.6353152
102,-0.07313116,0.06056296,0.6552992
103,-0.03178228,-0.02009602,0.6338356
104,-0.02976442,-0.01860273,0.6293532
105,-0.03071794,-0.01336381,0.625517
106,-0.0149219,0.04500259,0.6094709
107,-0.01551037,0.03472264,0.6048529
108,-0.02042622,0.03008298,0.6111104
109,-0.02375837,0.04475128,0.6229395
110,-0.02307934,0.04059668,0.6200618
111,-0.03180867,0.04097974,0.62624
112,-0.03645732,0.04438227,0.6261644
113,-0.036568,0.0489026,0.6256481
114,-0.06984126,0.04436266,0.6506283
115,-0.06491049,0.04776996,0.6455912
116,-0.02861169,-0.01956001,0.6308349
117,-0.02584306,-0.01463269,0.6219515
118,-0.02617267,0.01726047,0.6146898
119,-0.01444346,0.05035605,0.6116161
120,-0.01194018,0.05110054,0.6097057
121,-0.03559429,0.05836889,0.6233541
122,-0.04987205,0.04504471,0.6303905
123,-0.04789951,0.04897825,0.6283976
124,-0.06443857,0.05735487,0.642132
125,-0.06941529,0.06997058,0.6440558
126,-0.07733194,0.04074708,0.6665047
127,-0.07971685,0.04099442,0.6866205
128,-0.08018473,0.06978325,0.6768917
129,-0.07781076,0.04825381,0.6667168
130,-0.02444609,-0.01654997,0.6225114
131,-0.02012852,0.003848872,0.6174029
132,-0.02713255,0.01536347,0.6185415
133,-0.02612001,0.01604838,0.6125972
134,-0.02413607,0.01943664,0.6103821
135,-0.02291298,0.05068771,0.6249729
136,-0.0330658,0.04539547,0.6260405
137,-0.04843368,0.05709372,0.6256834
138,-0.06026736,0.05672491,0.6370106
139,-0.06234742,0.0615074,0.6350384
140,-0.06649268,0.06481944,0.6386831
141,-0.0818046,0.07241013,0.6868871
142,-0.07822597,0.06679516,0.6693939
143,-0.02286856,-0.01894087,0.6258867
144,-0.01731808,-0.00505249,0.6142027
145,-0.02716962,0.01125742,0.6206256
146,-0.02542648,0.01098225,0.6129418
147,-0.02427365,0.01742939,0.6086193
148,-0.01896499,0.02369061,0.6025226
149,-0.01618737,0.02532028,0.5993947
150,-0.01244745,0.03618183,0.6024683
151,-0.0198603,0.04923632,0.6206829
152,-0.01650187,0.0547154,0.6156448
153,-0.03293387,0.05787829,0.6240824
154,-0.07469518,0.08228552,0.6552666
155,-0.01785554,-0.01084149,0.6144755
156,-0.02513621,0.008235171,0.6208447
157,-0.02372031,0.009163353,0.615746
158,-0.02378669,0.009903367,0.6133777
159,-0.02432632,0.01414358,0.6081773
160,-0.02366868,0.0119613,0.6083881
161,-0.01843618,0.0618467,0.6140718
162,-0.01589226,0.06359357,0.6105208
163,-0.06489579,0.06750988,0.6339061
164,-0.05990455,0.06324076,0.6305464
165,-0.01593125,-0.01475841,0.6155909
166,-0.01281646,-0.004909905,0.6126357
167,-0.01032187,0.004153378,0.6104459
168,-0.02198478,0.01079987,0.6091415
169,-0.01919949,0.01580249,0.5999701
170,-0.01600329,0.01638985,0.5963645
171,-0.01506704,0.01267553,0.5970435
172,-0.01811449,0.01278889,0.6001748
173,-0.01273905,0.02639665,0.5970862
174,-0.05654051,0.05609088,0.6331319
175,-0.05844927,0.05966731,0.6312741
176,-0.06670041,0.07334127,0.6376858
177,-0.07315072,0.09527212,0.6527385
178,-0.07114846,0.0883927,0.6470664
179,-0.01328721,-0.01856675,0.6195862
180,-0.0160537,0.01056041,0.6006124
181,-0.01378319,0.009885731,0.5988558
182,-0.01154833,0.007281343,0.6044853
183,-0.01349648,0.06382076,0.6089882
184,-0.01991352,0.05663777,0.6202639
185,-0.03108452,0.05097448,0.6260161
186,-0.03011433,0.04706044,0.6259379
187,-0.03047082,0.05675828,0.6250579
188,-0.05177871,0.0560937,0.6284225
189,-0.05400643,0.06178014,0.6256151
190,-0.01290442,-0.01977663,0.6198972
191,-0.01442833,-0.009910568,0.6128982
192,-0.01240869,0.0166582,0.5941406
193,-0.01192304,0.01270231,0.5952049
194,-0.03055153,0.06428769,0.6176207
195,-0.03136928,0.0694989,0.6117725
196,-0.02570277,0.05194817,0.6262571
197,-0.02752859,0.05338405,0.6263801
198,-0.05293481,0.05221007,0.6312372
199,-0.05365157,0.05837802,0.62703
200,-0.05516947,0.07198275,0.6216596
201,-0.05246867,0.06672637,0.6223818
202,-0.01181288,-0.01459729,0.6140689
203,-0.01509582,0.006850485,0.6118568
204,-0.01190424,0.00683105,0.6087871
205,-0.01285343,0.007639546,0.6084118
206,-0.01099979,0.009542775,0.5972974
207,-0.009534984,0.006642858,0.6039345
208,-0.02981382,0.07557622,0.6085612
209,-0.0314148,0.06183498,0.6210294
210,-0.02788415,0.05485289,0.6268437
211,-0.05015075,0.05664109,0.6268045
212,-0.05152554,0.05906199,0.625133
213,-0.0500766,0.07947502,0.6178632
214,-0.07473832,0.1027639,0.6600673
215,-0.009426775,-0.01883833,0.6182185
216,-0.009583177,0.006167364,0.6081426
217,-0.03664699,0.07086075,0.6131229
218,-0.03588607,0.07784156,0.610275
219,-0.03484788,0.06575803,0.6173941
220,-0.02567044,0.05468095,0.6254429
221,-0.050195,0.06290264,0.6226352
222,-0.05007883,0.07445546,0.6182338
223,-0.04704757,0.06787797,0.6193249
224,-0.04334422,0.0791989,0.6138726
225,-0.009072559,-0.02004429,0.6185699
226,-0.04064472,0.06711231,0.6177191
227,-0.04341093,0.07301163,0.6149625
228,-0.03532319,0.06329454,0.619916
229,-0.032414,0.06033284,0.6222483
230,-0.03269346,0.05902381,0.6228193
231,-0.06210162,0.1061135,0.6361333
232,-0.06408202,0.1153668,0.642349
233,-0.03965434,0.06391417,0.6196476
234,-0.04794374,0.06009528,0.6227787
235,-0.04468735,0.06377579,0.6202884
236,-0.03567707,0.06095821,0.6212819
237,-0.03559701,0.05973377,0.6219897
238,-0.04553328,0.05793212,0.6241596
239,-0.05441593,0.1103041,0.6267553
240,-0.03908264,0.06127366,0.620723
241,-0.0387118,0.05882932,0.6228296
242,-0.03890146,0.05999525,0.6215078
243,-0.04340689,0.06083994,0.6210698
244,-0.04212701,0.05875104,0.6231058
245,-0.05653603,0.1206204,0.633449
246,-0.04858151,0.1246917,0.6269106
247,-0.04095203,0.1276711,0.6218649
248,-0.03199723,0.1157102,0.6110511
249,-0.03930612,0.1141932,0.6147277
250,-0.0334085,0.1299263,0.6182783
251,-0.02410275,0.1012603,0.6062971
252,-0.03115722,0.1010025,0.6082053
253,-0.03808813,0.1009181,0.6110216
254,-0.04478781,0.1006831,0.6154503
255,-0.05210713,0.09912957,0.6214516
256,-0.06034343,0.09589025,0.630062
257,-0.01454452,0.0559807,0.612753
258,-0.01248958,0.05679167,0.6110222
259,-0.02826041,0.04374509,0.6256422
260,-0.01981355,0.04468524,0.6178759
261,-0.02310455,0.0266649,0.6148189
262,-0.02553295,0.005357485,0.6225598
263,-0.02475092,-0.008438732,0.6188973
264,-0.02307492,-0.01301511,0.6185779
265,-0.04543856,0.04843972,0.6273541
266,-0.04707656,0.04396376,0.6289801
267,-0.0489237,0.038557,0.6311807
268,-0.05126053,0.03374838,0.6317136
269,-0.04724135,0.02678305,0.6288875
270,-0.0185723,-0.01532018,0.6176286
271,-0.01648233,-0.01850035,0.6213012
272,-0.01607061,-0.01962446,0.6215584
273,-0.06382734,-0.009212947,0.6552644
274,-0.05890282,-0.01211282,0.6481717
275,-0.07107527,-0.002135207,0.672976
276,-0.07243403,0.005235053,0.6690082
277,-0.05981397,-0.003982831,0.643187
278,-0.05912115,0.04763648,0.6394674
279,-0.05407742,0.0487936,0.6332619
280,-0.07945028,0.04138045,0.6978175
281,-0.04670252,0.1128841,0.6197733
282,-0.01729662,0.1166196,0.606804
283,-0.02349716,0.02170679,0.612119
284,-0.01855992,0.02692624,0.6044719
285,-0.01591364,0.0286334,0.6014485
286,-0.0126948,0.02993093,0.5991963
287,-0.05292528,0.05565577,0.6300446
288,-0.05221357,0.0466214,0.6318467
289,-0.05785205,0.0447779,0.637651
290,-0.06247892,0.04069382,0.6410892
291,-0.06922607,0.03954221,0.6484163
292,-0.01913003,0.02019152,0.6005211
293,-0.01605629,0.02136094,0.5970505
294,-0.01242764,0.02197757,0.5948517
295,-0.0177215,0.1319155,0.6134939
296,-0.02693341,0.009172437,0.6234882
297,-0.02633432,0.01802168,0.6168525
298,-0.02306591,0.05480065,0.6244248
299,-0.0349799,0.01216453,0.6243743
300,-0.03227825,0.006777415,0.6253899
301,-0.03145356,0.003491467,0.6250942
302,-0.04074917,0.02820506,0.6267186
303,-0.04043513,0.03407592,0.6279209
304,-0.04019984,0.03855346,0.6279996
305,-0.04004615,0.04388628,0.626674
306,-0.01864351,0.006234679,0.6156539
307,-0.03039691,-0.0003052521,0.6240714
308,-0.02983736,-0.005431769,0.6230298
309,-0.02799327,-0.0106824,0.6219331
310,-0.02868622,-0.01626182,0.6257577
311,-0.02759952,-0.01755706,0.626199
312,-0.02575246,-0.01924166,0.6283925
313,-0.02556132,-0.01994271,0.6284168
314,-0.02560516,0.04738706,0.6249564
315,-0.02757387,0.04984106,0.6258938
316,-0.02865454,0.05567992,0.626113
317,-0.01259626,0.007901294,0.6048338
318,-0.01436843,0.004721912,0.6119698
319,-0.01969174,0.01141486,0.6049827
320,-0.02166747,0.006706954,0.6184073
321,-0.01019275,0.007489211,0.6003905
322,-0.01240878,0.008145939,0.6013374
323,-0.01359289,0.008775874,0.602218
324,-0.01439181,0.009030658,0.6061043
325,-0.05126419,0.0574406,0.6263822
326,-0.04957755,0.057899,0.6249908
327,-0.04617152,0.05890974,0.6230595
328,-0.0425047,0.05980343,0.6217954
329,-0.02741027,0.05482193,0.6259557
330,-0.02899306,0.05268256,0.6265922
331,-0.03358862,0.04947921,0.6257238
332,-0.03949421,0.04862161,0.6257994
333,-0.04999244,0.04973126,0.629489
334,-0.05660916,0.06059696,0.6285968
335,-0.06982456,0.1092159,0.6512114
336,-0.06812657,0.1013356,0.6443704
337,-0.06661327,0.09299735,0.6389713
338,-0.06219366,0.07578453,0.6297587
339,-0.06048381,0.06996081,0.6268913
340,-0.05662936,0.06496768,0.6261336
341,-0.05268527,0.05681641,0.6281654
342,-0.05524389,0.0578617,0.6291478
343,-0.05157581,0.05085253,0.6303412
344,-0.0177979,0.07326628,0.6069592
345,-0.02373212,0.0732051,0.6080147
346,-0.02710776,0.06799287,0.6116419
347,-0.02694492,0.06297061,0.6180433
348,-0.0285361,0.06010807,0.6222857
349,-0.02952978,0.05907889,0.6233026
350,-0.03010732,0.05764572,0.6240313
351,-0.03530294,-0.002703662,0.6272013
352,-0.03683168,-5.306955E-05,0.627232
353,-0.04071168,0.00573763,0.6264225
354,-0.04199743,0.02260446,0.626161
355,-0.008742048,-0.02399788,0.6176045
356,-0.008713227,-0.02961339,0.6183215
357,-0.008377231,-0.03324142,0.6225332
358,-0.008362029,-0.04248936,0.6266608
359,-0.007916323,-0.04747044,0.6274339
360,-0.008308607,-0.05486278,0.6302348
361,-0.008566886,-0.06234336,0.63831
362,-0.009105398,-0.06499575,0.6492248
363,-0.009398248,-0.06598422,0.6662172
364,-0.009358746,-0.0662294,0.673625
365,-0.0125222,-0.02341732,0.6184493
366,-0.01260127,-0.02843669,0.61856
367,-0.01242424,-0.03296775,0.6227008
368,-0.01242293,-0.04275205,0.6277403
369,-0.01238156,-0.04797941,0.6284973
370,-0.01342015,-0.05458668,0.6313514
371,-0.01447425,-0.06159921,0.6396345
372,-0.01576898,-0.06404435,0.6504622
373,-0.01667927,-0.06434024,0.6676729
374,-0.0172058,-0.06417039,0.6752834
375,-0.0158287,-0.02275075,0.6198427
376,-0.01618282,-0.02706003,0.6196846
377,-0.01620972,-0.03220591,0.623134
378,-0.01622836,-0.04276472,0.6292633
379,-0.01678844,-0.04809152,0.6303973
380,-0.01875851,-0.05373763,0.6337961
381,-0.0207435,-0.05968147,0.6413261
382,-0.0225667,-0.06135741,0.6520391
383,-0.02452883,-0.06098875,0.6689942
384,-0.02483737,-0.06065766,0.6771749
385,-0.02546602,-0.02089122,0.6281968
386,-0.02585165,-0.02270862,0.6285163
387,-0.02764239,-0.0262195,0.6297832
388,-0.0314245,-0.03893082,0.6386258
389,-0.03313438,-0.04154143,0.6413449
390,-0.03706018,-0.04478954,0.6475128
391,-0.0418987,-0.04636211,0.6585113
392,-0.04630932,-0.04531097,0.6725922
393,-0.02062968,-0.0004295167,0.6170287
394,-0.01598394,0.0006273529,0.6137708
395,-0.01117301,0.0004136655,0.6120791
396,-0.03425256,-0.01337724,0.6283036
397,-0.03647247,-0.01980481,0.6334037
398,-0.03535511,-0.02479701,0.6364895
399,-0.03199244,-0.02890005,0.6350572
400,-0.02885375,-0.03175941,0.6328221
401,-0.02464732,-0.03448537,0.630828
402,-0.01616805,-0.03723362,0.6276271
403,-0.01236642,-0.03783179,0.6268985
404,-0.008257884,-0.03761982,0.6261193
405,-0.009417445,-0.06538817,0.6570205
406,-0.01636162,-0.0642388,0.6585628
407,-0.02376787,-0.06144216,0.6600431
408,-0.03808508,-0.05182574,0.664429
409,-0.04448912,-0.04630406,0.6654528
410,-0.05023141,-0.03985522,0.6657806
411,-0.05907706,-0.02586718,0.6632091
412,-0.06459788,-0.0008723615,0.6507367
413,-0.06200316,0.02149026,0.6385827
414,-0.05897127,0.02799587,0.6353334
415,-0.05584614,0.03507417,0.6344173
416,-0.05263006,-0.03847643,0.6730845
417,-0.06243779,-0.02306563,0.6712056
418,-0.06767843,-0.005676383,0.6640548
419,-0.06901186,0.002420292,0.6595399
420,-0.06739953,0.02495947,0.6449578
421,-0.0383865,-0.02302279,0.6368445
422,-0.04060896,-0.02356757,0.6381695
423,-0.04348579,-0.02382069,0.6391222
424,-0.04981449,-0.02313813,0.6434526
425,-0.05719065,-0.020281,0.6526121
426,-0.06211309,-0.01800975,0.6595801
427,-0.06616221,-0.01433344,0.6687461
428,-0.07004599,-0.009036093,0.6802412
429,-0.07029896,-0.007590392,0.6931446
430,-0.03619806,-0.02235191,0.6354793
431,-0.03447225,-0.02139083,0.6345704
432,-0.03320748,-0.02072352,0.6339837
433,-0.0325505,-0.02044119,0.6340081
434,-0.03200396,-0.0202836,0.6342607
435,-0.06742389,0.03499814,0.6448303
436,-0.05521044,0.05086856,0.6342542
437,-0.06413515,0.04406549,0.6437686
438,-0.06010083,0.05077695,0.6404849
439,-0.0562184,0.05242657,0.6350846
440,-0.05342067,0.0552627,0.6313902
441,-0.05396444,0.05338003,0.6320226
442,-0.05449596,0.05561344,0.6314754
443,-0.01702056,0.1014171,0.6048922
444,-0.02476375,0.1161953,0.6083918
445,-0.0256853,0.1313133,0.6155594
446,-0.01201985,0.0460091,0.607324
447,-0.01998522,0.04017654,0.6155159
448,-0.02305871,0.03626435,0.6180759
449,-0.03544341,0.02572556,0.6242257
450,-0.04920663,0.02051577,0.6289965
451,-0.05596441,0.02024586,0.6331807
452,-0.07145806,0.02968088,0.6517625
453,-0.0734729,0.03593933,0.6557673
454,-0.05620946,0.07797498,0.6227917
455,-0.07301643,0.0009221369,0.6855941
456,-0.07822963,0.03236645,0.6762058
457,-0.07861204,0.03240537,0.6876361
458,-0.06388971,0.03086492,0.6400504
459,-0.07417136,0.041834,0.6579014
460,-0.07715483,0.08815906,0.6616545
461,-0.07913999,0.04058491,0.6762345
462,-0.07872707,0.09479577,0.6704355
463,-0.06894983,0.05848337,0.6480665
464,-0.04607257,0.0333886,0.6295809
465,-0.0448961,0.03810084,0.6294265
466,-0.04364855,0.04357149,0.627654
467,-0.04243846,0.04828841,0.6264565
468,-0.02594715,0.01337109,0.6125115
469,-0.0537852,0.05447531,0.6322651
470,-0.05435998,0.05423015,0.6321667
471,-0.0567126,0.05383366,0.6351224
472,-0.06052962,0.05309274,0.640563
473,-0.06508911,0.05127378,0.6459619
474,-0.07001179,0.04910567,0.6514679
475,-0.07440375,0.04801572,0.6586279
476,-0.07967037,0.04904073,0.6752136
477,-0.08053695,0.04999254,0.684616
478,-0.08044498,0.05088105,0.6948245
479,-0.02958947,0.01801531,0.6225147
480,-0.03009933,0.02924091,0.6223617
481,-0.02986688,0.03343315,0.6232157
482,-0.03059596,0.03772378,0.6250488
483,-0.02560551,-0.001802042,0.6203568
484,-0.02105164,-0.006698404,0.6163482
485,-0.02027663,-0.01207452,0.6162694
486,-0.02570942,0.009969785,0.6170224
487,-0.02696423,0.01443599,0.6160406
488,-0.01669379,0.04846866,0.6144422
489,-0.01721048,0.04322362,0.6123838
490,-0.01797045,0.03284427,0.6077629
491,-0.02101082,0.02444088,0.6081195
492,-0.02128752,0.02162617,0.6061829
493,-0.02130189,0.01892161,0.6039428
494,-0.02154728,0.01517321,0.6035288
495,-0.02103551,0.01281469,0.6040558
496,-0.009304509,0.08612214,0.6042404
497,-0.01710483,0.08615779,0.6045262
498,-0.02428227,0.08666912,0.6052371
499,-0.031616,0.08754691,0.6070646
500,-0.0382896,0.08849215,0.6109678
501,-0.0446272,0.08887628,0.6149583
502,-0.05095644,0.08842178,0.6190249
503,-0.05828853,0.08587463,0.6254491
504,-0.06478947,0.08373506,0.6350302
505,-0.06932983,0.08131906,0.6430061
506,-0.07251728,0.07683447,0.6503385
507,-0.07624702,0.06398374,0.6631359
508,-0.0268424,0.01200242,0.617245
509,-0.0321437,-0.05590048,0.6786628
510,-0.03191304,-0.05643526,0.6704706
511,-0.03092488,-0.05700563,0.6622916
512,-0.02958097,-0.05694874,0.654322
513,-0.02669389,-0.05609331,0.6437568
514,-0.02436467,-0.05112123,0.636991
515,-0.02232459,-0.04679678,0.6335874
516,-0.02080614,-0.04193396,0.6316047
517,-0.02073722,-0.03618549,0.6289617
518,-0.02011033,-0.03050677,0.6241802
519,-0.01946617,-0.0257223,0.6216427
520,-0.01941845,-0.02197448,0.6223927
521,-0.01944142,-0.01967449,0.6238672
522,-0.01978344,-0.01863887,0.6236472
523,-0.02153219,-0.01583958,0.6197937
524,-0.02335603,0.00847156,0.6192555
525,-0.01734277,0.009791682,0.6099136
526,-0.07438005,0.008257733,0.678174
527,-0.07510283,0.009339673,0.6876233
528,-0.04072148,-0.04873958,0.6889951
529,-0.009403912,-0.06702767,0.6804312
530,-0.01733704,-0.06465709,0.6822445
531,-0.0007710992,-0.06755956,0.6792701
532,-0.02500969,-0.06072694,0.6843301
533,-0.03285733,-0.05522265,0.6866809
534,-0.03023301,-0.03574625,0.6357612
535,-0.07699921,0.07551856,0.6631315
536,-0.07929058,0.07959056,0.6700149
537,-0.08144269,0.0837926,0.6792479
538,-0.05382447,0.056301,0.6299
539,-0.05603401,0.05688392,0.6312312
540,-0.05968433,0.05837695,0.6342347
541,-0.06354322,0.05956364,0.6387244
542,-0.06776463,0.06190166,0.6436073
543,-0.07174258,0.06588341,0.6503788
544,-0.07468479,0.07140841,0.657195
545,-0.07760181,0.05595448,0.6664121
546,-0.0795644,0.05774285,0.6734639
547,-0.08116611,0.05945226,0.6817803
548,-0.08110037,0.06108623,0.6914423
549,-0.05443227,0.05494253,0.6321365
550,-0.05672321,0.05496772,0.6345482
551,-0.06053888,0.0550058,0.6391826
552,-0.0649744,0.05459926,0.6447943
553,-0.07002686,0.05399365,0.6513654
554,-0.07432272,0.05407208,0.6586533
555,0.03057265,-0.04299992,0.6435563
556,0.03675504,-0.0443698,0.6539184
557,0.041635,-0.03799622,0.6536438
558,0.03482315,-0.03777081,0.6439579
559,0.002153616,-0.06208283,0.6377047
560,0.004044893,-0.06466892,0.6484587
561,0.01076635,-0.06338757,0.6489236
562,0.008160223,-0.06103369,0.6383492
563,0.02578649,-0.03992624,0.6379828
564,0.02948518,-0.03531408,0.6386807
565,0.04551277,-0.03752472,0.6601232
566,0.04869789,-0.03602731,0.6670809
567,0.05732212,-0.02016512,0.6640126
568,0.05313491,-0.02311303,0.6564767
569,0.0006555382,-0.05466274,0.6297405
570,0.005847328,-0.05412894,0.6302809
571,0.01449906,-0.05877755,0.6393305
572,0.01758712,-0.06035162,0.6497093
573,0.02461638,-0.05557488,0.6511526
574,0.02051811,-0.05483857,0.64105
575,0.02359897,-0.03742343,0.6355695
576,0.02723929,-0.03317224,0.6364252
577,0.04041849,-0.02719817,0.6410683
578,0.04817784,-0.025079,0.6498321
579,0.04951812,-0.01768607,0.6460894
580,0.04117993,-0.02094525,0.6378585
581,0.06018862,-0.01135083,0.6610383
582,0.05521158,-0.01520493,0.6524293
583,-0.0004328053,-0.04731214,0.6270231
584,0.004132442,-0.04758523,0.6275874
585,0.01137969,-0.05299194,0.6321275
586,0.01715693,-0.05001689,0.6346831
587,0.02616809,-0.04894458,0.6426309
588,0.02175337,-0.04486164,0.6366856
589,0.03398937,-0.02661338,0.636919
590,0.03446158,0.0003920672,0.6248206
591,0.02840662,-0.004912837,0.6252771
592,0.03355112,-0.01684223,0.6316162
593,0.04064354,-0.01425672,0.6342092
594,0.06081226,-0.01669844,0.673785
595,0.06289928,-0.01394036,0.6846186
596,0.06688001,-0.004441892,0.6846264
597,0.06513865,-0.005908587,0.6719044
598,0.00875319,-0.04745203,0.6289971
599,0.01452663,-0.04584575,0.6315587
600,0.03438064,-0.02188943,0.6344455
601,0.02302521,-0.02748986,0.6319507
602,0.01989813,-0.03052332,0.6301311
603,0.02189761,-0.0343742,0.6328738
604,0.02515041,-0.03075889,0.6341423
605,0.03105958,-0.02575182,0.635836
606,0.03140699,-0.02175104,0.6339321
607,-0.0009694595,-0.03751986,0.6257381
608,-0.000433752,-0.04229517,0.6262221
609,0.003753112,-0.04238744,0.6268427
610,0.003228866,-0.03753585,0.6260586
611,0.03070414,-0.01759236,0.631273
612,0.06822178,0.01145646,0.6691412
613,0.07057889,0.03560807,0.6665672
614,0.06737457,0.03616414,0.6557094
615,0.06530485,0.008352469,0.6603115
616,0.007092784,-0.03668658,0.6263281
617,0.00772866,-0.042199,0.6279514
618,0.01248629,-0.04111607,0.6297917
619,0.01170682,-0.03544609,0.6271983
620,0.01754703,-0.0379252,0.6316255
621,0.01571552,-0.03351619,0.6286504
622,0.01579906,-0.0217857,0.6262034
623,0.01798928,-0.02514149,0.6272479
624,0.02049268,-0.02382368,0.6299543
625,0.01889015,-0.02144956,0.6287463
626,0.02854816,-0.02460374,0.634468
627,0.02608814,-0.02324687,0.6329175
628,0.02643505,-0.007068081,0.6256187
629,0.02822359,0.00717942,0.6218551
630,0.02470254,0.001329765,0.6233298
631,-0.002080285,-0.0295902,0.6180138
632,-0.001612715,-0.03318147,0.6222156
633,0.002399449,-0.03270786,0.6219119
634,0.001735903,-0.02823078,0.6178215
635,0.0290216,-0.02135954,0.6328654
636,0.02657508,-0.02083901,0.6317466
637,0.02334509,-0.001330901,0.6235437
638,0.01965677,0.007947818,0.622058
639,0.02195017,0.01339989,0.6206111
640,0.02104644,0.03680492,0.6226887
641,0.02086411,0.03185882,0.6212747
642,0.02718568,0.02976198,0.6222686
643,0.0267305,0.03563917,0.623535
644,0.005355925,-0.02669338,0.6185358
645,0.00622222,-0.03176901,0.6219436
646,0.01011196,-0.02985747,0.6225557
647,0.00879325,-0.02517432,0.6201177
648,0.01410768,-0.02731729,0.6244092
649,0.01253285,-0.02318476,0.6230083
650,0.01516393,-0.01997723,0.6259392
651,0.01830231,-0.01980365,0.6279519
652,0.02417572,-0.02177773,0.6315811
653,0.02278337,-0.02059619,0.631012
654,0.0263504,-0.01830596,0.6296494
655,0.02854864,-0.01804732,0.6303918
656,0.02468662,-0.009451606,0.6250099
657,0.0229827,-0.01203374,0.6248537
658,0.01898349,0.00466978,0.6219109
659,-0.002529306,-0.02394016,0.6173012
660,0.001282295,-0.02322214,0.6177243
661,0.01509957,-0.01904692,0.6261536
662,0.01813483,-0.01894485,0.6281955
663,0.02467343,-0.01998537,0.6310893
664,0.02330427,-0.0193965,0.6306927
665,0.02071257,-0.008393326,0.6224464
666,0.02210725,-0.00460384,0.6228608
667,0.01798742,0.0008066231,0.6210607
668,0.01182055,0.02347772,0.6164384
669,0.01182381,0.03385741,0.6179607
670,0.008223822,0.03699829,0.6160549
671,0.008284449,0.02737347,0.6127867
672,0.02624098,0.04006342,0.6236551
673,0.02172658,0.04075996,0.623148
674,0.0517707,0.03342174,0.6325579
675,0.04698618,0.03983553,0.6307008
676,0.04283375,0.03724954,0.6279862
677,0.04641427,0.03034273,0.6284983
678,-0.002459572,-0.02000574,0.6182463
679,0.001514891,-0.01957622,0.6191534
680,0.004718831,-0.02241849,0.6187446
681,0.008529584,-0.0214325,0.620852
682,0.0118627,-0.02074365,0.623205
683,0.02199526,-0.01957272,0.6306432
684,0.02442258,-0.01843378,0.6294795
685,0.02143361,-0.01440444,0.6250012
686,0.01992496,-0.01623136,0.6256739
687,0.02304192,-0.01849457,0.6297272
688,0.01182673,0.03768009,0.6191934
689,0.01252534,0.04197567,0.6214497
690,0.009158577,0.04545359,0.6208171
691,0.008304116,0.04129269,0.618028
692,0.02567292,0.04531772,0.622362
693,0.02204301,0.04570848,0.6223239
694,0.03110795,0.03982525,0.6244516
695,0.02937381,0.04515944,0.622849
696,0.04227022,0.04390471,0.6289452
697,0.03910492,0.04160312,0.6271287
698,0.004860595,-0.0192894,0.620454
699,0.008449233,-0.01915956,0.6223514
700,0.01197078,-0.01911652,0.6241508
701,0.02166823,-0.0189975,0.6308566
702,0.02261818,-0.01915531,0.6308121
703,0.01910961,-0.01222063,0.6225364
704,0.01730379,-0.0152294,0.623076
705,0.01393578,0.04469272,0.6229085
706,0.01643663,0.03881975,0.621982
707,0.01760958,0.04211297,0.6230223
708,0.02207438,-0.01902042,0.6311236
709,0.02218687,-0.01870977,0.6301694
710,0.01901799,-0.01748536,0.6265287
711,0.001414439,0.04364032,0.6112096
712,0.002015691,0.0332811,0.6064742
713,0.005001255,0.03066377,0.6094788
714,0.004678938,0.04071558,0.6139101
715,0.01861049,0.04654468,0.6226663
716,0.01564642,0.04806344,0.6229748
717,0.05843734,0.04714777,0.6423125
718,0.05277029,0.05030135,0.637971
719,0.05191235,0.04659083,0.6362454
720,0.05774465,0.04233569,0.6401923
721,0.02178035,-0.01884751,0.6307189
722,0.01813267,-0.01849433,0.6281635
723,0.01637458,-0.01657141,0.6236588
724,-0.001724184,0.05060753,0.6108023
725,-0.004504501,0.05126758,0.6092026
726,-0.004501876,0.04616099,0.6068401
727,-0.001287616,0.04528936,0.6086098
728,0.02017752,0.05901725,0.6198775
729,0.02186891,0.05011722,0.6218243
730,0.02480318,0.04995643,0.621569
731,0.02315881,0.05955441,0.6189525
732,0.02784056,0.04975442,0.6218427
733,0.02659412,0.05962118,0.6187692
734,0.04720983,0.05305509,0.6335668
735,0.04623089,0.0498974,0.632646
736,0.05147449,0.0596436,0.6347734
737,0.05248659,0.05703175,0.6372688
738,0.05832169,0.05668648,0.6430659
739,0.05665814,0.06100019,0.640025
740,0.01493978,-0.01830752,0.6260109
741,0.0142738,0.01544287,0.6188398
742,0.01212364,0.01887876,0.614352
743,0.01173215,0.01806613,0.6122239
744,0.01325014,0.01625003,0.6159223
745,0.01136728,0.01418834,0.6100879
746,0.01142863,0.01689049,0.6101426
747,0.009033714,0.01816368,0.6064498
748,0.00916825,0.01487792,0.6060138
749,0.03333909,0.05824387,0.6205421
750,0.03353197,0.05058881,0.6230898
751,0.03571032,0.05148167,0.6239366
752,0.03523542,0.05793563,0.6214374
753,0.04253923,0.05449649,0.6287662
754,0.04148055,0.05290054,0.6280375
755,0.04809111,0.06341013,0.6281014
756,0.04997427,0.06166787,0.6316022
757,0.0547399,0.06425176,0.6358112
758,0.05268512,0.06704363,0.6311117
759,0.01211625,-0.007604383,0.6166804
760,0.008011354,-0.00605767,0.6145856
761,0.007494523,-0.01146803,0.6146165
762,0.01063513,-0.01226224,0.6165843
763,0.01375834,0.01219008,0.6179696
764,0.01401974,0.01014383,0.620858
765,0.002720509,0.0241847,0.6011426
766,-0.0005225168,0.02565435,0.5983656
767,-0.0007863829,0.02167837,0.5960506
768,0.002767506,0.02065779,0.599099
769,-0.004286237,0.03635631,0.6019403
770,-0.0008871706,0.03506315,0.6039145
771,0.0006775086,0.05524065,0.614558
772,0.00486305,0.04981458,0.6190917
773,0.00454124,0.0572691,0.6187215
774,0.002205134,0.0620444,0.6129007
775,0.01892803,0.05058411,0.6223019
776,0.0177378,0.05846781,0.620971
777,0.01551568,0.05733361,0.6222026
778,0.01646271,0.05192702,0.6229435
779,0.04387113,0.06131105,0.6249651
780,0.04557621,0.06025365,0.6277102
781,0.05039321,0.0695562,0.6265169
782,0.04497536,0.06490193,0.6240249
783,0.01189216,0.009075078,0.6184515
784,0.009890114,0.009207188,0.6171055
785,0.008216486,0.007374442,0.616502
786,0.0126801,0.006223211,0.6201416
787,0.009755791,0.009905442,0.6135697
788,0.009486408,0.01063399,0.6112177
789,0.007123725,0.01143542,0.6072543
790,-0.0007151302,0.01675548,0.5953667
791,0.002934889,0.01630191,0.5985115
792,-0.001118873,0.06385335,0.6096531
793,-0.001690834,0.05627486,0.6119427
794,0.04161484,0.0619022,0.6224729
795,-0.000745245,-0.00465071,0.6118929
796,0.003951302,-0.00460053,0.6129058
797,0.002297904,0.001040333,0.612644
798,-0.002682194,0.0005940171,0.6115621
799,-0.00138455,0.0129657,0.5961636
800,0.002043113,0.01321825,0.5988841
801,-0.004265429,0.026576,0.5965374
802,-0.004701151,0.02214386,0.594344
803,0.009672726,0.06847523,0.6092239
804,0.005708385,0.0733726,0.6061448
805,0.03863042,0.0595993,0.6214961
806,0.04053867,0.0593319,0.6233036
807,0.04120997,0.06625076,0.6200923
808,0.03854168,0.06268021,0.6197987
809,0.003198872,-0.01433561,0.6144513
810,0.001274895,-0.01824822,0.6187828
811,0.004672292,-0.01803272,0.6201084
812,0.006114682,-0.0147844,0.6161832
813,0.001139062,-0.00955389,0.6119343
814,0.004777087,-0.01033979,0.613098
815,0.0001474114,0.01092602,0.5995479
816,-0.002001791,0.009026065,0.6014899
817,-0.004576421,0.01682496,0.5936297
818,-0.003656312,0.06392607,0.6083583
819,-0.004014401,0.05693356,0.6104622
820,0.0107876,0.0634152,0.6158817
821,0.03616366,0.0600534,0.6198002
822,-0.004741719,0.01285313,0.5947436
823,7.863913E-06,0.0734495,0.6058753
824,0.01431935,0.06466837,0.6150506
825,0.01422406,0.07017526,0.6091092
826,0.0129634,0.06032368,0.6198683
827,0.01554604,0.06197347,0.6181963
828,0.04490559,0.07173385,0.6201909
829,-0.001116923,-0.0143673,0.613432
830,-0.002713439,0.007035717,0.6082038
831,-0.001865117,0.007870824,0.6077385
832,-0.002590827,0.008137936,0.6041635
833,-0.003672175,0.007450827,0.6040034
834,-0.003266481,0.008341714,0.6007648
835,-0.002308068,0.01012742,0.598119
836,-0.005262616,0.009674682,0.5969127
837,-0.005563404,0.007586956,0.6001018
838,0.01200079,0.07602035,0.6059716
839,0.01942484,0.07164108,0.6097944
840,0.01852099,0.06619806,0.6142784
841,0.01420293,0.05933854,0.62067
842,0.01678875,0.06047898,0.6192522
843,0.01335304,0.0554486,0.6242751
844,0.01296303,0.05406056,0.6238254
845,0.01443791,0.05351751,0.6238155
846,0.01395532,0.05627991,0.6234621
847,0.03634175,0.0677956,0.6168251
848,0.03881233,0.07328005,0.6156445
849,0.033423,0.07562646,0.6126604
850,0.03052125,0.06864034,0.6144829
851,-0.003921555,0.004293662,0.610058
852,-0.00507025,0.006263059,0.6078693
853,-0.002730367,-0.01869235,0.6178527
854,0.0002484632,0.005037277,0.6110619
855,0.0008393711,0.007200085,0.6108413
856,0.004893619,0.006731941,0.6141747
857,-0.005691523,0.006730046,0.6037041
858,0.01804417,0.07843218,0.6068937
859,0.01915549,0.06340817,0.616518
860,0.008284825,0.05541514,0.6226496
861,0.01095835,0.05518667,0.6231859
862,0.03625106,0.05859753,0.6209744
863,0.0343052,0.05886454,0.6197971
864,0.03428683,0.06355948,0.6173664
865,0.03222894,0.06079532,0.6178972
866,0.02632748,0.07382237,0.6103719
867,0.02406531,0.06766613,0.6138399
868,0.02335127,0.06413996,0.6157023
869,0.01977831,0.06118578,0.6179031
870,0.01494851,0.05805318,0.6212778
871,0.01722648,0.05934732,0.6198298
872,0.02846595,0.06410763,0.6157924
873,0.02745132,0.06132117,0.6167426
874,0.02307966,0.06158338,0.61688
875,0.01993653,0.06015667,0.6185914
876,0.03019371,0.05893406,0.6193756
877,0.03058462,0.05969866,0.6183007
878,0.04861571,0.1177294,0.6349979
879,0.0397696,0.1226466,0.6271727
880,0.03719307,0.112164,0.6207322
881,0.04620044,0.1083183,0.6290136
882,0.02308169,0.06052136,0.6176347
883,0.0267043,0.06046703,0.6174632
884,0.03087816,0.1263828,0.6217408
885,0.02854758,0.1144085,0.6148295
886,0.02257014,0.1290362,0.6177474
887,0.01277459,0.1165903,0.608122
888,0.02053151,0.1153966,0.6108069
889,0.01453799,0.1309591,0.6151699
890,0.006476873,0.131999,0.6134748
891,-0.00170516,0.1322571,0.6124564
892,-0.002342036,0.1169111,0.605828
893,0.005272261,0.1167817,0.606435
894,0.004963979,0.101722,0.6043932
895,0.005588165,0.08703727,0.6032919
896,0.01302013,0.0881561,0.6041343
897,0.01216358,0.101723,0.6053535
898,0.01993139,0.08938571,0.6070449
899,0.01936368,0.1019213,0.6072301
900,0.02657014,0.1019999,0.6107247
901,0.02681533,0.09004439,0.6101926
902,0.0336148,0.08991833,0.613432
903,0.03466124,0.1007878,0.6157044
904,0.04184941,0.0877135,0.618827
905,0.04406605,0.09794131,0.6231608
906,0.05159844,0.09532242,0.6312084
907,0.04968982,0.08587468,0.6274736
908,0.05536107,0.08370849,0.6348682
909,0.05736922,0.09095222,0.6386749
910,0.01955614,-0.04161898,0.6339599
911,0.01101338,0.01178586,0.6105886
912,0.008629928,0.01266337,0.6062842
913,0.01186183,0.01080059,0.6145794
914,0.004634865,0.04520529,0.6163134
915,0.005575853,0.02224002,0.6044486
916,0.005415853,0.01948356,0.6021916
917,0.009032053,0.02017094,0.6082225
918,0.005765376,0.01574003,0.6017543
919,0.005430927,0.01337452,0.6023477
920,0.004301034,0.01193275,0.6034331
921,0.03630378,0.02242467,0.6234215
922,0.02866261,0.02420449,0.6215323
923,0.03398103,0.02861641,0.6235843
924,0.03253743,0.03516537,0.62444
925,0.03095625,0.04999809,0.6223344
926,0.0359187,0.04683855,0.6247934
927,0.032977,0.04568033,0.6237108
928,0.03532289,0.04043334,0.6256616
929,0.05585637,-0.006439719,0.6478217
930,0.0501818,-0.009589564,0.6413736
931,0.06061101,-0.002692217,0.6561058
932,0.06090041,0.005386373,0.6513702
933,0.05559292,0.001865869,0.6431562
934,0.06306358,0.03896344,0.6469243
935,0.06084358,0.03264407,0.643214
936,0.04992823,-0.001542724,0.6361545
937,0.04015682,-0.04420021,0.6604818
938,0.04354937,0.02246233,0.6267282
939,0.05617946,0.02771907,0.6369858
940,0.05017074,0.02397403,0.6313236
941,0.02175107,0.0270458,0.6204799
942,0.008524916,0.02242261,0.6100354
943,0.005425123,0.02503576,0.6064097
944,-0.004216332,0.03011468,0.5986358
945,-0.0006613682,0.02898608,0.6004729
946,0.03837269,0.04853247,0.6259685
947,0.04483416,0.04699777,0.6309846
948,0.04033299,0.05080323,0.6271733
949,0.05006575,0.04313759,0.6337845
950,0.04051518,0.02879561,0.625565
951,0.05940005,0.06847168,0.6419383
952,0.05614594,0.07238322,0.6359406
953,0.05251206,0.07557288,0.6298831
954,0.04680589,0.07778396,0.6224941
955,0.03982702,0.07965134,0.616222
956,0.03301989,0.08079702,0.6122978
957,0.02577697,0.0801478,0.609357
958,-0.00220435,0.1016426,0.60393
959,-0.001555549,0.08632154,0.6035262
960,0.0175516,-0.004364079,0.6201382
961,0.01583208,-0.009715214,0.6193039
962,0.002438514,0.02736794,0.6031263
963,0.01270059,-0.0157109,0.6203503
964,0.01391345,-0.01376233,0.6196283
965,0.009396175,-0.01515682,0.6179932
966,0.01170633,-0.01816696,0.623913
967,0.008290398,-0.01802171,0.6220463
968,0.008409498,0.05129676,0.6229621
969,0.01111324,0.04817893,0.6225913
970,0.01306395,0.05067375,0.6232852
971,0.01121287,0.05259673,0.6239123
972,0.000951534,0.04885021,0.6133158
973,0.0157236,0.03449441,0.6202444
974,0.01607045,0.03032816,0.6193613
975,0.01276603,0.05539061,0.6234484
976,0.07242715,0.03565808,0.6778628
977,0.07301858,0.04428281,0.6767238
978,0.07112482,0.04383454,0.6664901
979,0.01609527,0.01903535,0.6194882
980,0.006734039,0.004422039,0.615726
981,-0.0007060777,0.009321562,0.6052512
982,0.002661683,0.01024906,0.6086116
983,0.03988129,0.05527849,0.6260586
984,0.03877714,0.05407016,0.6253706
985,0.03805071,0.05827725,0.6225744
986,0.03736192,0.05264173,0.6246152
987,0.03711931,0.05758882,0.6228449
988,0.05571558,0.1118403,0.6430262
989,0.05346056,0.1038297,0.6364008
990,0.03938061,0.05792668,0.6241708
991,0.04167992,0.05853889,0.6252371
992,0.03849037,0.05729452,0.6243488
993,0.005266839,-0.06506104,0.6561528
994,0.006323966,-0.06561474,0.6652759
995,0.01229639,-0.06356492,0.6568823
996,0.01968756,-0.06039767,0.6574896
997,0.02688204,-0.05558768,0.6589022
998,0.0214393,-0.05989084,0.66627
999,0.02873868,-0.05497123,0.666882
1000,0.01281596,-0.000939264,0.6179805
1001,0.01364644,-0.0636226,0.6658704
1002,0.0379617,0.03574874,0.6258842
1003,0.05083442,-0.03364423,0.6756188
1004,0.06487894,0.0009846184,0.6645123
1005,0.05569763,0.03770692,0.6368501
1006,0.04729548,0.05719348,0.6323624
1007,0.04661716,0.05879682,0.630303
1008,0.04289524,0.05694196,0.6283054
1009,0.04247009,0.05791769,0.6269903
1010,0.04033346,0.056785,0.6262348
1011,0.04028405,0.05738048,0.6256669
1012,0.03921534,0.05701817,0.6256127
1013,0.06819931,0.004135673,0.676745
1014,0.06377291,0.04485523,0.6489601
1015,0.04298065,0.05587289,0.6288043
1016,0.04027029,0.05609383,0.6262006
1017,0.0475408,0.05536684,0.6336576
1018,0.05283238,0.05381324,0.6383379
1019,0.0585185,0.05187946,0.6431361
1020,0.007386931,0.0001889355,0.6153041
1021,0.01278703,0.0153094,0.6134446
1022,0.01293564,0.01288137,0.6146667
1023,0.06806573,0.04390298,0.6570719
1024,0.07006736,0.01258251,0.6784159
1025,0.06906222,0.005003436,0.6872007
1026,0.05979155,0.09801628,0.6440596
1027,0.06201699,0.1056352,0.65118
1028,0.07418173,0.04466747,0.6878714
1029,0.0735971,0.03552098,0.6896576
1030,0.07073593,0.0143643,0.6898048
1031,0.05284343,-0.03127932,0.6854255
1032,0.007109259,-0.06584301,0.6726333
1033,0.01499211,-0.06339897,0.6733549
1034,0.02262575,-0.05951106,0.6743307
1035,0.02982589,-0.05441607,0.674955
1036,0.02355576,-0.05958311,0.6813821
1037,0.03136197,-0.05370412,0.6827845
1038,0.01587628,-0.06387033,0.6802285
1039,0.00790412,-0.06661715,0.6793764
1040,0.03760958,-0.04795253,0.6753339
1041,0.03609996,-0.04928497,0.6671639
1042,0.04640924,-0.0393164,0.6850585
1043,0.0391445,-0.0468507,0.6841518
1044,0.03107634,-0.05008905,0.6530414
1045,0.03399311,-0.05003293,0.6601983
1046,0.0427024,-0.043141,0.6673248
1047,0.04462639,-0.0411735,0.6756767
1048,0.05966434,0.07943103,0.641749
1049,0.06164186,0.06331931,0.6466103
1050,0.06222502,0.08506986,0.6463736
1051,0.0629335,0.07416673,0.6482553
1052,0.06558843,0.06690557,0.6539655
1053,0.0682354,0.06986179,0.6599206
1054,0.06582697,0.07844833,0.6538848
1055,0.06524476,0.09111759,0.6524224
1056,0.06881917,0.08269446,0.6604456
1057,0.07100777,0.07292609,0.6671162
1058,0.06766514,0.09789543,0.6609599
1059,0.07195836,0.08704753,0.6693175
1060,0.0737849,0.075711,0.6768126
1061,0.07318795,0.05328515,0.6746513
1062,0.07115981,0.05226061,0.665451
1063,0.0682525,0.05137565,0.6572619
1064,0.07437509,0.05418091,0.68479
1065,0.07415325,0.06440592,0.6813792
1066,0.07304475,0.06272314,0.6717976
1067,0.0635211,0.05696643,0.6497421
1068,0.06383739,0.05101417,0.649668
1069,0.067678,0.05902033,0.6569981
1070,0.07045913,0.06090209,0.6637457
1071,0.03963667,0.05663595,0.6262978
1072,-0.006095677,-0.01882248,0.6175768
1073,-0.07287964,0.002253204,0.6788127
1074,0.06714881,0.0054388,0.6700273
1075,-0.02831073,0.05626303,0.6252019
1076,-0.02713905,0.05739652,0.6242989
1077,-0.02542123,0.05784925,0.6237326
1078,-0.02295456,0.05976104,0.6202302
1079,-0.02378872,0.06686807,0.6114905
1080,-0.02018285,0.06856715,0.6093324
1081,-0.01614409,0.06853239,0.6078746
1082,-0.008785229,0.06882796,0.6062995
1083,-0.001350044,0.06872864,0.606953
1084,0.002595351,0.06883641,0.6080949
1085,0.006367118,0.06732454,0.6099416
1086,0.007256622,0.06037169,0.6183407
1087,0.0103091,0.05826826,0.6215909
1088,0.0121436,0.0578072,0.6218796
1089,0.01344465,0.0567615,0.6226096
1090,0.02439798,0.0519441,0.6223109
1091,0.0215533,0.05221165,0.6225841
1092,0.02741901,0.05145932,0.6223065
1093,0.03500683,0.05251652,0.6240608
1094,0.0329427,0.05204213,0.6233242
1095,0.01670958,0.05288979,0.6238168
1096,0.01907654,0.05233696,0.6231
1097,0.01461016,0.05413906,0.6243109
1098,0.01362366,0.05468906,0.6245009
1099,0.03041275,0.05164527,0.6226587
1100,0.03673517,0.05340087,0.6247066
1101,0.03830754,0.05454934,0.6255609
1102,0.03928881,0.05564284,0.6261895
1103,-0.03624577,0.05126664,0.6262636
1104,-0.03909798,0.0508821,0.626376
1105,-0.04204361,0.05025865,0.6267826
1106,-0.04735946,0.05059518,0.6284994
1107,-0.04932116,0.05097877,0.6294649
1108,-0.03369309,0.05143479,0.6264547
1109,-0.03124738,0.05207193,0.6268597
1110,-0.02810273,0.05401985,0.6271321
1111,-0.02911764,0.05340052,0.6270689
1112,-0.04494561,0.05033947,0.627522
1113,-0.05098589,0.05175256,0.6303379
1114,-0.05247537,0.05278188,0.6313569
1115,-0.05340681,0.05382037,0.6320646
1116,-0.05374362,0.05484577,0.6321484
1117,0.03968936,0.05630232,0.626368
1118,-0.02094977,0.008777379,0.6142308
1119,0.00682936,0.009374524,0.6124449
1120,-0.03143452,-0.01983917,0.6349407
1121,-0.03131433,-0.02110639,0.6350706
1122,-0.02841915,-0.01904585,0.6337944
1123,-0.02815692,-0.02156212,0.6333042
1124,-0.02590772,-0.01857911,0.6323599
1125,-0.02548265,-0.02112156,0.632086
1126,-0.01260594,-0.0172913,0.6243409
1127,-0.01247103,-0.02044312,0.6239499
1128,-0.01564351,-0.0204092,0.6255952
1129,-0.01575493,-0.0173147,0.6259615
1130,-0.008898494,-0.01747933,0.6231567
1131,-0.008688392,-0.02060581,0.622664
1132,-0.005795688,-0.0174863,0.6227093
1133,-0.005636877,-0.02060002,0.6221705
1134,-0.02245506,-0.02080561,0.6299607
1135,-0.02275455,-0.01804454,0.6302127
1136,-0.01924611,-0.01754677,0.6281918
1137,-0.01906591,-0.02041704,0.6279174
1138,-0.03186172,-0.02027439,0.6345416
1139,0.02154118,-0.01988378,0.6320134
1140,0.01820057,-0.02049793,0.6306494
1141,0.01835303,-0.01796241,0.6310949
1142,0.02152772,-0.01860746,0.6318538
1143,0.01539016,-0.0202202,0.6297724
1144,0.01562808,-0.01763913,0.6299745
1145,0.001161751,-0.01699162,0.6235706
1146,0.004539497,-0.01685975,0.6248093
1147,0.004718279,-0.02007047,0.6244984
1148,0.001370375,-0.02024642,0.623221
1149,-0.002539537,-0.02055315,0.62238
1150,-0.002655124,-0.01733365,0.6228265
1151,0.01207957,-0.02010596,0.6280289
1152,0.008446018,-0.01991045,0.6264108
1153,0.008338914,-0.01693914,0.6266395
1154,0.01214078,-0.01727461,0.6282334
1155,0.02196535,-0.01903987,0.6314183
1156,0.0311106,-0.002711417,0.6249926
1157,0.02635743,0.003912794,0.6226007
1158,0.02080458,0.01053131,0.6214973
1159,0.01536239,0.01665616,0.6196675
1160,0.01179999,0.02099432,0.6156654
1161,0.008250044,0.02480057,0.6117356
1162,0.005097708,0.02782501,0.6080788
1163,0.002168377,0.03042626,0.6049324
1164,-0.0008420438,0.03226504,0.6023359
1165,-0.004228503,0.03349889,0.6005366
1166,-0.008461258,0.03415192,0.6000336
1167,-0.01256213,0.03331697,0.6010787
1168,-0.01562916,0.03194601,0.6032924
1169,-0.01819539,0.02998821,0.6062415
1170,-0.02058317,0.0272711,0.6097457
1171,-0.02310695,0.02409144,0.6137759
1172,-0.02592028,0.02016767,0.6181023
1173,-0.02870681,0.01569147,0.6225598
1174,-0.03361946,0.009370844,0.6250528
1175,-0.03867999,0.002538323,0.6268265
1176,-0.04273921,-0.004251691,0.6297669
1177,-0.04676681,-0.01770326,0.6377847
1178,-0.04667003,-0.0236847,0.6409472
1179,-0.04548596,-0.02926437,0.6435972
1180,-0.03932672,-0.03872498,0.6452503
1181,-0.03505471,-0.04343106,0.6441727
1182,-0.03071725,-0.0486879,0.6426945
1183,-0.02551507,-0.05401099,0.6402136
1184,-0.01981826,-0.05712337,0.637303
1185,-0.01388322,-0.05851286,0.6351644
1186,-0.008536857,-0.05892057,0.633922
1187,-0.003561669,-0.05890106,0.633244
1188,0.001474814,-0.05868745,0.6333747
1189,0.006928247,-0.05800574,0.634001
1190,0.01300101,-0.05629126,0.6354646
1191,0.01883034,-0.05282103,0.6377021
1192,0.0239778,-0.04722293,0.6395722
1193,0.02811872,-0.04174223,0.6405199
1194,0.03209191,-0.03682294,0.6410082
1195,0.03727863,-0.02715551,0.6386173
1196,0.03772786,-0.02162109,0.6358192
1197,0.03701063,-0.01577233,0.6325693
1198,0.0394374,0.005721642,0.6255687
1199,0.02995914,0.01175664,0.621327
1200,0.02255656,0.01735526,0.6201083
1201,0.01639881,0.02224762,0.619113
1202,0.01185505,0.02648656,0.6166894
1203,0.008195648,0.03039412,0.6136318
1204,0.00486486,0.03374401,0.6106963
1205,0.001899067,0.0363133,0.6078746
1206,-0.0009413461,0.03824027,0.6053938
1207,-0.004257248,0.03939596,0.6035133
1208,-0.008393825,0.03994986,0.6030239
1209,-0.05118137,0.003764212,0.6315089
1210,-0.04267998,0.01016163,0.6261367
1211,-0.03579303,0.01607086,0.6239556
1212,-0.03008716,0.02121869,0.6221707
1213,-0.02610438,0.0256088,0.6191888
1214,-0.02303476,0.02970035,0.6156549
1215,-0.02027133,0.03316475,0.6123155
1216,-0.01780639,0.03588271,0.609146
1217,-0.01539666,0.03792505,0.6063292
1218,-0.01238615,0.03922178,0.6040322
1219,-0.05363292,-0.006432187,0.637763
1220,-0.05381037,-0.01447742,0.6432034
1221,-0.05309704,-0.02187714,0.6473421
1222,-0.05117632,-0.02873216,0.650516
1223,-0.04383183,-0.03996833,0.6527983
1224,-0.03907963,-0.04566313,0.6520204
1225,-0.03399807,-0.05122485,0.6504634
1226,-0.02804821,-0.05672821,0.6481689
1227,-0.02168422,-0.06068916,0.6458566
1228,-0.01498913,-0.06316108,0.6441775
1229,-0.008605552,-0.06402806,0.6429248
1230,-0.002917939,-0.06404737,0.6424289
1231,0.002789223,-0.06374774,0.6422654
1232,0.00924297,-0.06255683,0.6427878
1233,0.01597988,-0.05973805,0.6436872
1234,0.02239055,-0.05542689,0.645255
1235,0.02827724,-0.04959949,0.6468475
1236,0.03315772,-0.04381071,0.647811
1237,0.0375642,-0.03789836,0.6479908
1238,0.04379173,-0.02637174,0.6447923
1239,0.04485394,-0.01951259,0.6413291
1240,0.0445957,-0.01223245,0.637017
1241,0.0431778,-0.00433269,0.6314754
1242,0.05316333,0.01713993,0.6351475
1243,0.05940538,0.02102044,0.6428729
1244,0.07250585,0.02815687,0.6896524
1245,0.07152133,0.02773444,0.6781309
1246,0.06546146,0.02669488,0.6527569
1247,0.06944305,0.02708778,0.6662935
1248,0.04646897,0.01470183,0.6287035
1249,-0.06948452,0.0181152,0.6511558
1250,-0.06410193,0.01451423,0.642713
1251,-0.07674802,0.02390677,0.6757305
1252,-0.07451146,0.02358681,0.6617891
1253,-0.0773261,0.02449538,0.6877398
1254,-0.07684423,0.02492581,0.6992767
1255,-0.05815785,0.01236756,0.6354911
1256,0.03844538,0.01491186,0.6238888
1257,-0.05085917,0.01291564,0.6297304
1258,0.02238164,0.0220055,0.6199992
1259,0.01633092,0.02597754,0.6188824
1260,0.02992324,0.01806314,0.6211164
1261,0.008101408,0.03349122,0.6143138
1262,0.01179252,0.02989664,0.6168305
1263,0.004830401,0.03667442,0.6118724
1264,0.001796386,0.03958759,0.6093676
1265,-0.00102797,0.04154816,0.6070437
1266,-0.004383281,0.04281769,0.6052211
1267,-0.008352581,0.04299165,0.6046551
1268,-0.03020297,0.02490365,0.6219193
1269,-0.03587655,0.02068728,0.6238263
1270,-0.02616451,0.02901668,0.6192976
1271,-0.04298817,0.01641829,0.6259155
1272,-0.01766327,0.03914848,0.6106168
1273,-0.02021308,0.03612266,0.6134769
1274,-0.01523664,0.04124473,0.6079593
1275,-0.01220009,0.04264859,0.6057293
1276,-0.02300288,0.03277843,0.6163236
1277,-0.06492549,0.007797729,0.6466318
1278,-0.06973942,0.0107016,0.655777
1279,-0.05946483,0.005184869,0.6387133
1280,-0.04222881,-0.01271037,0.6327834
1281,-0.04542223,-0.0111532,0.6336521
1282,-0.04914337,-0.009069812,0.6350989
1283,0.06068508,0.01363913,0.6474659
1284,0.05482673,0.01046074,0.638926
1285,0.06510001,0.01670315,0.6570519
1286,0.04855882,0.00759381,0.6317229
1287,0.02887185,-0.01256201,0.6281258
1288,0.031464,-0.0110247,0.6281772
1289,0.03469371,-0.009417827,0.6285238
1290,0.03849257,-0.007192551,0.6294068
1291,0.07156653,0.02152875,0.6897262
1292,0.0706787,0.02029518,0.6785353
1293,0.06862459,0.01886034,0.6677322
1294,-0.07308768,0.01362318,0.6658708
1295,-0.07534781,0.01569199,0.6769418
1296,-0.07608603,0.01705133,0.6879244
1297,-0.07560404,0.01830244,0.6991668
1298,-0.03957113,-0.01420257,0.6323105
1299,0.02501981,-0.01551617,0.6271333
1300,0.02688914,-0.0140497,0.6275584
1301,0.02190145,-0.01753422,0.6277429
1302,0.02335602,-0.01663063,0.6272329
1303,-0.03398592,-0.01797974,0.6306131
1304,-0.03244198,-0.01879043,0.6309074
1305,-0.03571168,-0.01695829,0.6307569
1306,-0.03759262,-0.01560052,0.6314663
1307,-0.06078963,-0.02558706,0.692485
1308,-0.05976186,-0.02832115,0.6819444
1309,-0.05792001,-0.03111035,0.6728126
1310,-0.05529606,-0.03298157,0.6651905
1311,-0.05173138,-0.03403996,0.658338
1312,-0.04806989,-0.03460125,0.652384
1313,-0.04556312,-0.03474177,0.6482388
1314,-0.04288858,-0.03409721,0.6450948
1315,-0.04017631,-0.03285642,0.6425637
1316,-0.03798082,-0.0311858,0.6405582
1317,-0.03603087,-0.02928141,0.638447
1318,-0.033968,-0.02682181,0.6364816
1319,-0.03232552,-0.02425547,0.6346666
1320,-0.03119761,-0.02240304,0.6336446
1321,-0.0306528,-0.0209289,0.6325632
1322,-0.03032481,-0.01998279,0.6327086
1323,-0.02999867,-0.02141409,0.6343185
1324,-0.03024661,-0.01941734,0.6346308
1325,-0.0305904,-0.01984191,0.6324367
1326,-0.03137765,-0.01946091,0.6315435
1327,0.05833057,-0.02278372,0.6852346
1328,0.05622165,-0.02556159,0.6749738
1329,0.05351233,-0.02840805,0.66618
1330,0.05007095,-0.03042126,0.6589366
1331,0.0456888,-0.03161265,0.6525245
1332,0.04135137,-0.03234528,0.6470706
1333,0.03833548,-0.03261263,0.6432176
1334,0.03522948,-0.03206835,0.6404247
1335,0.0321731,-0.03093877,0.6382902
1336,0.0296569,-0.02940457,0.6366621
1337,0.02739718,-0.0276143,0.6348295
1338,0.02494038,-0.02530133,0.6331096
1339,0.02290842,-0.02290289,0.6315131
1340,0.02151115,-0.02114891,0.630628
1341,0.02069577,-0.01973156,0.6296374
1342,0.02028473,-0.01882718,0.6298275
1343,0.0201866,-0.0202311,0.6314461
1344,0.02030393,-0.01824234,0.6317028
1345,0.02035276,-0.01866195,0.62949
1346,0.02096703,-0.01825142,0.6285115
