0,-0.06356244,-0.1527431,0.7443919
1,-0.06372132,-0.1538441,0.737282
2,-0.06411655,-0.1560505,0.7204109
3,-0.06455144,-0.1554427,0.7090781
4,-0.06547365,-0.148984,0.6991791
5,-0.06623084,-0.1415293,0.6950631
6,-0.06663242,-0.1368868,0.6936069
7,-0.06738795,-0.1298192,0.6872541
8,-0.06769013,-0.1282597,0.6827912
9,-0.06822225,-0.1227273,0.6801217
10,-0.06853772,-0.1187242,0.6797975
11,-0.07381772,-0.05070505,0.6587954
12,-0.07274827,-0.06655578,0.6546403
13,-0.07202249,-0.07742554,0.6512827
14,-0.07028627,-0.09701546,0.6691011
15,-0.06965902,-0.10565,0.6724536
16,-0.07482054,-0.03916888,0.6555834
17,-0.07092359,-0.09161481,0.6523696
18,-0.07126785,-0.08775877,0.6504716
19,-0.06928761,-0.1110386,0.6729171
20,-0.0703753,-0.09592976,0.6623211
21,-0.07064679,-0.09430309,0.6550415
22,-0.06900394,-0.1148852,0.6745959
23,-0.07035003,-0.09570816,0.6666682
24,-0.07427166,-0.04529475,0.6586676
25,-0.07231837,-0.07307699,0.6526683
26,-0.07164687,-0.08271214,0.6502047
27,-0.07556858,-0.03028492,0.6518674
28,-0.07782595,-0.003269985,0.6440145
29,-0.08019959,0.02861914,0.6458905
30,-0.0790764,0.01250234,0.6427866
31,-0.07047011,-0.0957004,0.6586075
32,-0.07003055,-0.1002972,0.6709469
33,-0.06700911,-0.1328511,0.6913379
34,-0.06394404,-0.1549764,0.7280231
35,-0.07345855,-0.05595151,0.6574847
36,-0.1469252,-0.05634109,0.7490428
37,-0.1419362,-0.07676928,0.7531098
38,-0.1112199,-0.1312476,0.7470551
39,-0.1032942,-0.1399879,0.7394751
40,-0.1039164,-0.1372281,0.7473607
41,-0.1125564,-0.1278381,0.7561933
42,-0.09548476,-0.1424178,0.7137251
43,-0.09947797,-0.1426272,0.7246746
44,-0.1180931,-0.1245177,0.7461463
45,-0.09107231,-0.1383159,0.7061886
46,-0.1039244,-0.1323155,0.7130425
47,-0.110229,-0.1317116,0.7237757
48,-0.1197368,-0.1204718,0.7556508
49,-0.09817647,-0.1293577,0.7067398
50,-0.1180526,-0.1199374,0.7182131
51,-0.1099303,-0.1227236,0.7091503
52,-0.130312,-0.1090468,0.7419772
53,-0.1089175,-0.1023967,0.6867195
54,-0.1016375,-0.1058584,0.6893066
55,-0.1048425,-0.1153574,0.6986644
56,-0.1121187,-0.1131172,0.7001861
57,-0.1315897,-0.1045356,0.7525858
58,-0.08923041,-0.1356297,0.7027948
59,-0.1032182,-0.1218172,0.7049592
60,-0.08764829,-0.1329429,0.6993885
61,-0.09650626,-0.1273298,0.7040167
62,-0.0860244,-0.1244152,0.6893477
63,-0.09525599,-0.1256863,0.7012361
64,-0.1434327,-0.06164151,0.7147205
65,-0.1395069,-0.08628999,0.7522013
66,-0.09197826,-0.1202711,0.6955453
67,-0.09894875,-0.1205349,0.7025974
68,-0.1008029,-0.121063,0.7041712
69,-0.1023161,-0.116066,0.6989605
70,-0.08526745,-0.1212303,0.687324
71,-0.09525484,-0.11871,0.6988447
72,-0.100547,-0.1168934,0.6978582
73,-0.09944905,-0.06366234,0.6776828
74,-0.0992191,-0.06892999,0.6771289
75,-0.08438031,-0.1188744,0.6872849
76,-0.09067485,-0.1185243,0.6942296
77,-0.09630015,-0.1175176,0.6964605
78,-0.09766103,-0.1097511,0.6901799
79,-0.09938568,-0.1074487,0.6905376
80,-0.08409141,-0.1171891,0.6881995
81,-0.0900083,-0.1171977,0.6935102
82,-0.09404567,-0.1177885,0.697923
83,-0.09405077,-0.1143208,0.6908919
84,-0.09596333,-0.105158,0.6863281
85,-0.0912061,-0.06752801,0.6732844
86,-0.09067564,-0.0786785,0.6738508
87,-0.1181096,-0.07277492,0.6836195
88,-0.1252251,-0.06167788,0.6874887
89,-0.08979556,-0.1164553,0.6938049
90,-0.09328014,-0.1169723,0.6974607
91,-0.09478898,-0.11716,0.6968272
92,-0.0942044,-0.1087578,0.6864094
93,-0.09220576,-0.08674307,0.6780407
94,-0.09198312,-0.0587151,0.6751149
95,-0.09128686,-0.06343138,0.673724
96,-0.1002022,-0.05983998,0.6775586
97,-0.09311782,-0.1165005,0.6975398
98,-0.09377348,-0.1169131,0.6972022
99,-0.09230982,-0.1158738,0.6918509
100,-0.1174627,-0.06002862,0.6828482
101,-0.1209589,-0.05788266,0.6846265
102,-0.1414555,-0.03793476,0.7009411
103,-0.09326592,-0.116692,0.6976223
104,-0.09105475,-0.1167513,0.6928332
105,-0.09226289,-0.1125712,0.6872629
106,-0.08014289,-0.05747502,0.6607945
107,-0.07994422,-0.06847607,0.6582035
108,-0.08505665,-0.07213262,0.6651397
109,-0.08926283,-0.05550209,0.6736819
110,-0.08836824,-0.06010252,0.6717236
111,-0.09644127,-0.05839859,0.6769498
112,-0.1008946,-0.05563033,0.6759329
113,-0.1010535,-0.05172104,0.6745355
114,-0.1367813,-0.05326564,0.698948
115,-0.1319174,-0.05081017,0.6936204
116,-0.08994815,-0.117078,0.6943834
117,-0.08772527,-0.1142249,0.6840945
118,-0.09027737,-0.08473358,0.6709639
119,-0.0801115,-0.05189166,0.6618446
120,-0.07754129,-0.05135855,0.6598406
121,-0.1002557,-0.04732107,0.6732464
122,-0.1148645,-0.05552311,0.6794527
123,-0.1131266,-0.05241345,0.6768438
124,-0.1319609,-0.04336009,0.6898441
125,-0.1376432,-0.03145026,0.6884732
126,-0.1448255,-0.05409367,0.7148407
127,-0.1482672,-0.05043303,0.7346324
128,-0.1499874,-0.02443026,0.7194564
129,-0.1457642,-0.0470824,0.713718
130,-0.08620983,-0.1158143,0.6851766
131,-0.08297989,-0.09697177,0.6754684
132,-0.09110397,-0.08615489,0.6751439
133,-0.09000269,-0.08632635,0.6690902
134,-0.0881575,-0.08314824,0.6663378
135,-0.08927034,-0.05000092,0.6747058
136,-0.09774287,-0.05447873,0.6758929
137,-0.1136106,-0.0487662,0.6749806
138,-0.1271858,-0.04506102,0.6857187
139,-0.1283525,-0.04183075,0.6827792
140,-0.133638,-0.0375296,0.6853298
141,-0.1522354,-0.01984275,0.728518
142,-0.147494,-0.02899661,0.7128689
143,-0.08394228,-0.117492,0.6887845
144,-0.07937128,-0.1060356,0.6739502
145,-0.09089422,-0.08969861,0.6775783
146,-0.08865752,-0.09119207,0.670108
147,-0.08805113,-0.08553734,0.6649289
148,-0.08261056,-0.08011809,0.6579164
149,-0.0797462,-0.07891469,0.6546478
150,-0.07680248,-0.06733359,0.6556954
151,-0.08589082,-0.05178729,0.6708761
152,-0.08268602,-0.04724298,0.6650265
153,-0.09795328,-0.04644816,0.6736381
154,-0.1440509,-0.01680923,0.6961014
155,-0.07941101,-0.1116422,0.675321
156,-0.08853928,-0.09242192,0.6780999
157,-0.08692238,-0.09236689,0.6730652
158,-0.08693784,-0.09207338,0.6707091
159,-0.08764358,-0.08886988,0.6650703
160,-0.08680661,-0.09091894,0.6656265
161,-0.08464199,-0.04129087,0.6624647
162,-0.0822736,-0.04010301,0.6585398
163,-0.1317941,-0.03606622,0.6798238
164,-0.1253652,-0.04169076,0.6784161
165,-0.07743441,-0.1147308,0.6771584
166,-0.07525217,-0.1059647,0.6725155
167,-0.07337619,-0.09718959,0.6689882
168,-0.08507006,-0.09181437,0.666566
169,-0.08221115,-0.08837762,0.6568902
170,-0.07885681,-0.08829106,0.6534075
171,-0.07774293,-0.09172266,0.6547247
172,-0.08093212,-0.09121341,0.6576135
173,-0.07620344,-0.07803155,0.6523194
174,-0.1232684,-0.04676563,0.6825044
175,-0.1245069,-0.04540309,0.6805692
176,-0.1347635,-0.02963886,0.6813076
177,-0.1431121,-0.004285499,0.69076
178,-0.1403943,-0.01246985,0.6867648
179,-0.07522631,-0.1180801,0.6817462
180,-0.07878757,-0.09318231,0.6584874
181,-0.07640186,-0.09402224,0.6569679
182,-0.07434557,-0.0953122,0.6628355
183,-0.07979096,-0.03996226,0.6566865
184,-0.08634205,-0.04543298,0.6695096
185,-0.0963034,-0.04949243,0.6752038
186,-0.09512674,-0.05281714,0.6757444
187,-0.09598283,-0.04651483,0.6746254
188,-0.117589,-0.04849938,0.6779388
189,-0.1187154,-0.04702646,0.6744047
190,-0.07488779,-0.1181382,0.6815102
191,-0.07614543,-0.1110188,0.6736995
192,-0.07516304,-0.0882072,0.6513553
193,-0.07450496,-0.09183928,0.6530679
194,-0.09609513,-0.04127238,0.6681858
195,-0.09712939,-0.03602703,0.6600593
196,-0.0918086,-0.04905896,0.67592
197,-0.0935704,-0.04791898,0.6759663
198,-0.1190384,-0.0494622,0.679819
199,-0.1192079,-0.0489452,0.6775308
200,-0.1211706,-0.03428558,0.6672152
201,-0.1169868,-0.04120123,0.6703594
202,-0.07378042,-0.1148664,0.6756923
203,-0.07809864,-0.09464621,0.669798
204,-0.07487775,-0.09499205,0.666986
205,-0.07582154,-0.09433386,0.6664865
206,-0.07351574,-0.09444965,0.6556312
207,-0.07228236,-0.09589021,0.6624767
208,-0.09634247,-0.03111393,0.6544079
209,-0.09564223,-0.04589809,0.6712323
210,-0.09403856,-0.04708574,0.6766893
211,-0.1156187,-0.04886273,0.6763077
212,-0.1159154,-0.04983023,0.6752138
213,-0.1169349,-0.02754828,0.6607314
214,-0.1455758,0.004778586,0.6963373
215,-0.07169881,-0.1184087,0.6803886
216,-0.07258295,-0.0956037,0.6665018
217,-0.1024878,-0.03506609,0.6611562
218,-0.1022379,-0.02957251,0.6554904
219,-0.100068,-0.04126983,0.6677886
220,-0.09189138,-0.04749165,0.6752098
221,-0.1143217,-0.04729518,0.6717085
222,-0.1157962,-0.03291174,0.6636419
223,-0.1114622,-0.04059811,0.6678426
224,-0.1098951,-0.02822743,0.6576719
225,-0.07138704,-0.1186668,0.6803203
226,-0.1050564,-0.04063526,0.6672086
227,-0.108944,-0.03379771,0.6618822
228,-0.09883071,-0.04659977,0.6697122
229,-0.09670921,-0.04695078,0.6727223
230,-0.09727298,-0.04701368,0.6729726
231,-0.1317832,0.003622666,0.6724781
232,-0.1347352,0.0142647,0.676708
233,-0.1032331,-0.04677261,0.6693011
234,-0.1118983,-0.05004394,0.6731297
235,-0.1087272,-0.04712234,0.6697077
236,-0.09914453,-0.04822303,0.6718182
237,-0.09951881,-0.04770426,0.6723934
238,-0.1105672,-0.0483302,0.6734763
239,-0.1238753,0.006479397,0.662791
240,-0.1023047,-0.04893235,0.6712407
241,-0.1032134,-0.04746058,0.6724501
242,-0.1026216,-0.04841922,0.6720339
243,-0.1069048,-0.04982295,0.6715791
244,-0.1068801,-0.04790784,0.6726429
245,-0.1270883,0.01827561,0.6672317
246,-0.1190989,0.02169642,0.6603164
247,-0.1115137,0.02414425,0.6551316
248,-0.101227,0.01051839,0.6472584
249,-0.1085258,0.009231456,0.6508249
250,-0.1039482,0.02614455,0.6514416
251,-0.09228656,-0.004527189,0.6459176
252,-0.09929252,-0.005106911,0.6475459
253,-0.1062046,-0.005258128,0.6500161
254,-0.1130231,-0.005171761,0.6540408
255,-0.1205667,-0.006070636,0.6598971
256,-0.1290667,-0.008081868,0.668696
257,-0.080723,-0.04639578,0.6619303
258,-0.07854906,-0.04582294,0.6599358
259,-0.09327051,-0.05583468,0.676118
260,-0.08536638,-0.05644606,0.6690103
261,-0.08786751,-0.075065,0.6694289
262,-0.08891508,-0.0947752,0.6803173
263,-0.08713162,-0.1086761,0.6789545
264,-0.08513406,-0.113048,0.6799377
265,-0.1105237,-0.05267372,0.6757442
266,-0.1118345,-0.05643991,0.6782278
267,-0.1134919,-0.061017,0.681197
268,-0.1158437,-0.06559144,0.6824222
269,-0.1117016,-0.07280094,0.6810455
270,-0.08025232,-0.1149089,0.6792178
271,-0.07822043,-0.1176413,0.6836392
272,-0.0779134,-0.1175631,0.6831827
273,-0.1283699,-0.1039645,0.7136815
274,-0.1225773,-0.1080011,0.7072388
275,-0.1365302,-0.09413946,0.7299502
276,-0.1380431,-0.08784685,0.7244599
277,-0.124282,-0.1016734,0.6999706
278,-0.1257525,-0.05187394,0.6879165
279,-0.1199939,-0.05191092,0.6818686
280,-0.148579,-0.04782159,0.7455142
281,-0.1160087,0.00831113,0.655731
282,-0.08651361,0.01169515,0.6435025
283,-0.08770761,-0.08053745,0.667739
284,-0.08252198,-0.07647911,0.6592274
285,-0.07977703,-0.07521875,0.6560039
286,-0.07650927,-0.0741581,0.6537032
287,-0.1191218,-0.04786815,0.6794273
288,-0.1176295,-0.05411196,0.6807056
289,-0.1239635,-0.05487278,0.6865679
290,-0.1285839,-0.05821024,0.6903956
291,-0.1356395,-0.05823833,0.6977109
292,-0.08244675,-0.08395456,0.6566052
293,-0.07924902,-0.08329475,0.6531508
294,-0.07553177,-0.08283453,0.6510314
295,-0.08818857,0.0281953,0.6469295
296,-0.09078839,-0.09109485,0.680734
297,-0.09060567,-0.0835694,0.6729336
298,-0.0896594,-0.04710626,0.67397
299,-0.09873446,-0.08937199,0.6794236
300,-0.09566897,-0.09383263,0.6822726
301,-0.0945624,-0.09636991,0.6828952
302,-0.1051579,-0.07128349,0.6789336
303,-0.1047726,-0.06502353,0.6791332
304,-0.1045344,-0.06069785,0.6785077
305,-0.1044761,-0.05624609,0.6762702
306,-0.08164442,-0.09479091,0.673404
307,-0.09306487,-0.09994694,0.6827669
308,-0.09199272,-0.1051745,0.6827792
309,-0.09002577,-0.1105895,0.6829197
310,-0.09012423,-0.11528,0.6884162
311,-0.08886938,-0.1164348,0.689235
312,-0.08693736,-0.1173412,0.6917088
313,-0.08701482,-0.1168576,0.6910117
314,-0.09123676,-0.05261122,0.6750292
315,-0.09319632,-0.05054708,0.675538
316,-0.09460273,-0.04680175,0.6757983
317,-0.07541438,-0.09473494,0.6630653
318,-0.07736379,-0.09663714,0.6702461
319,-0.08265173,-0.09178603,0.6624951
320,-0.08480752,-0.09409519,0.6760081
321,-0.07277564,-0.09578563,0.6589512
322,-0.07507133,-0.09512901,0.6596655
323,-0.07632208,-0.09444291,0.660374
324,-0.07731878,-0.0935341,0.6640385
325,-0.117042,-0.04918926,0.6770773
326,-0.1144899,-0.0498565,0.6753707
327,-0.1105952,-0.04977408,0.6735193
328,-0.106448,-0.04929518,0.6723398
329,-0.0935122,-0.04737836,0.6756849
330,-0.09473745,-0.04801885,0.6758351
331,-0.09831642,-0.05094101,0.6748509
332,-0.1039424,-0.0522684,0.6744542
333,-0.1154139,-0.0520063,0.6780701
334,-0.1221224,-0.04653311,0.6777562
335,-0.1405662,0.009601079,0.6864426
336,-0.1379519,0.0001874119,0.6813422
337,-0.1356438,-0.009458877,0.6778829
338,-0.1299554,-0.0289165,0.672762
339,-0.126874,-0.03523427,0.6725922
340,-0.1214612,-0.04157406,0.6739419
341,-0.1190443,-0.04833233,0.6788471
342,-0.1213543,-0.04817423,0.6793844
343,-0.1173294,-0.05091383,0.6789636
344,-0.08445074,-0.03171817,0.6529506
345,-0.09030855,-0.03259275,0.654419
346,-0.09287895,-0.03693469,0.6599706
347,-0.09276123,-0.04164918,0.6683741
348,-0.09372765,-0.04562439,0.672587
349,-0.09468646,-0.04650342,0.6734902
350,-0.09537442,-0.04694377,0.6740245
351,-0.09753346,-0.1021805,0.6864252
352,-0.09913473,-0.1002943,0.6854697
353,-0.1040078,-0.09612073,0.6819475
354,-0.1065129,-0.07735224,0.6791399
355,-0.07094872,-0.1227149,0.6803061
356,-0.07079889,-0.1281355,0.6826308
357,-0.07055382,-0.1299233,0.6872393
358,-0.07040821,-0.1372093,0.693954
359,-0.06990022,-0.1418552,0.6954322
360,-0.07006466,-0.1492133,0.6996528
361,-0.07011583,-0.1555725,0.7094498
362,-0.07071109,-0.1561484,0.7206162
363,-0.07160392,-0.1539473,0.7376217
364,-0.07180394,-0.1526867,0.7449994
365,-0.07448188,-0.1221409,0.6808333
366,-0.07458022,-0.1270548,0.6825498
367,-0.07442184,-0.129759,0.6871808
368,-0.07428637,-0.1374127,0.6948389
369,-0.07420745,-0.1422475,0.6964307
370,-0.07529297,-0.1487996,0.7004541
371,-0.07639116,-0.1548419,0.7105296
372,-0.07756242,-0.1553532,0.7214776
373,-0.0790671,-0.1525493,0.7385099
374,-0.07984596,-0.1508586,0.7459951
375,-0.0777076,-0.1213237,0.682054
376,-0.07815236,-0.1254659,0.6832015
377,-0.07815715,-0.128929,0.6871778
378,-0.0780755,-0.1372806,0.6961042
379,-0.07859233,-0.1419013,0.6981696
380,-0.08084652,-0.1472875,0.702432
381,-0.08316115,-0.1526292,0.71172
382,-0.08483029,-0.1527319,0.7223426
383,-0.08727022,-0.1494583,0.7389521
384,-0.0878295,-0.1474838,0.7469527
385,-0.08719495,-0.1176084,0.6907083
386,-0.08821587,-0.1191892,0.6907761
387,-0.08998686,-0.1219855,0.6920853
388,-0.09294102,-0.1315737,0.70362
389,-0.09477976,-0.1337684,0.7066314
390,-0.09983905,-0.1371055,0.7134978
391,-0.1053332,-0.1374582,0.7249592
392,-0.1101109,-0.1346055,0.7391068
393,-0.08302034,-0.1011321,0.6758382
394,-0.07857479,-0.1003783,0.672736
395,-0.07410361,-0.1005666,0.6712479
396,-0.09583645,-0.1121458,0.6903753
397,-0.09838291,-0.1174838,0.6966678
398,-0.09683987,-0.1197013,0.7006409
399,-0.09383768,-0.1233256,0.6983417
400,-0.09087487,-0.1263523,0.6963047
401,-0.08672896,-0.1293312,0.6949867
402,-0.078069,-0.1326728,0.6925994
403,-0.07432619,-0.133204,0.692173
404,-0.07045958,-0.1330519,0.6916041
405,-0.07129449,-0.1550106,0.7283473
406,-0.07837769,-0.1542293,0.7294663
407,-0.0862266,-0.1517069,0.7302583
408,-0.1018975,-0.1417121,0.7323704
409,-0.1081818,-0.1366277,0.7320993
410,-0.1138934,-0.1307598,0.7308776
411,-0.1231548,-0.1173776,0.7249733
412,-0.1293388,-0.09680428,0.7074546
413,-0.1270785,-0.0768968,0.6910084
414,-0.1238666,-0.07109967,0.6868408
415,-0.1208036,-0.06421274,0.6847248
416,-0.1165556,-0.1283049,0.7379063
417,-0.1274229,-0.1136682,0.7323135
418,-0.1325914,-0.09870402,0.7216192
419,-0.1342327,-0.09191085,0.7154546
420,-0.132732,-0.07233007,0.6965401
421,-0.1003744,-0.1189006,0.7006385
422,-0.1022226,-0.1183811,0.7023504
423,-0.1046758,-0.1184342,0.7025177
424,-0.1114982,-0.1178324,0.7051237
425,-0.1203664,-0.1138689,0.7134063
426,-0.1263629,-0.1108195,0.7197442
427,-0.1309502,-0.1060122,0.7280795
428,-0.1355626,-0.09951642,0.738625
429,-0.1365867,-0.09579376,0.751228
430,-0.09798546,-0.1188563,0.699027
431,-0.09606452,-0.1183184,0.6981643
432,-0.09476013,-0.1175374,0.6977915
433,-0.09402703,-0.1170094,0.6977988
434,-0.09353417,-0.1166558,0.6979499
435,-0.1333084,-0.06306551,0.6949658
436,-0.1215814,-0.0498269,0.682632
437,-0.1307609,-0.05467016,0.6925179
438,-0.1271003,-0.04876538,0.6884175
439,-0.1228766,-0.04835593,0.6834348
440,-0.1198969,-0.04739673,0.6807007
441,-0.1203844,-0.0482797,0.6807187
442,-0.1214407,-0.04708865,0.6816787
443,-0.0852084,-0.00391221,0.644767
444,-0.09398358,0.01103368,0.644861
445,-0.09619527,0.02748059,0.6487823
446,-0.07718293,-0.05673648,0.6585319
447,-0.08528438,-0.06129013,0.6676347
448,-0.08822041,-0.06479682,0.6707485
449,-0.1000418,-0.07419039,0.6771778
450,-0.1138708,-0.07929263,0.681959
451,-0.1207898,-0.0789874,0.6860551
452,-0.1372908,-0.0666654,0.7022436
453,-0.1399633,-0.06014296,0.7051597
454,-0.123355,-0.02816538,0.6654676
455,-0.1393491,-0.08918286,0.7419376
456,-0.1457882,-0.06072107,0.7262064
457,-0.1467275,-0.05856089,0.7374151
458,-0.1292561,-0.06776159,0.6909551
459,-0.1412277,-0.05436943,0.7062864
460,-0.1472157,-0.009560332,0.7009712
461,-0.1471516,-0.05277422,0.7245291
462,-0.1496567,-0.001124978,0.7080775
463,-0.1368735,-0.041334,0.6948556
464,-0.1104512,-0.06585898,0.6806178
465,-0.1092749,-0.06129414,0.6797546
466,-0.1082202,-0.0567018,0.677112
467,-0.1071628,-0.05269312,0.6749576
468,-0.08941638,-0.0889897,0.6693749
469,-0.1202727,-0.04748299,0.6812164
470,-0.1209786,-0.04759702,0.6812251
471,-0.1234615,-0.04727282,0.6836479
472,-0.1277636,-0.04684566,0.6885623
473,-0.132351,-0.04734294,0.6933911
474,-0.1373182,-0.0486542,0.6988405
475,-0.1419464,-0.04858365,0.7059049
476,-0.1481108,-0.04488057,0.7218799
477,-0.149513,-0.04214126,0.7308533
478,-0.1499766,-0.0392083,0.7406228
479,-0.09402659,-0.08323205,0.6773506
480,-0.09486961,-0.07080242,0.6752935
481,-0.09450677,-0.06628035,0.6753494
482,-0.09533438,-0.06168833,0.6763819
483,-0.08798542,-0.1020775,0.6791649
484,-0.08312503,-0.1073295,0.6762401
485,-0.08208761,-0.1124219,0.6772703
486,-0.08904397,-0.09147684,0.6741593
487,-0.09073547,-0.08741346,0.6727234
488,-0.0823766,-0.05331442,0.6649845
489,-0.08250172,-0.05881047,0.6639892
490,-0.08249844,-0.06989704,0.6613444
491,-0.08507711,-0.07840008,0.6632702
492,-0.08506642,-0.08159724,0.6618761
493,-0.08479395,-0.08468901,0.6601561
494,-0.08471852,-0.0884665,0.6603948
495,-0.08405223,-0.09065734,0.6613033
496,-0.07658184,-0.01856147,0.6475698
497,-0.08434059,-0.01935351,0.6476549
498,-0.09148403,-0.01964913,0.6481217
499,-0.09879694,-0.01933695,0.6494423
500,-0.105575,-0.01843782,0.6525759
501,-0.1120479,-0.01774709,0.6559744
502,-0.1184954,-0.01774524,0.6598224
503,-0.1260359,-0.01931662,0.6663576
504,-0.1331157,-0.01977406,0.6760256
505,-0.1379896,-0.02058788,0.6844435
506,-0.1413163,-0.02345107,0.6926538
507,-0.1451086,-0.03303069,0.7075441
508,-0.09040514,-0.08956963,0.6741253
509,-0.09557915,-0.1429527,0.7473698
510,-0.09532083,-0.145077,0.7394361
511,-0.09421028,-0.1470541,0.731452
512,-0.09268521,-0.1480448,0.7234471
513,-0.08979082,-0.1482936,0.7129883
514,-0.08661079,-0.1433937,0.7050378
515,-0.08423607,-0.1397858,0.7008603
516,-0.08274788,-0.1359634,0.6979076
517,-0.08267921,-0.1315409,0.6934764
518,-0.08202882,-0.1271307,0.6876534
519,-0.08152273,-0.1236715,0.6846434
520,-0.08135177,-0.120063,0.6844229
521,-0.08104281,-0.1172995,0.6856294
522,-0.08128212,-0.1173697,0.686102
523,-0.08344926,-0.1152296,0.6817911
524,-0.0866542,-0.09240395,0.6765311
525,-0.08046193,-0.09230977,0.6675696
526,-0.1406727,-0.08354136,0.7330296
527,-0.1419972,-0.08076586,0.7422375
528,-0.1047153,-0.1347363,0.7559957
529,-0.07202331,-0.1521577,0.7519436
530,-0.08011901,-0.1500039,0.7530106
531,-0.06335788,-0.1523449,0.7511863
532,-0.0881238,-0.1462406,0.7540737
533,-0.09640568,-0.1409322,0.7551054
534,-0.09203661,-0.1295053,0.7000648
535,-0.146405,-0.02181055,0.7051263
536,-0.1493047,-0.01627063,0.7108819
537,-0.1521241,-0.01026582,0.7188113
538,-0.1205994,-0.04750335,0.6802772
539,-0.1225943,-0.04744529,0.681146
540,-0.1262314,-0.04480734,0.6834231
541,-0.1305398,-0.04248042,0.6868606
542,-0.1354174,-0.03925249,0.6904702
543,-0.1400801,-0.03398442,0.6954054
544,-0.1435673,-0.02728995,0.7004063
545,-0.1460491,-0.03999683,0.7121165
546,-0.1484516,-0.03687317,0.7185449
547,-0.1505513,-0.03354616,0.7261953
548,-0.1510757,-0.02988807,0.7352058
549,-0.1211737,-0.04721577,0.68161
550,-0.1235212,-0.0467504,0.6834399
551,-0.1277872,-0.04572177,0.6874374
552,-0.1327512,-0.04495286,0.6922752
553,-0.1377257,-0.04434307,0.6981076
554,-0.1423531,-0.0431383,0.7050996
555,-0.03265696,-0.1333454,0.7114047
556,-0.02631323,-0.1322355,0.7224737
557,-0.02178326,-0.1257542,0.7210518
558,-0.02891052,-0.127854,0.7108181
559,-0.05911878,-0.1547724,0.7090433
560,-0.05758078,-0.1551754,0.7201847
561,-0.05097291,-0.1534216,0.7205711
562,-0.05321366,-0.1532443,0.7096053
563,-0.03841413,-0.1316027,0.7042785
564,-0.03506889,-0.1269454,0.7041657
565,-0.01817831,-0.1237591,0.7276412
566,-0.01540093,-0.1207917,0.7344061
567,-0.007386927,-0.1054012,0.7285309
568,-0.01122195,-0.1099538,0.7214007
569,-0.06097635,-0.1485935,0.6993213
570,-0.05603576,-0.1475962,0.6997499
571,-0.04711712,-0.1504719,0.7102674
572,-0.04437024,-0.1498739,0.720954
573,-0.03767712,-0.1444845,0.7216422
574,-0.04150981,-0.1459243,0.7112773
575,-0.04087518,-0.1298694,0.701084
576,-0.03755022,-0.1255179,0.7011907
577,-0.02414878,-0.1177568,0.7060307
578,-0.01601932,-0.1134876,0.7149043
579,-0.01507396,-0.1069053,0.7098495
580,-0.02382179,-0.1122439,0.7017221
581,-0.004965775,-0.09713902,0.7240643
582,-0.009519041,-0.1028848,0.7159817
583,-0.06256554,-0.1414503,0.695145
584,-0.05833768,-0.1413887,0.695744
585,-0.05095761,-0.1458002,0.701245
586,-0.0457882,-0.1421337,0.7031482
587,-0.03648261,-0.1395618,0.7116446
588,-0.04195444,-0.1366551,0.7039641
589,-0.03101776,-0.1187329,0.7009789
590,-0.03039191,-0.09476859,0.6844709
591,-0.03645656,-0.1008691,0.6849465
592,-0.03149252,-0.1106016,0.6936677
593,-0.02459574,-0.106508,0.6967618
594,-0.004467487,-0.09988468,0.7378135
595,-0.00303176,-0.09489188,0.7482272
596,0.0004560947,-0.08531705,0.7466538
597,-0.0007032156,-0.0893748,0.734152
598,-0.05412901,-0.1407596,0.6970083
599,-0.04894967,-0.138536,0.6990327
600,-0.0307073,-0.1147751,0.6976796
601,-0.04168356,-0.1214078,0.6948811
602,-0.04449906,-0.1246775,0.6935781
603,-0.04250032,-0.1277497,0.6975178
604,-0.03963301,-0.1238784,0.6981196
605,-0.03400966,-0.1185037,0.699412
606,-0.03375552,-0.1152964,0.6967312
607,-0.06356776,-0.1327318,0.6913185
608,-0.06286421,-0.1367079,0.6936605
609,-0.05903796,-0.1365982,0.6941844
610,-0.05976924,-0.1325078,0.6915948
611,-0.03446653,-0.1120557,0.6930815
612,0.001686789,-0.07268748,0.7284352
613,0.002910212,-0.04945308,0.7215109
614,0.0001488775,-0.05128564,0.7105534
615,-0.0007706955,-0.07766728,0.7200553
616,-0.05625102,-0.1315285,0.6915884
617,-0.05542253,-0.1361693,0.6950098
618,-0.05110472,-0.1345363,0.6962384
619,-0.0520684,-0.1300196,0.69203
620,-0.04655029,-0.1313687,0.6971805
621,-0.04830817,-0.1279097,0.6927733
622,-0.04888281,-0.1176592,0.6877733
623,-0.04664334,-0.1201607,0.6893376
624,-0.0444795,-0.1183491,0.6919407
625,-0.04614537,-0.1165881,0.6903645
626,-0.03668588,-0.1179744,0.6976882
627,-0.03919791,-0.1172233,0.6957896
628,-0.03852979,-0.1033682,0.6854197
629,-0.03651043,-0.08926947,0.6802167
630,-0.04015422,-0.09552024,0.6819593
631,-0.06460021,-0.1278618,0.6822522
632,-0.06426974,-0.1296459,0.6869402
633,-0.06059578,-0.1290987,0.686481
634,-0.06115643,-0.1264272,0.6817125
635,-0.03627482,-0.1155693,0.6953839
636,-0.03873686,-0.115528,0.6940418
637,-0.04154209,-0.0983879,0.6822554
638,-0.04514548,-0.08972127,0.6797969
639,-0.04273242,-0.08394371,0.6778164
640,-0.0454254,-0.06004107,0.6761512
641,-0.04502775,-0.06533996,0.6756592
642,-0.03882192,-0.06682751,0.6771625
643,-0.03989054,-0.06062715,0.6773103
644,-0.05796045,-0.1246028,0.6818944
645,-0.05708263,-0.1279878,0.6861463
646,-0.05366206,-0.1259082,0.6861197
647,-0.05494983,-0.1225676,0.682853
648,-0.0501137,-0.1229837,0.6871531
649,-0.05164538,-0.119837,0.6849797
650,-0.04983812,-0.1158938,0.6870533
651,-0.04696126,-0.1151661,0.6892755
652,-0.0411135,-0.1162546,0.6939276
653,-0.04262237,-0.1152976,0.6929682
654,-0.0389233,-0.1135925,0.6913853
655,-0.03674109,-0.1130273,0.6921701
656,-0.0403204,-0.1060239,0.6851662
657,-0.04200405,-0.1087,0.6854166
658,-0.04589066,-0.09312379,0.6798964
659,-0.06549823,-0.1224615,0.6798032
660,-0.06214631,-0.1215897,0.6798511
661,-0.05014087,-0.1149757,0.6870905
662,-0.04721722,-0.1142692,0.6893764
663,-0.04069456,-0.1150081,0.6930594
664,-0.04210697,-0.1144866,0.6924809
665,-0.0441937,-0.1056722,0.6823064
666,-0.04282151,-0.1018197,0.6820649
667,-0.04689582,-0.09713317,0.6795352
668,-0.05276218,-0.07548597,0.672303
669,-0.05343185,-0.06490108,0.6719507
670,-0.0570079,-0.06247427,0.6694986
671,-0.05624183,-0.07251852,0.6679337
672,-0.0408976,-0.05629344,0.6765838
673,-0.04531568,-0.05605644,0.6758995
674,-0.01447039,-0.05981306,0.6875581
675,-0.01966711,-0.05414605,0.6843036
676,-0.02388573,-0.05744855,0.6818438
677,-0.01969522,-0.06397239,0.6838573
678,-0.06566741,-0.1183951,0.6798019
679,-0.06227798,-0.1175338,0.6803411
680,-0.0590684,-0.1205157,0.6805061
681,-0.05569865,-0.118888,0.6822442
682,-0.0527768,-0.1174478,0.6844233
683,-0.04358414,-0.1143715,0.6924118
684,-0.04087045,-0.1138673,0.69114
685,-0.0435836,-0.1111061,0.6858231
686,-0.0451802,-0.1128606,0.6866748
687,-0.04226526,-0.1139401,0.691337
688,-0.05382908,-0.06090526,0.6725206
689,-0.05365241,-0.05615643,0.6739465
690,-0.05686055,-0.05330946,0.6727176
691,-0.05730593,-0.0579141,0.6707124
692,-0.04172942,-0.05190476,0.6742908
693,-0.04532415,-0.05172574,0.6740944
694,-0.03605699,-0.05618552,0.6775178
695,-0.03797237,-0.05172728,0.6748125
696,-0.02466495,-0.0508996,0.6816775
697,-0.02799378,-0.05366366,0.6800506
698,-0.05929843,-0.1167568,0.6814283
699,-0.05627934,-0.1161108,0.6831126
700,-0.05318147,-0.1156304,0.6849142
701,-0.04372483,-0.1138726,0.6923943
702,-0.04282886,-0.114144,0.6924899
703,-0.04581565,-0.1095307,0.6828774
704,-0.0476445,-0.1124378,0.6838228
705,-0.0527659,-0.05301251,0.6748954
706,-0.04987142,-0.05864319,0.675053
707,-0.04927725,-0.05512491,0.6755152
708,-0.04331919,-0.1139368,0.6926926
709,-0.04315148,-0.1139953,0.6917754
710,-0.04614372,-0.1139416,0.6877467
711,-0.06379678,-0.05738689,0.6633183
712,-0.06244358,-0.06833004,0.6604645
713,-0.05949356,-0.07010555,0.6639824
714,-0.06055858,-0.05951867,0.6666176
715,-0.04871962,-0.05098496,0.6742693
716,-0.05144658,-0.04965465,0.6743837
717,-0.008705307,-0.04382555,0.6949918
718,-0.01426797,-0.04200265,0.6899608
719,-0.01489815,-0.04602016,0.6889067
720,-0.00905817,-0.0490035,0.6938039
721,-0.04361708,-0.1139011,0.6923405
722,-0.04702459,-0.1145566,0.6895426
723,-0.04860144,-0.1137715,0.6845977
724,-0.06724869,-0.05097401,0.6614227
725,-0.07001684,-0.0507646,0.659543
726,-0.06964643,-0.05614988,0.658235
727,-0.06646069,-0.05647682,0.6603119
728,-0.0475343,-0.04339228,0.6714807
729,-0.04579713,-0.04792987,0.672829
730,-0.04290368,-0.04806484,0.6725136
731,-0.04469391,-0.04322984,0.670598
732,-0.03968129,-0.04796244,0.6729312
733,-0.04106483,-0.04294527,0.6703715
734,-0.01979598,-0.04059853,0.6851436
735,-0.02062622,-0.04396641,0.6846621
736,-0.01545955,-0.03451538,0.6864989
737,-0.01437471,-0.03597683,0.6887584
738,-0.00921971,-0.03469138,0.6941446
739,-0.01065493,-0.03186682,0.6911379
740,-0.05002145,-0.1151272,0.6872815
741,-0.05026343,-0.08323823,0.676069
742,-0.0521313,-0.08059169,0.6712437
743,-0.0523049,-0.08187869,0.6694107
744,-0.051008,-0.08311059,0.6733224
745,-0.05237254,-0.08616278,0.667948
746,-0.05242759,-0.08344057,0.6676064
747,-0.0546467,-0.08288878,0.6636456
748,-0.05432709,-0.08621623,0.6637743
749,-0.03371998,-0.04316431,0.6727766
750,-0.03366285,-0.04684462,0.6744754
751,-0.03144149,-0.04580273,0.675598
752,-0.031702,-0.04283792,0.6739241
753,-0.02461216,-0.04071157,0.680496
754,-0.02574604,-0.04240822,0.6797208
755,-0.01999588,-0.03379051,0.6800581
756,-0.01733037,-0.03394703,0.683804
757,-0.0126462,-0.03008028,0.68699
758,-0.01483652,-0.02856502,0.6819846
759,-0.05245053,-0.1064585,0.6761453
760,-0.05631459,-0.1056233,0.6741166
761,-0.05670919,-0.1108307,0.6751026
762,-0.05370923,-0.1110456,0.6769458
763,-0.0505877,-0.08686779,0.6757604
764,-0.05062613,-0.08838396,0.6786489
765,-0.06097718,-0.07837731,0.6570697
766,-0.06412955,-0.07769855,0.653994
767,-0.06404337,-0.08208883,0.6525189
768,-0.06062845,-0.08224999,0.6557618
769,-0.06864209,-0.06664985,0.6552987
770,-0.06529266,-0.06726773,0.6575601
771,-0.06517401,-0.04588214,0.6644886
772,-0.06090961,-0.04995583,0.6701518
773,-0.06144824,-0.04347346,0.6687868
774,-0.06397086,-0.03965553,0.6619959
775,-0.04858485,-0.04740949,0.6732353
776,-0.0494877,-0.04325721,0.6724896
777,-0.05143174,-0.04363525,0.6734014
778,-0.05076281,-0.04636362,0.6737894
779,-0.02360009,-0.03750198,0.6782697
780,-0.02179568,-0.03684317,0.6807289
781,-0.01702523,-0.02736612,0.6767542
782,-0.02316114,-0.03383397,0.6758595
783,-0.05241198,-0.08995053,0.6764243
784,-0.0542446,-0.09011498,0.6751047
785,-0.05586715,-0.09203242,0.6746284
786,-0.05184847,-0.09233229,0.6782402
787,-0.05409167,-0.08995319,0.6717022
788,-0.05418939,-0.08959615,0.6693895
789,-0.05629327,-0.08956154,0.6653795
790,-0.06365109,-0.08703522,0.6527905
791,-0.06017879,-0.08661917,0.6559995
792,-0.06729231,-0.03872941,0.6580839
793,-0.06744839,-0.04541256,0.6615136
794,-0.02587682,-0.0392361,0.6756051
795,-0.06417558,-0.1052365,0.6718009
796,-0.06005985,-0.1048392,0.6725603
797,-0.06163813,-0.09923802,0.671604
798,-0.06602135,-0.1000417,0.6707139
799,-0.06412592,-0.09064952,0.6542063
800,-0.06090414,-0.0896423,0.6568708
801,-0.06779478,-0.07737659,0.6519518
802,-0.06786432,-0.08221428,0.6506844
803,-0.05693351,-0.03361247,0.6586345
804,-0.06053345,-0.03007083,0.6534523
805,-0.0282098,-0.04203756,0.6758292
806,-0.02633064,-0.04059121,0.6771331
807,-0.02663036,-0.03441233,0.6719633
808,-0.02895242,-0.04066885,0.672512
809,-0.06069097,-0.1136432,0.6756396
810,-0.06196243,-0.1173593,0.6803951
811,-0.0591246,-0.1166116,0.6815535
812,-0.05806607,-0.1135356,0.6770774
813,-0.06251513,-0.1100676,0.6728342
814,-0.05934549,-0.1103546,0.6737931
815,-0.0626981,-0.09191021,0.6577752
816,-0.06482557,-0.09352337,0.6598733
817,-0.06737842,-0.08758481,0.6510264
818,-0.06976379,-0.03906558,0.6563833
819,-0.06980669,-0.04513635,0.6596788
820,-0.05575003,-0.03810799,0.6674496
821,-0.03113255,-0.04331597,0.6735548
822,-0.06736411,-0.0912692,0.6527784
823,-0.06649079,-0.03019027,0.6524175
824,-0.052097,-0.0371871,0.6671069
825,-0.05220041,-0.03158682,0.6588961
826,-0.05420603,-0.04230682,0.6715454
827,-0.0520538,-0.04247683,0.6699687
828,-0.02221375,-0.02713871,0.6700947
829,-0.0642425,-0.1143252,0.6748685
830,-0.06597453,-0.09433092,0.6664649
831,-0.06514193,-0.09353316,0.6659492
832,-0.06554924,-0.09394883,0.662475
833,-0.06658176,-0.09471869,0.6624755
834,-0.06597874,-0.09440845,0.6592717
835,-0.06498361,-0.09312275,0.6565061
836,-0.06780885,-0.09398784,0.6553578
837,-0.06817725,-0.0954221,0.658764
838,-0.05414291,-0.02740952,0.6530731
839,-0.04693281,-0.03011336,0.6596476
840,-0.04795074,-0.03669643,0.6665633
841,-0.05295189,-0.04381937,0.6723629
842,-0.0508761,-0.04418401,0.6714132
843,-0.05309231,-0.04435857,0.6754258
844,-0.05361101,-0.04517666,0.6747799
845,-0.05249622,-0.04506525,0.6745682
846,-0.05272877,-0.0439539,0.674543
847,-0.03122431,-0.03447074,0.6682361
848,-0.02810926,-0.02714774,0.6649547
849,-0.03371339,-0.02642944,0.6611577
850,-0.0369949,-0.03481945,0.6660598
851,-0.06718602,-0.0967627,0.6686095
852,-0.06817987,-0.09528475,0.666254
853,-0.06539987,-0.1180851,0.6797132
854,-0.06328811,-0.09567509,0.6694248
855,-0.06272358,-0.09350969,0.6689885
856,-0.05900945,-0.09318849,0.6723325
857,-0.06850239,-0.09558525,0.6622967
858,-0.04828176,-0.02494719,0.6537309
859,-0.04875968,-0.04276931,0.6682652
860,-0.05760503,-0.04476109,0.6731603
861,-0.05528934,-0.04495805,0.6741098
862,-0.03056698,-0.04306802,0.6746616
863,-0.03283663,-0.04403243,0.6732658
864,-0.0330971,-0.04174841,0.6699213
865,-0.0351758,-0.04444044,0.671385
866,-0.04056805,-0.02827524,0.6597519
867,-0.04335906,-0.03568733,0.6658974
868,-0.04455931,-0.04267295,0.6676482
869,-0.04821822,-0.04461098,0.6704447
870,-0.05205043,-0.04422718,0.6729674
871,-0.05021068,-0.0441855,0.6721366
872,-0.03892967,-0.04257303,0.6681964
873,-0.04020547,-0.04477242,0.6698382
874,-0.04494189,-0.04491672,0.6696528
875,-0.04797987,-0.04425612,0.6711842
876,-0.03702212,-0.04322705,0.6711802
877,-0.03687476,-0.04419737,0.6713192
878,-0.02217237,0.02279907,0.6733823
879,-0.03092416,0.02554615,0.6643465
880,-0.03240129,0.01348014,0.660213
881,-0.0235764,0.01190495,0.669521
882,-0.04501683,-0.04443748,0.6702683
883,-0.0411153,-0.04418861,0.6700864
884,-0.03979108,0.027706,0.657903
885,-0.04092781,0.01405802,0.6535659
886,-0.04805554,0.0289389,0.6531412
887,-0.05653732,0.01405954,0.6459082
888,-0.04884833,0.01387795,0.6490581
889,-0.05605014,0.02976582,0.6499382
890,-0.06406522,0.02990288,0.6477758
891,-0.07218827,0.02940173,0.6464288
892,-0.07157444,0.01289938,0.6430373
893,-0.06399216,0.01343024,0.6439409
894,-0.06319042,-0.00208652,0.6450255
895,-0.06155203,-0.01700956,0.6470838
896,-0.05405717,-0.01550616,0.6480207
897,-0.05596933,-0.001525015,0.6462581
898,-0.0472399,-0.0135068,0.6508782
899,-0.04882586,-0.0006179065,0.6483707
900,-0.04175897,0.000469923,0.6520969
901,-0.04052117,-0.0119215,0.654083
902,-0.03390369,-0.01098303,0.657604
903,-0.03379572,0.000718087,0.657598
904,-0.02582923,-0.01143382,0.6638826
905,-0.02462276,5.273521E-05,0.6659393
906,-0.01739277,-0.0003445297,0.6747665
907,-0.01832509,-0.01084699,0.6732064
908,-0.01301355,-0.01096803,0.6812038
909,-0.01180952,-0.002656713,0.6832272
910,-0.04450049,-0.1341212,0.7004523
911,-0.05266529,-0.08847345,0.6687238
912,-0.05477954,-0.08840947,0.6643432
913,-0.05211386,-0.08883105,0.6726555
914,-0.06093894,-0.05478467,0.6682174
915,-0.05821042,-0.07942335,0.6607522
916,-0.0581012,-0.08260489,0.6590599
917,-0.05485645,-0.08055662,0.664984
918,-0.0575143,-0.08636304,0.6593406
919,-0.05774518,-0.08861546,0.6603005
920,-0.05887796,-0.08989105,0.6615094
921,-0.02916735,-0.07335612,0.6798663
922,-0.03681121,-0.07246682,0.6774205
923,-0.03207294,-0.06733158,0.6788958
924,-0.03419339,-0.06067602,0.6784345
925,-0.03633567,-0.04759421,0.6734703
926,-0.03127963,-0.04953222,0.6768291
927,-0.03424154,-0.05093979,0.6756102
928,-0.03183224,-0.05520764,0.6786599
929,-0.009241085,-0.09513503,0.7098824
930,-0.01477875,-0.09981854,0.7037601
931,-0.00485526,-0.0895786,0.7176268
932,-0.00477197,-0.08259855,0.7114959
933,-0.00982352,-0.08794473,0.703805
934,-0.003902785,-0.05059623,0.7012268
935,-0.005678214,-0.05767027,0.6986126
936,-0.01528176,-0.09303279,0.6971394
937,-0.02319757,-0.1305494,0.7291647
938,-0.02204459,-0.07216923,0.6833904
939,-0.009940181,-0.06412154,0.693111
940,-0.01560977,-0.0693564,0.6879306
941,-0.04364964,-0.07035779,0.6757096
942,-0.0555911,-0.0780006,0.6662806
943,-0.05862253,-0.076283,0.6621072
944,-0.06805774,-0.07346039,0.6532879
945,-0.0645653,-0.07398634,0.6553804
946,-0.02872722,-0.04748516,0.6780187
947,-0.02202836,-0.0472966,0.6834243
948,-0.02683554,-0.04475375,0.6790321
949,-0.0166208,-0.0501184,0.6869636
950,-0.02554601,-0.06641293,0.6810436
951,-0.008495759,-0.02410283,0.6915971
952,-0.01158447,-0.02195401,0.6849875
953,-0.01497677,-0.02047649,0.6782578
954,-0.02021028,-0.02040563,0.6700734
955,-0.02697035,-0.02055404,0.6629336
956,-0.03362249,-0.02081782,0.6585206
957,-0.04066433,-0.02248204,0.6557329
958,-0.07039973,-0.002675258,0.6443102
959,-0.06878793,-0.01797128,0.6471335
960,-0.04738411,-0.10239,0.6792976
961,-0.04891241,-0.1078848,0.67918
962,-0.06153443,-0.07486553,0.6583631
963,-0.05174311,-0.1134873,0.6812933
964,-0.05056104,-0.1117494,0.6802692
965,-0.05476628,-0.1134576,0.6787558
966,-0.05312127,-0.1156351,0.6850972
967,-0.05602178,-0.1159319,0.6831816
968,-0.0574602,-0.04766649,0.6737809
969,-0.0552767,-0.05001986,0.6739562
970,-0.05365399,-0.04762092,0.674343
971,-0.05515916,-0.04638679,0.6748351
972,-0.06461062,-0.05207985,0.6644049
973,-0.05002122,-0.0634007,0.674106
974,-0.04920921,-0.06775184,0.6739649
975,-0.0536659,-0.04463295,0.6745303
976,0.00420507,-0.04703246,0.7326415
977,0.004326485,-0.03880014,0.7297981
978,0.002959862,-0.04140056,0.7198027
979,-0.04858434,-0.07903645,0.6760251
980,-0.05747844,-0.09528452,0.6740613
981,-0.06385092,-0.09247446,0.663385
982,-0.06078955,-0.09077339,0.6666029
983,-0.02716265,-0.04111739,0.6779787
984,-0.02833294,-0.0425259,0.6771111
985,-0.02833199,-0.04157644,0.6763149
986,-0.02970004,-0.04437089,0.6763316
987,-0.02984101,-0.04205395,0.6754958
988,-0.01514045,0.01910667,0.6827284
989,-0.01643861,0.009497873,0.678
990,-0.02724655,-0.04056956,0.6778007
991,-0.02512022,-0.03973934,0.6788068
992,-0.02844905,-0.0410253,0.6770639
993,-0.05666545,-0.1539152,0.7278671
994,-0.05591126,-0.1527428,0.7371072
995,-0.04977946,-0.151922,0.7285032
996,-0.04260581,-0.1482628,0.7287065
997,-0.03576648,-0.1428177,0.7293892
998,-0.04120707,-0.1459909,0.7374091
999,-0.03423633,-0.1405921,0.7372779
1000,-0.05208559,-0.09979048,0.6766481
1001,-0.04875958,-0.1502186,0.7375106
1002,-0.0287944,-0.05953092,0.679865
1003,-0.01375889,-0.1166715,0.7425812
1004,-0.001021355,-0.08407952,0.7255385
1005,-0.01080145,-0.05447385,0.6912336
1006,-0.01974158,-0.03738152,0.6843907
1007,-0.02064218,-0.03677552,0.6827703
1008,-0.02406828,-0.03900367,0.6808016
1009,-0.02447178,-0.03906607,0.6799664
1010,-0.02638862,-0.0398443,0.6790137
1011,-0.02641498,-0.03974904,0.6792283
1012,-0.02759993,-0.04029291,0.6781995
1013,0.001682773,-0.07838841,0.7372979
1014,-0.003580049,-0.04438153,0.7021552
1015,-0.02410946,-0.03960516,0.6808285
1016,-0.0266328,-0.04040816,0.6784717
1017,-0.01942018,-0.03851645,0.6852948
1018,-0.01433717,-0.03840261,0.6896769
1019,-0.008935437,-0.03903967,0.6948496
1020,-0.05711777,-0.09945231,0.6740771
1021,-0.05123057,-0.08448482,0.6711096
1022,-0.05110339,-0.08672379,0.6725731
1023,0.0003610253,-0.04340965,0.7104547
1024,0.003094018,-0.0696453,0.7375228
1025,0.002040923,-0.07542043,0.7475656
1026,-0.01021506,0.00579647,0.6869041
1027,-0.008909486,0.01509727,0.6921988
1028,0.004922196,-0.03613455,0.7406648
1029,0.004794873,-0.04476019,0.7442323
1030,0.003140345,-0.065616,0.7484259
1031,-0.01224989,-0.1123428,0.751956
1032,-0.05539868,-0.1514629,0.7444674
1033,-0.0477019,-0.1484849,0.744947
1034,-0.04034797,-0.1440109,0.7453975
1035,-0.03347659,-0.1384418,0.7452546
1036,-0.03968892,-0.1426381,0.7524968
1037,-0.03229066,-0.1361395,0.7529861
1038,-0.0470461,-0.1475389,0.7519428
1039,-0.0547853,-0.1508729,0.7513883
1040,-0.02610216,-0.131554,0.7446396
1041,-0.02723089,-0.1345,0.7366776
1042,-0.01823159,-0.1206742,0.7529534
1043,-0.02497997,-0.1286973,0.7532898
1044,-0.03165821,-0.1382943,0.7226075
1045,-0.02902516,-0.1366687,0.7298334
1046,-0.02096941,-0.1280641,0.7358837
1047,-0.01953745,-0.1244053,0.7439076
1048,-0.008933485,-0.0133054,0.6889635
1049,-0.006264597,-0.0276977,0.6968785
1050,-0.007091038,-0.006419733,0.692127
1051,-0.005761635,-0.01671357,0.6963618
1052,-0.003001913,-0.02227385,0.7032576
1053,-0.0009485036,-0.01787104,0.7084157
1054,-0.003540829,-0.01103777,0.7008448
1055,-0.004849955,0.001145743,0.6966574
1056,-0.001225449,-0.005158104,0.7062837
1057,0.001203686,-0.01312482,0.7147594
1058,-0.00332763,0.009878926,0.703513
1059,0.001141861,0.001269668,0.714027
1060,0.003289208,-0.008132309,0.7236599
1061,0.004076846,-0.03046009,0.7260036
1062,0.002567492,-0.03348168,0.7171732
1063,0.0001337528,-0.03618639,0.7092377
1064,0.004706271,-0.02743238,0.7357397
1065,0.004057474,-0.01813029,0.730327
1066,0.003540024,-0.02190515,0.7213761
1067,-0.004382849,-0.03277303,0.700828
1068,-0.003884844,-0.03828617,0.7016509
1069,-0.0007849038,-0.02900727,0.707633
1070,0.001499414,-0.02556831,0.7138765
1071,-0.02723112,-0.04030944,0.6787753
1072,-0.06852211,-0.118424,0.6796966
1073,-0.1389187,-0.08909491,0.7349243
1074,0.0008462444,-0.07848774,0.7303424
1075,-0.09415124,-0.04699632,0.6750123
1076,-0.09304997,-0.04640603,0.6741379
1077,-0.09164508,-0.04601292,0.6734841
1078,-0.08929147,-0.04338063,0.6695237
1079,-0.08955066,-0.03770694,0.6596351
1080,-0.08664155,-0.03607353,0.6565064
1081,-0.08260459,-0.03586313,0.6547634
1082,-0.07515156,-0.03499321,0.6530759
1083,-0.06766988,-0.03454842,0.6543202
1084,-0.06355446,-0.03412158,0.6559545
1085,-0.06021363,-0.03470146,0.658762
1086,-0.0589143,-0.0405494,0.6684631
1087,-0.05601519,-0.04297649,0.6724643
1088,-0.05443182,-0.04368092,0.6730316
1089,-0.05319834,-0.04423194,0.6738456
1090,-0.04325469,-0.04764683,0.6739971
1091,-0.04601604,-0.04737236,0.6742344
1092,-0.04001921,-0.04782841,0.6740134
1093,-0.03203237,-0.04585703,0.6761988
1094,-0.03414318,-0.04664653,0.6752582
1095,-0.05038125,-0.04624408,0.6751068
1096,-0.04825874,-0.04698508,0.674613
1097,-0.05223973,-0.04497651,0.6753552
1098,-0.05295489,-0.04459409,0.675509
1099,-0.03678007,-0.04746854,0.6744534
1100,-0.03034936,-0.04441955,0.6767027
1101,-0.02886071,-0.04255375,0.6774334
1102,-0.02786081,-0.04111897,0.6781952
1103,-0.1010626,-0.05042788,0.6753735
1104,-0.1037947,-0.05128256,0.6753725
1105,-0.1069663,-0.05202906,0.6757115
1106,-0.1126249,-0.05202325,0.6773953
1107,-0.1147222,-0.05168822,0.67843
1108,-0.09868007,-0.04994796,0.6757619
1109,-0.09663748,-0.04912381,0.6763134
1110,-0.09420758,-0.04731882,0.6768591
1111,-0.09497286,-0.04784157,0.6765966
1112,-0.1101372,-0.05202007,0.6763056
1113,-0.1166509,-0.0506966,0.6792225
1114,-0.1184613,-0.04925907,0.6799994
1115,-0.1197042,-0.0481352,0.6808425
1116,-0.1203043,-0.04737156,0.6813742
1117,-0.02732668,-0.04041074,0.6785396
1118,-0.08408813,-0.09281141,0.6717471
1119,-0.0569075,-0.09078009,0.6705809
1120,-0.09307342,-0.1161718,0.6984228
1121,-0.0929401,-0.1170002,0.6985249
1122,-0.09003198,-0.1156905,0.696925
1123,-0.08944076,-0.1174059,0.6964141
1124,-0.08721323,-0.1158505,0.6948233
1125,-0.08671678,-0.1173682,0.6944684
1126,-0.07468844,-0.1158384,0.6860071
1127,-0.07452567,-0.1179488,0.6854055
1128,-0.07734007,-0.1176204,0.6871414
1129,-0.07747746,-0.1156109,0.6877342
1130,-0.07132775,-0.11617,0.6847963
1131,-0.07114363,-0.1182964,0.6840836
1132,-0.068555,-0.1162154,0.684242
1133,-0.06841797,-0.1183147,0.6834632
1134,-0.08354139,-0.1174239,0.6920095
1135,-0.08411713,-0.1157451,0.692498
1136,-0.08082384,-0.1155517,0.6902282
1137,-0.08037322,-0.1172352,0.689628
1138,-0.09342148,-0.1165529,0.6981186
1139,-0.04379941,-0.1143987,0.6934792
1140,-0.0471306,-0.1153737,0.6918283
1141,-0.04697358,-0.1133156,0.6922712
1142,-0.04381994,-0.1134169,0.6932545
1143,-0.05000533,-0.1154653,0.6904261
1144,-0.04968992,-0.1137294,0.6906985
1145,-0.06250104,-0.1152714,0.6846886
1146,-0.05955642,-0.1147001,0.6857142
1147,-0.05963254,-0.1167937,0.6851968
1148,-0.06240651,-0.1174007,0.6841482
1149,-0.06571139,-0.1180627,0.6835231
1150,-0.06577714,-0.1159234,0.6841993
1151,-0.05327257,-0.1158395,0.6884992
1152,-0.0564901,-0.1160343,0.6869066
1153,-0.05632414,-0.1142518,0.6873671
1154,-0.05316921,-0.1140691,0.6888144
1155,-0.04342157,-0.1138457,0.6928738
1156,-0.03376913,-0.09820727,0.6847256
1157,-0.03840809,-0.09268719,0.6810942
1158,-0.04390581,-0.0868895,0.6789124
1159,-0.04926949,-0.08160204,0.6766624
1160,-0.05263555,-0.0781849,0.6720669
1161,-0.05609354,-0.07529929,0.6674255
1162,-0.05918163,-0.07321247,0.6631594
1163,-0.06206477,-0.07145835,0.6595043
1164,-0.06502569,-0.07035607,0.6565419
1165,-0.06835516,-0.0697391,0.6544793
1166,-0.07255242,-0.06950322,0.6537623
1167,-0.07667281,-0.0703938,0.6548752
1168,-0.07979497,-0.07152149,0.6571859
1169,-0.08245444,-0.07305123,0.660379
1170,-0.0849449,-0.07521234,0.6643224
1171,-0.08761126,-0.07780757,0.6689038
1172,-0.09043045,-0.08126782,0.6736752
1173,-0.0932382,-0.08551127,0.6782008
1174,-0.09717946,-0.09174435,0.6810274
1175,-0.1011059,-0.09866696,0.6838169
1176,-0.104455,-0.1048781,0.6879315
1177,-0.1078404,-0.1143715,0.6989587
1178,-0.1075548,-0.1181668,0.7034667
1179,-0.1064632,-0.1223762,0.7066628
1180,-0.1009418,-0.1312145,0.7095341
1181,-0.09733485,-0.1357354,0.7098314
1182,-0.09344713,-0.1407773,0.7099788
1183,-0.08831447,-0.1463642,0.7090944
1184,-0.08226116,-0.1506341,0.7071575
1185,-0.07587139,-0.1525264,0.7053541
1186,-0.07017463,-0.1529466,0.7042655
1187,-0.06497205,-0.1527528,0.7036759
1188,-0.05989132,-0.1521856,0.7038814
1189,-0.05454784,-0.1510528,0.7044862
1190,-0.04878826,-0.1487157,0.705667
1191,-0.04346511,-0.1445855,0.7072193
1192,-0.03903817,-0.1385437,0.7078348
1193,-0.03547127,-0.1328626,0.707696
1194,-0.03200862,-0.1277453,0.7072994
1195,-0.02756588,-0.1184969,0.7032304
1196,-0.02738655,-0.1137326,0.6994154
1197,-0.02813089,-0.1087762,0.6948923
1198,-0.02545179,-0.08901479,0.6848047
1199,-0.03475862,-0.08469906,0.6792149
1200,-0.04217183,-0.08001217,0.6769016
1201,-0.04833438,-0.07581638,0.6750522
1202,-0.05286782,-0.07238861,0.6719576
1203,-0.05651632,-0.06935055,0.6681761
1204,-0.05984204,-0.06682642,0.6646003
1205,-0.06278326,-0.06506182,0.6612787
1206,-0.06558694,-0.06384894,0.6584153
1207,-0.06885662,-0.06333873,0.6562597
1208,-0.07297675,-0.06319682,0.6555682
1209,-0.1153535,-0.0969628,0.6867386
1210,-0.1068657,-0.09131414,0.68068
1211,-0.1001086,-0.08497968,0.6783083
1212,-0.09465604,-0.07971747,0.6764695
1213,-0.0910624,-0.07544029,0.6734642
1214,-0.0880297,-0.07180433,0.669645
1215,-0.08515672,-0.06883327,0.6657695
1216,-0.08259341,-0.06660369,0.6621489
1217,-0.0801019,-0.06498201,0.6590508
1218,-0.07699293,-0.06402312,0.6566343
1219,-0.1169098,-0.1050159,0.6952468
1220,-0.1161795,-0.1107459,0.7032006
1221,-0.1152797,-0.1158443,0.7087804
1222,-0.1133622,-0.1214401,0.7132847
1223,-0.1063575,-0.1319743,0.7178458
1224,-0.1021134,-0.137429,0.7184901
1225,-0.0972576,-0.1428188,0.7183343
1226,-0.09118567,-0.1485929,0.7174025
1227,-0.08404726,-0.1529888,0.7161922
1228,-0.07680225,-0.1555919,0.7152168
1229,-0.0701425,-0.1563698,0.7142951
1230,-0.06432363,-0.156148,0.713938
1231,-0.05857995,-0.1555232,0.7138904
1232,-0.05222544,-0.1538567,0.7143325
1233,-0.04572991,-0.1505083,0.7148464
1234,-0.03969954,-0.1456141,0.7156802
1235,-0.03431093,-0.1392477,0.7161511
1236,-0.02989909,-0.1331081,0.7160205
1237,-0.0259247,-0.1270184,0.715124
1238,-0.02052996,-0.1159786,0.709856
1239,-0.01989158,-0.1098556,0.7052039
1240,-0.02058066,-0.1035596,0.6996376
1241,-0.02194013,-0.09717761,0.6925267
1242,-0.01238291,-0.07492816,0.693051
1243,-0.00660795,-0.06919724,0.7001928
1244,0.004144631,-0.05203504,0.7456582
1245,0.003778853,-0.05477727,0.7344632
1246,-0.001158774,-0.06126545,0.709246
1247,0.002291672,-0.05790538,0.7228092
1248,-0.01871228,-0.07907608,0.6868569
1249,-0.1349844,-0.07778077,0.7036774
1250,-0.1294294,-0.08301888,0.6961589
1251,-0.1438428,-0.06895965,0.7274289
1252,-0.1407495,-0.07115529,0.7132255
1253,-0.1450262,-0.06618012,0.7392135
1254,-0.1450965,-0.06347635,0.7504194
1255,-0.1234077,-0.08667602,0.6891689
1256,-0.0264848,-0.08043584,0.6816504
1257,-0.115738,-0.08722697,0.6834562
1258,-0.04262071,-0.07542533,0.6760489
1259,-0.04850306,-0.07215266,0.6742508
1260,-0.03508687,-0.07853076,0.6780038
1261,-0.05680563,-0.06622237,0.6683598
1262,-0.05308075,-0.06897639,0.6715028
1263,-0.06007738,-0.06379814,0.6653149
1264,-0.06312836,-0.06160975,0.6622064
1265,-0.06593166,-0.06032364,0.6594661
1266,-0.06926049,-0.05964534,0.6572691
1267,-0.07319465,-0.0598797,0.6565784
1268,-0.09506723,-0.07543011,0.6756832
1269,-0.100399,-0.07970791,0.6774762
1270,-0.09117408,-0.0717268,0.6729662
1271,-0.1075503,-0.08417037,0.6795839
1272,-0.08267914,-0.06314726,0.66302
1273,-0.08526345,-0.06569345,0.6664138
1274,-0.08020065,-0.06141729,0.6600588
1275,-0.07710262,-0.06027627,0.6576213
1276,-0.0880324,-0.06861902,0.6697482
1277,-0.1299202,-0.08915986,0.7015097
1278,-0.1351945,-0.08461197,0.7099513
1279,-0.1246157,-0.09369849,0.693493
1280,-0.1037267,-0.1109178,0.6936089
1281,-0.107001,-0.1102359,0.6929775
1282,-0.1116313,-0.1082578,0.6931171
1283,-0.005195621,-0.07536323,0.7061205
1284,-0.01062068,-0.08053355,0.6980263
1285,-0.001240574,-0.07018469,0.7152976
1286,-0.01657472,-0.08526192,0.691053
1287,-0.03621425,-0.1079804,0.6889899
1288,-0.03352421,-0.1058993,0.6890585
1289,-0.03016948,-0.1037671,0.689409
1290,-0.02652716,-0.1008986,0.6903962
1291,0.003587186,-0.05856528,0.7469996
1292,0.003347926,-0.06203971,0.7362649
1293,0.001821242,-0.06571053,0.7257212
1294,-0.1389375,-0.08027691,0.7195863
1295,-0.142022,-0.07660785,0.730288
1296,-0.1434147,-0.07328687,0.7409614
1297,-0.1434906,-0.06988133,0.7517247
1298,-0.1010386,-0.1120897,0.6944417
1299,-0.04008381,-0.1115707,0.6883283
1300,-0.03822775,-0.1098779,0.6885405
1301,-0.04331814,-0.1135089,0.6891245
1302,-0.04186008,-0.1126475,0.6885784
1303,-0.09549488,-0.1160796,0.6941128
1304,-0.09387405,-0.1167054,0.6947207
1305,-0.09738008,-0.1152205,0.6936798
1306,-0.09929955,-0.1137081,0.6940315
1307,-0.1260478,-0.1126721,0.7544081
1308,-0.1244715,-0.1172699,0.744524
1309,-0.1224364,-0.1214264,0.7359212
1310,-0.1192405,-0.1243366,0.7287725
1311,-0.1147427,-0.1258718,0.7218363
1312,-0.1102611,-0.1268983,0.7163569
1313,-0.1073528,-0.127643,0.7118097
1314,-0.1039731,-0.1266991,0.7086629
1315,-0.1008091,-0.1253009,0.7062466
1316,-0.09891562,-0.1238662,0.7044972
1317,-0.09740768,-0.1227723,0.7024309
1318,-0.09564076,-0.1210631,0.7001467
1319,-0.09402192,-0.1192069,0.6980061
1320,-0.09284059,-0.1180046,0.6968954
1321,-0.09192844,-0.1169619,0.6959398
1322,-0.09155554,-0.1162078,0.6961588
1323,-0.09142886,-0.1172204,0.6978068
1324,-0.09190785,-0.1158435,0.6980454
1325,-0.09201328,-0.1168691,0.6962931
1326,-0.09271356,-0.1169756,0.6954327
1327,-0.00718363,-0.1037244,0.7503184
1328,-0.008677691,-0.1085864,0.7405688
1329,-0.01089074,-0.1132565,0.7321634
1330,-0.01394768,-0.1167681,0.725199
1331,-0.01813257,-0.1194701,0.7187797
1332,-0.02258779,-0.1215288,0.713176
1333,-0.02582869,-0.1227476,0.7091344
1334,-0.02926587,-0.1230005,0.7058843
1335,-0.03265105,-0.1226749,0.7030858
1336,-0.03531345,-0.1218376,0.7007858
1337,-0.03765621,-0.1207099,0.6983686
1338,-0.04004053,-0.1190211,0.695906
1339,-0.04227191,-0.1171558,0.6936523
1340,-0.04389649,-0.115814,0.6924145
1341,-0.04491136,-0.114652,0.6912342
1342,-0.04533463,-0.1137792,0.6913363
1343,-0.04513847,-0.1148702,0.6930029
1344,-0.04505997,-0.1132529,0.6930721
1345,-0.04494006,-0.1141741,0.6910519
1346,-0.04430746,-0.1140665,0.6899958
