0,-0.009045385,-0.1635475,0.7275535
1,-0.004632298,-0.1641158,0.7221115
2,0.005620129,-0.1654077,0.7089958
3,0.01246893,-0.1642198,0.7002716
4,0.01824762,-0.1576146,0.6931764
5,0.02044071,-0.1503201,0.6902863
6,0.02109221,-0.1454052,0.6888967
7,0.02353002,-0.1370146,0.6844037
8,0.0259034,-0.1344022,0.680537
9,0.026846,-0.1286594,0.6787679
10,0.02645021,-0.1244752,0.6784146
11,0.03782479,-0.05453481,0.6622422
12,0.0405009,-0.07011179,0.657638
13,0.04257835,-0.08064505,0.6541418
14,0.03239293,-0.1010255,0.6679702
15,0.03057442,-0.1092509,0.6705368
16,0.03949485,-0.04199132,0.6604511
17,0.04202541,-0.09487787,0.6541346
18,0.0431237,-0.09091296,0.652814
19,0.03030431,-0.1144618,0.6707271
20,0.0362051,-0.0997556,0.6622584
21,0.04042884,-0.09776707,0.6562147
22,0.02917032,-0.1185799,0.6720978
23,0.03367598,-0.09969296,0.6660185
24,0.03778513,-0.0489139,0.6625367
25,0.04171498,-0.0764471,0.655579
26,0.04327948,-0.08578606,0.6528806
27,0.04168832,-0.03298654,0.6580769
28,0.04577591,-0.005724803,0.6538024
29,0.04418621,0.02566128,0.6577032
30,0.04621578,0.009894371,0.6539915
31,0.0383606,-0.09936097,0.6591017
32,0.03138563,-0.1041247,0.6694976
33,0.02152237,-0.1407606,0.6876127
34,0.0009304211,-0.1649835,0.7149942
35,0.03866638,-0.05976497,0.6607937
36,-0.07495256,-0.05803328,0.6893843
37,-0.0739378,-0.07924995,0.6928674
38,-0.04721325,-0.1378605,0.7015051
39,-0.03580061,-0.1467495,0.700241
40,-0.04173486,-0.1446004,0.7059647
41,-0.05400254,-0.1346988,0.7080215
42,-0.01452252,-0.1490527,0.6851644
43,-0.024074,-0.1493266,0.6911763
44,-0.05185115,-0.1302129,0.6969959
45,-0.007321801,-0.1451585,0.6823174
46,-0.02128155,-0.1359745,0.6794841
47,-0.03207029,-0.13616,0.6838323
48,-0.0590665,-0.1264736,0.703773
49,-0.01396364,-0.1339801,0.6777797
50,-0.03457115,-0.1216949,0.6748037
51,-0.02357011,-0.1235983,0.6717907
52,-0.05832002,-0.1125615,0.6876621
53,-0.008405365,-0.09955958,0.6571082
54,-0.004128832,-0.1038849,0.6618335
55,-0.01289652,-0.1138076,0.6655222
56,-0.01960687,-0.111557,0.6637474
57,-0.06602006,-0.1087028,0.6954933
58,-0.003921557,-0.1423326,0.6809204
59,-0.01656678,-0.1236431,0.6716542
60,-0.0008588322,-0.1391034,0.6793484
61,-0.01081412,-0.1322187,0.6767452
62,0.006186813,-0.1295533,0.6735299
63,-0.007921239,-0.1299981,0.6755041
64,-0.05168191,-0.06085033,0.6635345
65,-0.07167695,-0.08907117,0.6923837
66,-0.001792353,-0.1235327,0.6731504
67,-0.01054929,-0.1221089,0.6716333
68,-0.01350994,-0.1230407,0.6716456
69,-0.0104462,-0.1145531,0.6660879
70,0.008642003,-0.1256964,0.6724582
71,-0.005751504,-0.1198825,0.6712642
72,-0.00806319,-0.1153918,0.6667132
73,0.004831314,-0.066089,0.6602112
74,0.005484149,-0.07092689,0.6594177
75,0.009336639,-0.123071,0.6720453
76,0.0003109276,-0.1214641,0.6724546
77,-0.004848082,-0.1165132,0.6684938
78,-0.001429664,-0.1083591,0.663421
79,-0.002836298,-0.1059321,0.6627694
80,0.008764602,-0.1211455,0.6720718
81,0.001323353,-0.1199048,0.6715811
82,-0.004279459,-0.1189049,0.6712866
83,0.0003315434,-0.1135423,0.6658404
84,0.002287075,-0.1048293,0.6629944
85,0.01474873,-0.07000849,0.6611296
86,0.01551201,-0.08046397,0.6607471
87,-0.01349734,-0.07234515,0.6528819
88,-0.02104658,-0.06121141,0.6530172
89,0.001377501,-0.1188965,0.6714178
90,-0.003358683,-0.1180598,0.6711937
91,-0.003991675,-0.1167471,0.6695213
92,0.003165171,-0.1086237,0.6636122
93,0.01191432,-0.08777401,0.6621276
94,0.0127747,-0.06185186,0.6631589
95,0.01425046,-0.06629319,0.6619311
96,0.004403085,-0.06232681,0.6600133
97,-0.003129613,-0.1174793,0.6713644
98,-0.003467048,-0.1170114,0.6703509
99,0.0009942614,-0.1155521,0.6674469
100,-0.01226822,-0.06043253,0.6540654
101,-0.01587882,-0.05797454,0.6536888
102,-0.04087377,-0.0365426,0.6567955
103,-0.003278526,-0.1171405,0.6709995
104,0.001206592,-0.1168924,0.6687545
105,0.003952518,-0.1124339,0.6648682
106,0.03144173,-0.06073394,0.6591204
107,0.03279205,-0.07133865,0.6558894
108,0.02480228,-0.07465132,0.6579009
109,0.01607852,-0.05890638,0.6640791
110,0.01807205,-0.06327009,0.6624817
111,0.007931769,-0.06127662,0.6619099
112,0.00502149,-0.05785486,0.6587489
113,0.005892217,-0.05374435,0.6580044
114,-0.03649772,-0.05235841,0.6561478
115,-0.02930059,-0.05026051,0.6551538
116,0.001107574,-0.1177481,0.6706195
117,0.009524226,-0.1153099,0.665548
118,0.01695765,-0.08646494,0.6578707
119,0.031004,-0.0552416,0.6607029
120,0.03426255,-0.0547792,0.6607164
121,0.00810913,-0.04728623,0.6572112
122,-0.007961672,-0.05609518,0.6533608
123,-0.00489103,-0.05300564,0.6527518
124,-0.02673782,-0.04216365,0.6526125
125,-0.03055241,-0.02924522,0.6502556
126,-0.05253592,-0.05334766,0.6637455
127,-0.06706202,-0.05091707,0.6778689
128,-0.05811695,-0.02425048,0.6680589
129,-0.05231858,-0.04630817,0.6632029
130,0.009902637,-0.1172345,0.6669548
131,0.01850619,-0.09943147,0.6649012
132,0.01391176,-0.08757795,0.6604407
133,0.01794269,-0.08807313,0.6563827
134,0.0211768,-0.08515783,0.6557246
135,0.01586909,-0.05293266,0.665588
136,0.007683538,-0.05712996,0.6607311
137,-0.003697935,-0.04745938,0.6507006
138,-0.02043153,-0.04394455,0.6517548
139,-0.02037522,-0.03965211,0.6487974
140,-0.02569704,-0.03538962,0.648594
141,-0.06520642,-0.02013564,0.6744971
142,-0.05252224,-0.0281589,0.6638817
143,0.008621294,-0.119334,0.6706468
144,0.02160574,-0.1085598,0.6650797
145,0.01217237,-0.09120367,0.6621965
146,0.01766207,-0.09309931,0.6575753
147,0.02183986,-0.08746981,0.6544163
148,0.03028612,-0.08248022,0.6527674
149,0.03450496,-0.08143148,0.6520029
150,0.03675608,-0.07043071,0.6559018
151,0.02079124,-0.0551009,0.6644159
152,0.02727753,-0.05059679,0.6622384
153,0.009737656,-0.04719124,0.6591941
154,-0.03968027,-0.01500376,0.654282
155,0.02038033,-0.1140887,0.6653916
156,0.01305853,-0.09438026,0.6639155
157,0.0171003,-0.09452945,0.6609359
158,0.01851055,-0.09421067,0.6590451
159,0.02170955,-0.09081487,0.6544047
160,0.02182141,-0.09297697,0.6551718
161,0.02732851,-0.04330306,0.6592236
162,0.03207358,-0.04189149,0.6578522
163,-0.02145024,-0.03321875,0.6456842
164,-0.01575872,-0.03882156,0.6468937
165,0.02065632,-0.1177485,0.6677245
166,0.02583077,-0.1089491,0.6668457
167,0.02995627,-0.1007511,0.6659371
168,0.02254928,-0.09406297,0.6569013
169,0.03074159,-0.09063348,0.6512692
170,0.03543884,-0.09070699,0.6504946
171,0.03529219,-0.0943391,0.6518978
172,0.03109184,-0.09364228,0.6523594
173,0.03868826,-0.08083086,0.6523309
174,-0.01530577,-0.04563602,0.6513399
175,-0.01561138,-0.04277936,0.6487261
176,-0.0245899,-0.02670265,0.6470645
177,-0.0353746,-0.002495505,0.6522238
178,-0.03154214,-0.0101032,0.649851
179,0.01963812,-0.1212098,0.6726493
180,0.03220515,-0.09585766,0.654148
181,0.03486726,-0.09691107,0.6542968
182,0.03288692,-0.09870261,0.6602365
183,0.03494538,-0.04174976,0.6581864
184,0.02144353,-0.04793731,0.663436
185,0.009640839,-0.05203834,0.6615949
186,0.0100261,-0.05571156,0.6623626
187,0.01081035,-0.04788068,0.6613107
188,-0.008362468,-0.04732745,0.6507231
189,-0.008402904,-0.04285099,0.6469619
190,0.01994962,-0.123375,0.674636
191,0.02390467,-0.1136945,0.6665046
192,0.03958294,-0.09091762,0.6510427
193,0.03884307,-0.09469403,0.6524653
194,0.0144918,-0.03921349,0.6550474
195,0.01841299,-0.03394817,0.6488742
196,0.01311664,-0.05160608,0.6649117
197,0.01179764,-0.05025998,0.6639409
198,-0.01083686,-0.04942118,0.6517745
199,-0.009639721,-0.04579281,0.648802
200,-0.006388675,-0.03062014,0.6414297
201,-0.004977323,-0.03718243,0.6446965
202,0.02457616,-0.1181375,0.6693768
203,0.02578001,-0.09780653,0.6636675
204,0.03001871,-0.09842737,0.6633716
205,0.02962221,-0.09767304,0.662394
206,0.03789325,-0.09759352,0.6548888
207,0.03465372,-0.09949819,0.6611695
208,0.02274543,-0.02901411,0.6459684
209,0.01260174,-0.04358292,0.657407
210,0.01121194,-0.04915841,0.6641949
211,-0.005937893,-0.04751816,0.6505319
212,-0.006296493,-0.0462139,0.6486295
213,0.0006138608,-0.02349219,0.6403592
214,-0.03975136,0.005977757,0.6560715
215,0.02326616,-0.1219334,0.6743312
216,0.0320573,-0.09927581,0.6644404
217,0.01318923,-0.03263751,0.6461782
218,0.01681571,-0.02632091,0.6429819
219,0.01123442,-0.03834192,0.6521267
220,0.01374394,-0.04955433,0.6639552
221,-0.003544275,-0.04262352,0.6470969
222,-6.725639E-05,-0.0288624,0.6412096
223,0.001202766,-0.03666494,0.6455296
224,0.008535724,-0.02435914,0.6411901
225,0.02364549,-0.1240902,0.6764113
226,0.00705874,-0.03746226,0.6486321
227,0.007138345,-0.03081515,0.6430789
228,0.01042832,-0.04327705,0.6540483
229,0.01106353,-0.04582627,0.6580192
230,0.01063044,-0.04688818,0.6585529
231,-0.01560785,0.005581133,0.6455429
232,-0.01918184,0.0156251,0.6481488
233,0.007009346,-0.04270691,0.6511465
234,-0.001874048,-0.04613096,0.6490635
235,0.002275594,-0.04250748,0.6485053
236,0.009282578,-0.04592023,0.6555268
237,0.008993231,-0.04674149,0.6563856
238,-0.000350453,-0.04712882,0.6513395
239,-0.003150461,0.008082166,0.6425593
240,0.00690791,-0.0458182,0.6530725
241,0.006113034,-0.04690217,0.6548048
242,0.006623425,-0.04673184,0.6540538
243,0.003009707,-0.04608763,0.6506256
244,0.003121093,-0.0468721,0.6527857
245,-0.007043984,0.01926679,0.6455243
246,0.003824331,0.02213828,0.6451361
247,0.01349408,0.02400091,0.6458192
248,0.02536032,0.01065478,0.644004
249,0.01703738,0.009894215,0.6423287
250,0.02183256,0.0254128,0.6476441
251,0.03267467,-0.004492305,0.6463667
252,0.02564541,-0.004102029,0.6433154
253,0.01814554,-0.003579877,0.6410972
254,0.009848557,-0.003110006,0.640457
255,1.635402E-05,-0.003611162,0.6408088
256,-0.01219233,-0.005324006,0.6428028
257,0.03087153,-0.04961752,0.6610651
258,0.03361379,-0.04883146,0.6609775
259,0.01115097,-0.05903962,0.6634614
260,0.02229744,-0.05990326,0.6625851
261,0.0203509,-0.07724947,0.6592637
262,0.01161221,-0.096681,0.665167
263,0.01315469,-0.1103035,0.6638988
264,0.01404586,-0.1148512,0.6649428
265,-0.002229393,-0.05362922,0.6534547
266,-0.004958566,-0.0573721,0.6540974
267,-0.008310936,-0.06183675,0.6549556
268,-0.01102221,-0.06592873,0.6540821
269,-0.006863963,-0.07304593,0.6547204
270,0.01746999,-0.1176894,0.6673536
271,0.01625396,-0.120562,0.6716658
272,0.0165523,-0.1226536,0.6735584
273,-0.03913988,-0.1035521,0.6672112
274,-0.0312393,-0.1069986,0.6645814
275,-0.05572802,-0.09525842,0.675781
276,-0.0535957,-0.0881388,0.67123
277,-0.02869276,-0.09934336,0.6591827
278,-0.02105593,-0.0517215,0.6541542
279,-0.01301779,-0.05198926,0.6526498
280,-0.0738091,-0.04923067,0.6866999
281,0.007717591,0.009386063,0.6416934
282,0.03977299,0.01014509,0.6500106
283,0.02100846,-0.08263584,0.6573679
284,0.02980753,-0.07896737,0.6542667
285,0.03385261,-0.07786568,0.653498
286,0.03784705,-0.07706326,0.6537127
287,-0.01036635,-0.04706596,0.6511843
288,-0.0106867,-0.05435628,0.6528835
289,-0.0190759,-0.05474969,0.6537787
290,-0.025169,-0.05761345,0.6537196
291,-0.03507089,-0.05720196,0.6551932
292,0.03097219,-0.0862198,0.6513895
293,0.03557412,-0.08569299,0.6506009
294,0.03977407,-0.08554927,0.6511652
295,0.03718606,0.02603929,0.653711
296,0.01076496,-0.0925173,0.6645224
297,0.0158872,-0.08522593,0.6593737
298,0.01599738,-0.04950123,0.6647345
299,0.005180173,-0.08876283,0.6593559
300,0.005939275,-0.09359307,0.6626229
301,0.00617376,-0.09677372,0.6631848
302,-0.0003832988,-0.07243996,0.6571198
303,-0.0003635287,-0.06679339,0.6580583
304,0.0003583841,-0.06268159,0.6581285
305,0.001952779,-0.058054,0.6568729
306,0.02078672,-0.09762769,0.6643364
307,0.006869718,-0.1007756,0.6634508
308,0.007168144,-0.1059716,0.6633867
309,0.008567184,-0.1112877,0.6640421
310,0.004716717,-0.1155799,0.6665633
311,0.004988715,-0.1169848,0.6676543
312,0.004816398,-0.1184707,0.670592
313,0.005037021,-0.1200693,0.6716628
314,0.01374016,-0.05582473,0.6642727
315,0.0119839,-0.05335621,0.6636529
316,0.01126549,-0.04861865,0.6631542
317,0.03198518,-0.09799712,0.6597825
318,0.02609843,-0.09975221,0.6644002
319,0.02687189,-0.09419,0.6551398
320,0.01689846,-0.09655868,0.6644536
321,0.03637061,-0.09919637,0.6579525
322,0.03421292,-0.09830964,0.6572116
323,0.03287382,-0.09750222,0.6570877
324,0.03001971,-0.09658812,0.659517
325,-0.007299688,-0.04718027,0.6498053
326,-0.004658444,-0.04754281,0.6497992
327,-0.000531245,-0.04736191,0.6505282
328,0.003410406,-0.04700054,0.6519754
329,0.01214151,-0.04927988,0.6636707
330,0.0107619,-0.05056583,0.6632006
331,0.008014418,-0.05330829,0.6599333
332,0.003586188,-0.05391245,0.656219
333,-0.00728647,-0.0521877,0.652321
334,-0.01254158,-0.04300285,0.6477903
335,-0.02985911,0.0110097,0.6519067
336,-0.02592773,0.002261929,0.6485708
337,-0.0227975,-0.006743051,0.6461285
338,-0.01648632,-0.02542287,0.6434859
339,-0.01377315,-0.0318291,0.6427978
340,-0.01046627,-0.03803119,0.6453892
341,-0.009661229,-0.04682595,0.6502761
342,-0.01215993,-0.04543314,0.6493201
343,-0.009162812,-0.05098626,0.6519821
344,0.03388915,-0.03248524,0.6530479
345,0.02817947,-0.03205515,0.6499188
346,0.0222223,-0.03566001,0.6515439
347,0.01721573,-0.04043616,0.6575856
348,0.01372818,-0.04452723,0.6599878
349,0.01245738,-0.04635392,0.6603073
350,0.01164568,-0.04762413,0.6608221
351,0.001418419,-0.1013793,0.6626101
352,0.0007289052,-0.09881838,0.6617447
353,-0.001015952,-0.09396014,0.657355
354,-0.001323914,-0.07760306,0.655866
355,0.02431181,-0.1282888,0.676689
356,0.02334354,-0.1338274,0.6780518
357,0.02077268,-0.1367789,0.6819929
358,0.01754816,-0.1454453,0.6864492
359,0.01713336,-0.1503684,0.6879559
360,0.0143305,-0.1574766,0.6905025
361,0.00796175,-0.1639237,0.6970022
362,0.0003862791,-0.1650292,0.7050169
363,-0.01098544,-0.1635668,0.7174579
364,-0.01586864,-0.1627621,0.7229003
365,0.02095182,-0.1273847,0.6745713
366,0.02026792,-0.1324284,0.6753857
367,0.0174385,-0.1362859,0.6792864
368,0.01352379,-0.1453351,0.6844421
369,0.01273127,-0.150473,0.6856242
370,0.009495437,-0.1568166,0.6877007
371,0.002557702,-0.162795,0.6940082
372,-0.005390197,-0.1637437,0.7014623
373,-0.01725418,-0.1614998,0.713636
374,-0.02267336,-0.1602595,0.7188274
375,0.0176538,-0.1262374,0.6731849
376,0.01692079,-0.1306089,0.6735914
377,0.01421605,-0.1352037,0.6769052
378,0.009387989,-0.1448499,0.6829225
379,0.007870749,-0.1499083,0.6840198
380,0.003617659,-0.1550963,0.6856871
381,-0.003382945,-0.1602239,0.6907796
382,-0.011388,-0.1605385,0.6978347
383,-0.02370777,-0.1576787,0.7091468
384,-0.02933505,-0.1562697,0.7149176
385,0.005067088,-0.1212399,0.6719759
386,0.004325502,-0.123135,0.6726796
387,0.001738206,-0.1261244,0.6732314
388,-0.007693319,-0.1372135,0.679022
389,-0.01087724,-0.1394781,0.6801642
390,-0.01811599,-0.142238,0.6825873
391,-0.02890047,-0.143115,0.6878139
392,-0.04085042,-0.1407504,0.695847
393,0.01799175,-0.1034204,0.6646575
394,0.02343049,-0.1032414,0.6651489
395,0.02795555,-0.1039834,0.6670003
396,-0.000378564,-0.111015,0.6645541
397,-0.006213563,-0.1160317,0.6675038
398,-0.007913297,-0.121078,0.6715022
399,-0.005001262,-0.126977,0.6741525
400,-0.001694061,-0.1309157,0.675298
401,0.002308443,-0.1350448,0.6769183
402,0.01091573,-0.1396141,0.6809785
403,0.01446949,-0.14053,0.6831055
404,0.018301,-0.1406365,0.685313
405,-0.004981197,-0.1642878,0.7106267
406,-0.01102791,-0.1626368,0.7071401
407,-0.01733865,-0.1593389,0.7031084
408,-0.0303083,-0.148277,0.6956956
409,-0.03509609,-0.142435,0.6915776
410,-0.03876709,-0.1355599,0.6872146
411,-0.04221131,-0.1198211,0.6776983
412,-0.0364112,-0.09577389,0.6621032
413,-0.02517139,-0.07561956,0.6526838
414,-0.02004801,-0.07036439,0.6521321
415,-0.01616014,-0.06407994,0.6531408
416,-0.04519745,-0.1335971,0.6912427
417,-0.04983505,-0.1168181,0.6817372
418,-0.04755422,-0.09964301,0.671395
419,-0.045095,-0.09186774,0.6663521
420,-0.03286767,-0.07120324,0.654223
421,-0.0098876,-0.1184745,0.6691579
422,-0.01285299,-0.1183721,0.6688751
423,-0.01551002,-0.1183476,0.6684287
424,-0.02222646,-0.1173662,0.6675909
425,-0.03340987,-0.1143176,0.6699026
426,-0.0413483,-0.1117159,0.6723915
427,-0.05025083,-0.1080501,0.6766799
428,-0.06037068,-0.1017489,0.6826088
429,-0.06892625,-0.09901957,0.6922829
430,-0.007577488,-0.1184418,0.669504
431,-0.00586877,-0.1180257,0.6699674
432,-0.004634956,-0.1176114,0.6703712
433,-0.004052708,-0.1173984,0.670768
434,-0.003685227,-0.1172365,0.6712203
435,-0.03184602,-0.06198838,0.65382
436,-0.01452696,-0.04980723,0.6525598
437,-0.02790779,-0.05403024,0.6545184
438,-0.02227261,-0.04851976,0.6541009
439,-0.01586622,-0.04820719,0.6525353
440,-0.01165882,-0.04689537,0.6518598
441,-0.01224731,-0.04813409,0.6517476
442,-0.01312221,-0.04645434,0.6514916
443,0.03928173,-0.005067863,0.6498321
444,0.0328833,0.01039685,0.6465374
445,0.02966646,0.02607539,0.650319
446,0.03514292,-0.06012641,0.6592171
447,0.02333261,-0.06444637,0.6608824
448,0.0190254,-0.06753051,0.6611669
449,0.005076066,-0.07547215,0.658504
450,-0.008935532,-0.07865952,0.6534262
451,-0.01703775,-0.07791819,0.6523458
452,-0.03965059,-0.0655922,0.6566942
453,-0.04316587,-0.0591347,0.6582141
454,-0.00756284,-0.02421164,0.640892
455,-0.06520994,-0.09102461,0.6840413
456,-0.06030436,-0.06047702,0.6712769
457,-0.0677841,-0.05920922,0.6799329
458,-0.0265202,-0.06672898,0.6525297
459,-0.04453474,-0.05343454,0.659101
460,-0.04441625,-0.008294657,0.6569587
461,-0.06014949,-0.05249281,0.6701922
462,-0.04995651,-0.0004139319,0.6620151
463,-0.03359834,-0.04002737,0.6541079
464,-0.005744131,-0.0668663,0.655797
465,-0.004157379,-0.06266822,0.6562489
466,-0.001480587,-0.05804867,0.6553105
467,0.0007805005,-0.05400589,0.6547569
468,0.01782287,-0.09077298,0.6567025
469,-0.01234811,-0.04722841,0.6521705
470,-0.01283653,-0.04734015,0.6517249
471,-0.01635642,-0.04697193,0.6523285
472,-0.02274902,-0.04646266,0.653729
473,-0.02945353,-0.04683279,0.6549104
474,-0.03668823,-0.04784671,0.6563064
475,-0.0446226,-0.04766932,0.659123
476,-0.05900523,-0.04451787,0.668535
477,-0.06545321,-0.04240353,0.6751972
478,-0.07161845,-0.04026685,0.6830803
479,0.01051932,-0.08412434,0.6611419
480,0.01041139,-0.07291803,0.6603535
481,0.01030554,-0.0689106,0.6610234
482,0.0090914,-0.06455265,0.6618425
483,0.01223135,-0.1037299,0.6640306
484,0.0174522,-0.1094721,0.6643198
485,0.01747996,-0.1146937,0.665074
486,0.01496591,-0.09335539,0.6605512
487,0.0152055,-0.08901463,0.6586511
488,0.02727023,-0.05672965,0.6616293
489,0.02768764,-0.06200499,0.6600406
490,0.02895536,-0.0726164,0.6566983
491,0.02548359,-0.08075938,0.6557037
492,0.02609365,-0.08384493,0.6542362
493,0.02711947,-0.08684728,0.6526894
494,0.02674676,-0.09060711,0.6525321
495,0.02652241,-0.0929307,0.6534742
496,0.0439561,-0.02092361,0.6554582
497,0.03758225,-0.01992489,0.650546
498,0.03134012,-0.01879603,0.6463053
499,0.02405286,-0.01734104,0.6429018
500,0.01595331,-0.01564253,0.6417662
501,0.008306425,-0.01467451,0.6409678
502,0.0006323755,-0.01444951,0.6402514
503,-0.009448713,-0.01586783,0.641269
504,-0.02051049,-0.01644736,0.6452301
505,-0.02890205,-0.01761826,0.6486791
506,-0.03601099,-0.02100787,0.6525213
507,-0.04758863,-0.03184337,0.6605633
508,0.01426163,-0.0912164,0.6598199
509,-0.03541765,-0.1510583,0.710786
510,-0.02989978,-0.1525498,0.7049228
511,-0.02394165,-0.1541425,0.6995118
512,-0.01790236,-0.1552424,0.6942199
513,-0.009369545,-0.1555901,0.6879235
514,-0.002738886,-0.1510815,0.6841534
515,0.001414008,-0.1474713,0.6825724
516,0.004216053,-0.143154,0.6813821
517,0.006444197,-0.1378626,0.6788077
518,0.01057424,-0.1329608,0.6748488
519,0.01325955,-0.1285987,0.6726126
520,0.01334365,-0.1246483,0.672384
521,0.01256567,-0.1219374,0.6728131
522,0.01240122,-0.119933,0.6711054
523,0.01392445,-0.1174658,0.6669179
524,0.0152504,-0.09464099,0.6638862
525,0.02556493,-0.09512046,0.6605078
526,-0.06075447,-0.08424394,0.6768773
527,-0.06733731,-0.08223354,0.6836703
528,-0.0479197,-0.1423389,0.7122044
529,-0.02053691,-0.1625956,0.7278204
530,-0.0274741,-0.1597599,0.7238159
531,-0.01326983,-0.1635415,0.7325853
532,-0.03423955,-0.1553351,0.7200357
533,-0.04114494,-0.149362,0.7162138
534,-0.004860308,-0.134505,0.6772441
535,-0.04683359,-0.02057175,0.6592792
536,-0.05201899,-0.01559423,0.6625856
537,-0.0588581,-0.009961024,0.6679373
538,-0.01163057,-0.04647113,0.6507431
539,-0.01396096,-0.04555222,0.6504081
540,-0.01834018,-0.04308018,0.6501923
541,-0.02396981,-0.04082456,0.6508504
542,-0.02985695,-0.03752969,0.6515418
543,-0.03646382,-0.03226355,0.6537571
544,-0.04224896,-0.02525859,0.6566988
545,-0.05134019,-0.03905223,0.6627358
546,-0.05695669,-0.03636827,0.6667486
547,-0.06308305,-0.03356659,0.6719437
548,-0.06880503,-0.03064136,0.6792833
549,-0.01309952,-0.04680609,0.6517961
550,-0.01618526,-0.04621302,0.6520927
551,-0.02197295,-0.04502239,0.6529512
552,-0.02879712,-0.04412121,0.6541619
553,-0.03639602,-0.04344652,0.655965
554,-0.04416841,-0.04211441,0.6588822
555,0.03752984,-0.1430231,0.7248992
556,0.03518984,-0.1439029,0.7368401
557,0.03954873,-0.1377155,0.7383825
558,0.04110318,-0.1378548,0.7264764
559,0.01677153,-0.1639823,0.7039405
560,0.01080733,-0.1650706,0.7130552
561,0.01578931,-0.1638497,0.7178214
562,0.02117584,-0.1628646,0.7085534
563,0.03752544,-0.139914,0.7176839
564,0.0401353,-0.1350232,0.7190999
565,0.03844273,-0.1371528,0.7460498
566,0.03635726,-0.1350039,0.7533412
567,0.04701158,-0.1190979,0.7544748
568,0.04852668,-0.1224264,0.7459744
569,0.02177131,-0.1576471,0.6964395
570,0.02563477,-0.1570346,0.7004938
571,0.02583103,-0.1602419,0.7135689
572,0.0209906,-0.1607569,0.7227831
573,0.02640141,-0.1555396,0.7281746
574,0.03027153,-0.1555114,0.718547
575,0.03729219,-0.1375932,0.714588
576,0.03982758,-0.1329521,0.7162225
577,0.04825347,-0.1270105,0.7255993
578,0.04884558,-0.1245612,0.7374862
579,0.05312259,-0.1178508,0.734284
580,0.05174779,-0.1216462,0.7226434
581,0.05203259,-0.1110892,0.7526589
582,0.05361862,-0.1151431,0.7429812
583,0.02350916,-0.1505128,0.6930604
584,0.0267419,-0.1506659,0.6967836
585,0.02895576,-0.1552829,0.705712
586,0.0319728,-0.1510351,0.7114564
587,0.0341566,-0.1491783,0.722629
588,0.03486291,-0.1452732,0.7153091
589,0.04536561,-0.1263964,0.7190136
590,0.05740485,-0.1049601,0.7039938
591,0.04983225,-0.1083,0.7024307
592,0.04941141,-0.1184345,0.7129954
593,0.05455583,-0.1165816,0.7182613
594,0.04353294,-0.1149636,0.7637457
595,0.03824497,-0.1112633,0.7727581
596,0.04247603,-0.1022116,0.774064
597,0.04921439,-0.10503,0.7634587
598,0.02948525,-0.1501368,0.7012306
599,0.03240498,-0.1476617,0.707093
600,0.04783925,-0.1220921,0.7169505
601,0.03995086,-0.1283765,0.710184
602,0.03856472,-0.1318232,0.7075543
603,0.03809525,-0.1351652,0.7113143
604,0.03999774,-0.1310336,0.7133726
605,0.04373465,-0.1254697,0.7169142
606,0.04584905,-0.1217997,0.7153542
607,0.02456015,-0.1408978,0.6902561
608,0.02432783,-0.1455699,0.6918311
609,0.02732895,-0.1456236,0.6953516
610,0.02778905,-0.140897,0.6934946
611,0.0473519,-0.1187084,0.7118749
612,0.05536614,-0.08856905,0.7607637
613,0.06130034,-0.06546114,0.7577055
614,0.06581021,-0.06560262,0.7470102
615,0.0585598,-0.09233528,0.752457
616,0.0308102,-0.1400135,0.6965237
617,0.0298295,-0.1452166,0.6991522
618,0.03243277,-0.143554,0.7038693
619,0.03390092,-0.1384476,0.7004609
620,0.03532166,-0.1395464,0.7083301
621,0.03628568,-0.1356524,0.7043183
622,0.038484,-0.1245378,0.700833
623,0.03934773,-0.1274215,0.7035417
624,0.03953575,-0.1252854,0.7067947
625,0.03907151,-0.1234054,0.704531
626,0.04287963,-0.1247097,0.7145022
627,0.04190428,-0.123788,0.7116759
628,0.04775397,-0.1097157,0.7022322
629,0.05475294,-0.09854755,0.6970196
630,0.04869092,-0.1026554,0.6977094
631,0.0288031,-0.1341718,0.6826876
632,0.02644465,-0.1370535,0.6866636
633,0.02992285,-0.1366721,0.6893041
634,0.03211671,-0.1329051,0.6852062
635,0.04488918,-0.1220245,0.7128589
636,0.04349454,-0.1220272,0.7102965
637,0.04719142,-0.1045264,0.6977886
638,0.0466944,-0.09650815,0.6929021
639,0.0506173,-0.09211183,0.6918853
640,0.04983582,-0.06744535,0.6918551
641,0.0504464,-0.0724419,0.6910941
642,0.0547205,-0.07459609,0.6958842
643,0.05369427,-0.06862272,0.6960866
644,0.03467096,-0.1312663,0.6882447
645,0.03309826,-0.1356909,0.6920921
646,0.03581454,-0.1335499,0.6952172
647,0.03648124,-0.1293595,0.6917723
648,0.03788111,-0.130445,0.6991742
649,0.03775916,-0.1267544,0.696342
650,0.03789799,-0.122919,0.6997397
651,0.03891719,-0.1220789,0.7031415
652,0.04116925,-0.1227032,0.7095185
653,0.04038238,-0.1217824,0.7081441
654,0.04459411,-0.1200012,0.7080925
655,0.04614776,-0.1194309,0.7099454
656,0.046422,-0.1119362,0.701273
657,0.04478006,-0.1144881,0.7006898
658,0.04580825,-0.09915327,0.6931265
659,0.02932543,-0.1285899,0.6810416
660,0.0321059,-0.1279037,0.6840624
661,0.03745732,-0.1220071,0.699383
662,0.03845195,-0.1212745,0.7028131
663,0.04207195,-0.1214942,0.7088141
664,0.04095829,-0.1209385,0.7079326
665,0.04481552,-0.1114355,0.6964894
666,0.04612779,-0.1076992,0.6971719
667,0.04490011,-0.1029705,0.692571
668,0.0457642,-0.08190466,0.6825651
669,0.04568223,-0.07104257,0.683132
670,0.0443323,-0.06829999,0.6793272
671,0.04551049,-0.07831728,0.6775139
672,0.05329833,-0.06443666,0.6953849
673,0.05012656,-0.06371125,0.6921842
674,0.0678274,-0.07060904,0.7195044
675,0.06571782,-0.06470773,0.7144476
676,0.06386746,-0.06732845,0.7096727
677,0.06602431,-0.07392168,0.7131325
678,0.02889538,-0.1244676,0.6810442
679,0.03142928,-0.1240019,0.6845297
680,0.03420962,-0.1270078,0.6872403
681,0.03593981,-0.1256386,0.6914236
682,0.0370606,-0.1244197,0.6954786
683,0.0398713,-0.1210097,0.7072326
684,0.04283943,-0.1202983,0.7071283
685,0.04312002,-0.1169036,0.7006242
686,0.04117817,-0.1187769,0.700868
687,0.0412423,-0.120257,0.7068024
688,0.04512344,-0.06721541,0.6837474
689,0.04453498,-0.06279349,0.685538
690,0.0428055,-0.0596223,0.6829621
691,0.04352894,-0.0639077,0.6805825
692,0.05409639,-0.06001157,0.6935647
693,0.05132265,-0.05945364,0.691281
694,0.05664048,-0.06485365,0.6990466
695,0.05678015,-0.06027887,0.696237
696,0.06333124,-0.06118652,0.7097079
697,0.06161032,-0.06339387,0.7061598
698,0.03320899,-0.1235678,0.6879285
699,0.03475127,-0.1231353,0.6918697
700,0.03631368,-0.1227055,0.695673
701,0.03940758,-0.120511,0.7069984
702,0.04016434,-0.1206203,0.7075659
703,0.04310011,-0.1153286,0.696483
704,0.0409405,-0.1183037,0.6967094
705,0.04476435,-0.05997627,0.6872337
706,0.04687314,-0.06560487,0.688432
707,0.04716063,-0.06240572,0.6895809
708,0.03952524,-0.1204055,0.7073524
709,0.04013472,-0.1203129,0.7066453
710,0.03987375,-0.1198081,0.7012434
711,0.04279096,-0.06242594,0.6709548
712,0.04508252,-0.07321917,0.6683624
713,0.04529101,-0.07540637,0.6727319
714,0.04331179,-0.06494115,0.675253
715,0.04849241,-0.05841697,0.6894598
716,0.04626287,-0.05687628,0.6880406
717,0.06811281,-0.05663154,0.7304628
718,0.06680038,-0.05417847,0.7234528
719,0.06679957,-0.05783397,0.7217495
720,0.06833401,-0.06134324,0.7286775
721,0.03947431,-0.1203197,0.7067477
722,0.03812478,-0.1205169,0.702034
723,0.0396795,-0.1195423,0.6969228
724,0.04146045,-0.05567107,0.6681861
725,0.04040082,-0.0550851,0.6650971
726,0.04124464,-0.06039819,0.6636394
727,0.04251117,-0.06112684,0.6671282
728,0.05151629,-0.05072509,0.68867
729,0.05183623,-0.05568007,0.6904635
730,0.05434968,-0.05607783,0.6919593
731,0.05432342,-0.05079719,0.6896669
732,0.05666263,-0.05635978,0.6942123
733,0.05731922,-0.05091702,0.6916705
734,0.06537428,-0.05210762,0.7164988
735,0.06490385,-0.05518148,0.7152318
736,0.06819659,-0.04676522,0.7205918
737,0.06765435,-0.04838866,0.7229984
738,0.06860048,-0.04790621,0.7305847
739,0.06937172,-0.04485709,0.7274982
740,0.03699855,-0.1207961,0.6979749
741,0.04551352,-0.0897018,0.6867527
742,0.04661547,-0.08667476,0.6816728
743,0.04753848,-0.08785274,0.6799322
744,0.0460915,-0.08915091,0.6838274
745,0.04799261,-0.09206237,0.6783407
746,0.04846169,-0.0893575,0.6782814
747,0.04901975,-0.08859849,0.6738898
748,0.04882938,-0.09196141,0.673866
749,0.06165159,-0.05212218,0.6978509
750,0.0605497,-0.05603697,0.6991134
751,0.06167313,-0.05533345,0.7014005
752,0.06260028,-0.05210338,0.6999893
753,0.06434905,-0.05144832,0.7099084
754,0.06387735,-0.0529396,0.708459
755,0.06847554,-0.0453395,0.7125785
756,0.06835843,-0.04590854,0.7172395
757,0.07038644,-0.04271973,0.7230515
758,0.07169516,-0.04082716,0.7177629
759,0.04205853,-0.1119102,0.6868231
760,0.04023719,-0.1106868,0.6822739
761,0.03916362,-0.1158874,0.6825777
762,0.04037138,-0.1164349,0.6864647
763,0.04492251,-0.09268972,0.6860369
764,0.04332988,-0.09402651,0.6886444
765,0.04788051,-0.08313484,0.6654288
766,0.04721966,-0.08194345,0.6611262
767,0.0479779,-0.08622227,0.6594921
768,0.04879554,-0.08694666,0.6641313
769,0.0433156,-0.07070747,0.6607076
770,0.04457221,-0.0717508,0.6644499
771,0.04152895,-0.05080285,0.6724274
772,0.04128475,-0.05575333,0.6788969
773,0.04184337,-0.04912497,0.6781312
774,0.04418972,-0.04511013,0.6719881
775,0.04936763,-0.05492521,0.6891601
776,0.04930667,-0.05048798,0.6883247
777,0.04715654,-0.0507414,0.6878718
778,0.04730618,-0.05369245,0.6883816
779,0.06659702,-0.04849284,0.7085607
780,0.06661391,-0.04810148,0.7118505
781,0.07315467,-0.03931919,0.7121708
782,0.06835824,-0.04495122,0.7072112
783,0.04272232,-0.09571261,0.6855472
784,0.04191653,-0.0958605,0.6832159
785,0.04077518,-0.09768622,0.6819612
786,0.04201797,-0.09817876,0.687879
787,0.0440513,-0.09572116,0.6803274
788,0.04535683,-0.09537761,0.6783253
789,0.04606351,-0.09510761,0.6738048
790,0.04788666,-0.0911565,0.659362
791,0.0487695,-0.09135119,0.6641068
792,0.04389753,-0.04331311,0.666955
793,0.04150688,-0.05007953,0.6688016
794,0.06627319,-0.04983258,0.7046965
795,0.03534384,-0.1094216,0.6741803
796,0.0382788,-0.1094308,0.6780888
797,0.0378144,-0.1039599,0.6762521
798,0.03466152,-0.1043277,0.6722155
799,0.04642429,-0.09480019,0.6598607
800,0.04747304,-0.09432991,0.6640908
801,0.04552056,-0.08113965,0.6573029
802,0.04601655,-0.08581349,0.6556793
803,0.05147682,-0.04063718,0.6734982
804,0.05200534,-0.03588489,0.6680303
805,0.06412277,-0.05215779,0.7032849
806,0.06497291,-0.05109673,0.705721
807,0.06782875,-0.04511673,0.7018383
808,0.06546766,-0.0507927,0.7001231
809,0.03556431,-0.1185106,0.6798074
810,0.03097082,-0.1218209,0.6823509
811,0.0327683,-0.1215104,0.6858163
812,0.03670911,-0.1187746,0.6833181
813,0.03613574,-0.1142388,0.6758775
814,0.03808251,-0.1149749,0.6793257
815,0.0453131,-0.09641371,0.6636221
816,0.04214114,-0.09789059,0.6639521
817,0.04591727,-0.09116322,0.6555997
818,0.0430235,-0.04312834,0.6640793
819,0.0407438,-0.04947069,0.6659743
820,0.04706395,-0.04574407,0.680748
821,0.06302778,-0.05289079,0.6995578
822,0.04464164,-0.09495871,0.656674
823,0.04842573,-0.03465396,0.6639559
824,0.05005898,-0.04547948,0.6825958
825,0.0551044,-0.03940242,0.6768193
826,0.04564117,-0.04988199,0.684732
827,0.04829876,-0.05019917,0.6846304
828,0.07276987,-0.03827482,0.7034969
829,0.03294747,-0.1185642,0.6760715
830,0.03730134,-0.09877507,0.6688952
831,0.03831414,-0.09809396,0.6690054
832,0.03990156,-0.09832963,0.6657431
833,0.03912292,-0.09896197,0.6649752
834,0.04150814,-0.09861392,0.6626401
835,0.04415103,-0.09731656,0.661028
836,0.04252478,-0.0977862,0.6582499
837,0.04007568,-0.09935016,0.6607015
838,0.05712429,-0.03436048,0.6717672
839,0.05838519,-0.03846072,0.6804888
840,0.05363759,-0.04527729,0.6845442
841,0.04628021,-0.0509377,0.6860506
842,0.04851449,-0.05145328,0.6864054
843,0.04452813,-0.05147085,0.6883863
844,0.04443374,-0.05225137,0.6874911
845,0.04549015,-0.05225626,0.6880585
846,0.0453974,-0.05101347,0.6879705
847,0.06600919,-0.04448431,0.6958911
848,0.07074489,-0.03765108,0.6957771
849,0.06857504,-0.03610623,0.6895785
850,0.06261755,-0.04416692,0.6907214
851,0.03500854,-0.1010095,0.6698496
852,0.03561421,-0.0994513,0.6671991
853,0.02849058,-0.1222202,0.6788568
854,0.03766988,-0.1003408,0.673215
855,0.03846065,-0.09841375,0.6731225
856,0.03953045,-0.09855296,0.6782177
857,0.0376881,-0.09962532,0.6634958
858,0.0609683,-0.0328839,0.6758039
859,0.05190901,-0.05049563,0.6850461
860,0.04194888,-0.05108011,0.6838462
861,0.04330795,-0.05178393,0.6860336
862,0.06303149,-0.05253684,0.7010212
863,0.06198481,-0.05311542,0.698448
864,0.06352367,-0.05122286,0.6953968
865,0.06100849,-0.05336995,0.6953426
866,0.0636999,-0.0372453,0.684336
867,0.05768102,-0.0444407,0.6868315
868,0.05561911,-0.05073325,0.6869279
869,0.05120725,-0.05202901,0.687039
870,0.04684653,-0.05125661,0.687017
871,0.04886199,-0.05131964,0.6874095
872,0.05974335,-0.05129655,0.690571
873,0.05792297,-0.05305127,0.6911467
874,0.05432569,-0.05260856,0.6882235
875,0.0513116,-0.05148231,0.6879126
876,0.05998155,-0.05169841,0.6946476
877,0.05993876,-0.0527007,0.6945304
878,0.07342701,0.01162157,0.7129797
879,0.07200574,0.01595612,0.7010369
880,0.07264081,0.004270338,0.6949291
881,0.07411318,0.001078375,0.7072108
882,0.05420799,-0.05189767,0.6888617
883,0.057358,-0.05210659,0.691046
884,0.06894539,0.01950208,0.6910156
885,0.06986129,0.006236672,0.6848372
886,0.0653761,0.02198837,0.6826714
887,0.06217169,0.008298099,0.6698274
888,0.06631541,0.007120237,0.676735
889,0.06099371,0.02389606,0.6754595
890,0.05593429,0.02505101,0.6689784
891,0.05026678,0.0255293,0.6630034
892,0.05204489,0.009277694,0.6586844
893,0.05751494,0.008737989,0.6639229
894,0.05666776,-0.007017165,0.6633114
895,0.05586503,-0.02235971,0.6641492
896,0.06102724,-0.02208021,0.6691624
897,0.06149915,-0.007565573,0.6683907
898,0.0646513,-0.02115861,0.675061
899,0.06580397,-0.007616125,0.6741291
900,0.06926418,-0.007430546,0.6811493
901,0.06825001,-0.02039069,0.6816251
902,0.07143203,-0.02025025,0.6883558
903,0.07239605,-0.008356065,0.690078
904,0.07436014,-0.02192139,0.6979266
905,0.07478877,-0.01055716,0.7019736
906,0.07534167,-0.01230898,0.713349
907,0.07514329,-0.02275772,0.709947
908,0.07457129,-0.02388535,0.7198128
909,0.07463134,-0.01568318,0.7234175
910,0.03505147,-0.1424891,0.7118638
911,0.04707699,-0.09434929,0.6787074
912,0.04797333,-0.09409188,0.673878
913,0.04520743,-0.09467594,0.6823276
914,0.04223826,-0.06034525,0.6768233
915,0.04787701,-0.08468345,0.6698971
916,0.04887926,-0.08777659,0.6682553
917,0.0481196,-0.08626515,0.6750874
918,0.04892952,-0.09159929,0.6684276
919,0.04800569,-0.09384917,0.6688549
920,0.04626963,-0.09505064,0.6691397
921,0.06134088,-0.08197601,0.7031872
922,0.05637363,-0.08027903,0.6966372
923,0.05923461,-0.0758422,0.7013434
924,0.05766332,-0.06928314,0.7004195
925,0.05900673,-0.05639622,0.6966771
926,0.06099445,-0.05899508,0.7021035
927,0.05930541,-0.05994308,0.6992019
928,0.05936081,-0.06439419,0.7025964
929,0.05829788,-0.1077053,0.7385281
930,0.0579684,-0.111422,0.7298511
931,0.05663732,-0.1032224,0.7478192
932,0.06101332,-0.09588977,0.7431526
933,0.06249069,-0.1001281,0.7335752
934,0.06805258,-0.06358504,0.7372477
935,0.06818265,-0.06980801,0.7333823
936,0.06287797,-0.1044463,0.7244046
937,0.03336987,-0.1433575,0.743915
938,0.06488274,-0.08157052,0.7105468
939,0.0682326,-0.07526816,0.7261534
940,0.06715605,-0.07960936,0.7183055
941,0.05157997,-0.07741448,0.6913851
942,0.04675781,-0.08371842,0.6759807
943,0.04683866,-0.08157344,0.6710836
944,0.04467724,-0.07734978,0.65868
945,0.04618678,-0.07831497,0.6624124
946,0.06236866,-0.05736645,0.7047677
947,0.0644616,-0.05812642,0.7130322
948,0.0633615,-0.05502007,0.7070274
949,0.06653237,-0.06137096,0.7187532
950,0.06318309,-0.07563658,0.7071479
951,0.07123182,-0.03759485,0.7299056
952,0.07296837,-0.0348576,0.7228496
953,0.07455465,-0.03280602,0.7151804
954,0.07514931,-0.03175554,0.7050138
955,0.07353348,-0.0309372,0.6950707
956,0.07046648,-0.03037433,0.6878933
957,0.06607922,-0.0312967,0.6816328
958,0.05149477,-0.006397702,0.6585298
959,0.05032918,-0.02195359,0.6598882
960,0.04441638,-0.1082668,0.6924709
961,0.04302417,-0.1136484,0.6916049
962,0.04679386,-0.07966778,0.6665335
963,0.03914946,-0.1192367,0.6915948
964,0.04082204,-0.117501,0.6914268
965,0.0381666,-0.1189631,0.6872196
966,0.03579645,-0.121179,0.6938747
967,0.03438547,-0.1212896,0.689914
968,0.04180866,-0.05428467,0.684065
969,0.04340006,-0.0567725,0.6852795
970,0.04455777,-0.05465348,0.6868774
971,0.04306652,-0.05334598,0.68646
972,0.04171616,-0.05713735,0.6719647
973,0.04723816,-0.07002121,0.6870567
974,0.04792816,-0.07424256,0.6869686
975,0.04455867,-0.05168486,0.6872956
976,0.0555993,-0.06423154,0.76766
977,0.05771735,-0.05594722,0.7665402
978,0.06262193,-0.05750082,0.757432
979,0.04715728,-0.08631484,0.6873711
980,0.03978644,-0.1005097,0.6809275
981,0.04089218,-0.09712037,0.6676737
982,0.04160388,-0.09587642,0.6722332
983,0.06383692,-0.05139817,0.7063071
984,0.06334909,-0.05259767,0.7047997
985,0.06394735,-0.0514351,0.7038754
986,0.06265905,-0.05420645,0.7031719
987,0.0632007,-0.05167557,0.7024509
988,0.0732512,0.006530963,0.7241516
989,0.07463645,-0.002685979,0.7179398
990,0.06395557,-0.05070741,0.7058801
991,0.06507522,-0.05046755,0.7079846
992,0.06339836,-0.05097972,0.7046564
993,0.006703224,-0.1645883,0.7195857
994,0.001571096,-0.1637678,0.7269633
995,0.0117591,-0.1631423,0.7246637
996,0.01743571,-0.1599862,0.7297934
997,0.02293435,-0.1548662,0.7354089
998,0.01315428,-0.1582865,0.7371981
999,0.01909214,-0.153323,0.7422234
1000,0.04256926,-0.1053718,0.687328
1001,0.007003937,-0.1619027,0.7320728
1002,0.06116211,-0.06875569,0.704951
1003,0.03258847,-0.1316967,0.7606994
1004,0.05465972,-0.09901694,0.7565771
1005,0.06844443,-0.06610958,0.7250502
1006,0.06599424,-0.04896368,0.7161399
1007,0.066319,-0.04823121,0.7142801
1008,0.06470516,-0.04985474,0.7104903
1009,0.06491902,-0.04987568,0.7095011
1010,0.06388328,-0.05027818,0.7075717
1011,0.06378257,-0.05017526,0.7076446
1012,0.06341535,-0.05047449,0.706175
1013,0.04959394,-0.09478094,0.7677242
1014,0.06789491,-0.05795788,0.7389779
1015,0.06458109,-0.05044871,0.7105289
1016,0.06398989,-0.05078398,0.7070283
1017,0.06552392,-0.05011925,0.7170297
1018,0.06693657,-0.05075223,0.723599
1019,0.06823372,-0.05209666,0.7308506
1020,0.04004316,-0.1045785,0.6816732
1021,0.04719086,-0.09042382,0.6816747
1022,0.04627664,-0.09262104,0.6828958
1023,0.06616876,-0.05817308,0.748055
1024,0.05090502,-0.08643575,0.7690486
1025,0.0436219,-0.09275516,0.7760819
1026,0.07404717,-0.007544562,0.7285877
1027,0.07229696,0.001288071,0.7350794
1028,0.05165814,-0.05421004,0.7758934
1029,0.04903068,-0.06293006,0.7776236
1030,0.04430316,-0.08341042,0.7779624
1031,0.02809021,-0.1281782,0.7688769
1032,-0.002675533,-0.1629913,0.7328395
1033,0.003127612,-0.1605952,0.7383302
1034,0.008841693,-0.1567755,0.743726
1035,0.01458498,-0.151765,0.7485265
1036,0.004886281,-0.1560051,0.7492836
1037,0.01064239,-0.1501977,0.7549028
1038,-0.0007794835,-0.1601822,0.7437877
1039,-0.006611062,-0.1628149,0.7382045
1040,0.02103931,-0.1454577,0.75333
1041,0.02521126,-0.147627,0.746805
1042,0.02245317,-0.1360578,0.7651524
1043,0.01656769,-0.1434235,0.7603917
1044,0.0309286,-0.1497372,0.7332917
1045,0.02837638,-0.149059,0.740561
1046,0.03067097,-0.1416993,0.7503918
1047,0.02688687,-0.1389345,0.7573463
1048,0.07299817,-0.02705744,0.7285028
1049,0.06961488,-0.04164511,0.7351933
1050,0.07283468,-0.02039372,0.733218
1051,0.07089261,-0.03118341,0.7361046
1052,0.06864516,-0.03712482,0.7428935
1053,0.06736496,-0.03334252,0.7488269
1054,0.070165,-0.02586772,0.7419729
1055,0.07219039,-0.01326719,0.7393779
1056,0.06893379,-0.02049617,0.7486659
1057,0.06533653,-0.02925134,0.755877
1058,0.0696171,-0.005182385,0.7470293
1059,0.06645422,-0.01493055,0.757022
1060,0.06182785,-0.02514619,0.7647862
1061,0.06014153,-0.0474507,0.7644154
1062,0.06416896,-0.04954426,0.7561169
1063,0.06690725,-0.05121719,0.7479703
1064,0.05483453,-0.04530323,0.7728965
1065,0.05798465,-0.03562422,0.7693386
1066,0.06285216,-0.03862746,0.7614605
1067,0.06850838,-0.04695212,0.7390198
1068,0.06818055,-0.05223412,0.7392773
1069,0.06746725,-0.04416651,0.746963
1070,0.06565038,-0.04147353,0.7537838
1071,0.06335228,-0.05059095,0.7068706
1072,0.0261265,-0.1222216,0.6762424
1073,-0.06056336,-0.09026233,0.6787804
1074,0.05331296,-0.09421692,0.7616798
1075,0.01206145,-0.04837178,0.6626052
1076,0.01350371,-0.04749241,0.6622664
1077,0.0149631,-0.04645842,0.6626954
1078,0.01924361,-0.04401208,0.6612998
1079,0.02517191,-0.03702301,0.6530191
1080,0.02978458,-0.0368435,0.6537365
1081,0.03404456,-0.0371336,0.6553219
1082,0.04094324,-0.03769762,0.6588306
1083,0.04615229,-0.03884723,0.6642185
1084,0.04801469,-0.03922777,0.667956
1085,0.04829822,-0.04102889,0.6720498
1086,0.04391402,-0.0470565,0.6796176
1087,0.04371066,-0.05002255,0.6843623
1088,0.04475078,-0.05056289,0.6857529
1089,0.04536369,-0.05124115,0.687047
1090,0.05322322,-0.05566666,0.6929077
1091,0.05086968,-0.05510855,0.6914557
1092,0.05576313,-0.05621957,0.6948391
1093,0.06082364,-0.05530524,0.7014289
1094,0.05969458,-0.05579138,0.6993548
1095,0.04684994,-0.05361243,0.6896178
1096,0.04884241,-0.05452427,0.6904336
1097,0.04524868,-0.05219057,0.6888249
1098,0.04458115,-0.05174871,0.6885287
1099,0.05805425,-0.05625445,0.6970965
1100,0.06192022,-0.05413899,0.7029905
1101,0.06274579,-0.05255008,0.7046846
1102,0.06315348,-0.05130357,0.7060235
1103,0.005682003,-0.05203271,0.6587027
1104,0.003443647,-0.05243174,0.6569948
1105,0.0007645786,-0.05284504,0.6553769
1106,-0.004711138,-0.05215568,0.6533388
1107,-0.006908994,-0.05160644,0.6528993
1108,0.007422514,-0.05189048,0.6604606
1109,0.008893844,-0.0513249,0.6622226
1110,0.01088009,-0.04964675,0.6642734
1111,0.01027784,-0.05015579,0.6635935
1112,-0.002117384,-0.05249564,0.654024
1113,-0.00878199,-0.05053612,0.6524849
1114,-0.01054634,-0.04910232,0.65222
1115,-0.01182401,-0.04792007,0.652206
1116,-0.01237861,-0.04701382,0.6522034
1117,0.0634098,-0.05068491,0.7066644
1118,0.02007227,-0.09532508,0.6615943
1119,0.04237499,-0.09637135,0.6777569
1120,-0.003523177,-0.1167895,0.671952
1121,-0.003630051,-0.1180846,0.6722858
1122,-0.0003133491,-0.1168088,0.6728713
1123,-0.0001911297,-0.1198176,0.6732484
1124,0.002630621,-0.1172655,0.673414
1125,0.002607651,-0.1204816,0.6741359
1126,0.01735936,-0.1193895,0.6766552
1127,0.01723735,-0.1233525,0.6775618
1128,0.01390908,-0.1227648,0.6764758
1129,0.0141396,-0.1189005,0.6756476
1130,0.02077555,-0.1200033,0.678389
1131,0.02087687,-0.1239518,0.6793247
1132,0.02331378,-0.1202556,0.6803049
1133,0.02347815,-0.1242259,0.6812212
1134,0.006191824,-0.1213662,0.674723
1135,0.006313752,-0.1179017,0.6739716
1136,0.01018938,-0.1184107,0.6748681
1137,0.009993523,-0.1220236,0.6757017
1138,-0.003677849,-0.1172173,0.6715002
1139,0.03849708,-0.1211182,0.7076303
1140,0.03667232,-0.1223368,0.7044129
1141,0.03682101,-0.1194847,0.7042645
1142,0.03865688,-0.1199436,0.7073284
1143,0.03502539,-0.1226279,0.7018368
1144,0.03537878,-0.1195742,0.7013155
1145,0.0280267,-0.1199526,0.685877
1146,0.02988307,-0.1197483,0.6892549
1147,0.029971,-0.1237352,0.6904694
1148,0.02821657,-0.1240156,0.6871388
1149,0.02570019,-0.1243044,0.6837064
1150,0.02558941,-0.120237,0.6826525
1151,0.03345904,-0.1231345,0.6982039
1152,0.03165796,-0.1233287,0.6945041
1153,0.03167682,-0.1196658,0.6934
1154,0.03361938,-0.1197146,0.6973268
1155,0.03917675,-0.1204092,0.7074289
1156,0.0529576,-0.107635,0.7027327
1157,0.05126932,-0.101217,0.697155
1158,0.04852123,-0.09456478,0.6924102
1159,0.04625859,-0.08854649,0.6875573
1160,0.04587721,-0.08443241,0.6822236
1161,0.04580387,-0.08104774,0.6768874
1162,0.04589861,-0.07850211,0.6719288
1163,0.04582486,-0.0763016,0.667499
1164,0.04527686,-0.07476338,0.6634763
1165,0.04389603,-0.07370539,0.6598735
1166,0.04103886,-0.07296328,0.6567241
1167,0.03719325,-0.07343474,0.6549758
1168,0.03334173,-0.07430529,0.6548315
1169,0.02937875,-0.07566516,0.6556131
1170,0.02517572,-0.07767656,0.6569887
1171,0.02065911,-0.08000831,0.6586813
1172,0.01579975,-0.08296339,0.6603786
1173,0.0108374,-0.0863508,0.6619257
1174,0.005482227,-0.09121583,0.6612217
1175,7.688999E-06,-0.09681456,0.6598984
1176,-0.005813761,-0.1024289,0.6599314
1177,-0.01576253,-0.1129324,0.6647207
1178,-0.01845939,-0.11801,0.6680638
1179,-0.01984286,-0.1238672,0.6716487
1180,-0.0174304,-0.1352134,0.6785632
1181,-0.01437626,-0.1411358,0.6811619
1182,-0.01093132,-0.147445,0.6836409
1183,-0.006037172,-0.1537207,0.6859919
1184,6.108359E-05,-0.1581714,0.688082
1185,0.006212305,-0.1603533,0.6907007
1186,0.0112593,-0.1611237,0.6934275
1187,0.01559334,-0.1613327,0.6963548
1188,0.01949899,-0.1612447,0.7000405
1189,0.02350428,-0.1604926,0.7043556
1190,0.02757848,-0.1582792,0.7097068
1191,0.03121539,-0.1536369,0.7150049
1192,0.03459556,-0.1475693,0.7189279
1193,0.0377023,-0.1417673,0.7210571
1194,0.04078344,-0.1366769,0.7223385
1195,0.046953,-0.1268935,0.7219657
1196,0.04954633,-0.1219798,0.7192847
1197,0.05177721,-0.1178104,0.7150326
1198,0.06233548,-0.09912801,0.7076256
1199,0.0574211,-0.0935104,0.6975317
1200,0.05206819,-0.08775962,0.6918739
1201,0.0477986,-0.0829198,0.6872525
1202,0.04604375,-0.07871839,0.6826323
1203,0.04529365,-0.07511052,0.6778899
1204,0.04478347,-0.07214496,0.673346
1205,0.04447135,-0.070005,0.669135
1206,0.04399078,-0.06839081,0.6653184
1207,0.04272322,-0.06748348,0.6617082
1208,0.03992064,-0.06681737,0.6586343
1209,-0.01317256,-0.09426551,0.6541737
1210,-0.00224893,-0.08939895,0.6553409
1211,0.004777059,-0.08479771,0.6581857
1212,0.01035082,-0.08091316,0.6605172
1213,0.01532408,-0.07737088,0.6606219
1214,0.02015215,-0.0740575,0.6596892
1215,0.02452248,-0.07143185,0.6586782
1216,0.0285634,-0.06942741,0.6576322
1217,0.03232542,-0.06797839,0.6568569
1218,0.0361774,-0.06721212,0.6569169
1219,-0.02056664,-0.1026973,0.6582116
1220,-0.02449421,-0.1097097,0.6635336
1221,-0.02711733,-0.1160291,0.6683246
1222,-0.02833241,-0.1228594,0.6729705
1223,-0.02583493,-0.1362545,0.6811671
1224,-0.02279446,-0.14309,0.6844817
1225,-0.01857513,-0.149499,0.6875217
1226,-0.01311298,-0.1558563,0.6904388
1227,-0.006890858,-0.1606738,0.6936588
1228,-0.0008089282,-0.1637013,0.6971787
1229,0.004819438,-0.1649394,0.7005486
1230,0.009570152,-0.1651684,0.7039412
1231,0.01407849,-0.164987,0.7077226
1232,0.01883451,-0.1637681,0.7124557
1233,0.02393419,-0.1607609,0.7174972
1234,0.02879095,-0.1559402,0.7226706
1235,0.03293595,-0.1497469,0.7271124
1236,0.03659771,-0.1438587,0.7300009
1237,0.04032186,-0.1378924,0.7315369
1238,0.04847168,-0.1260422,0.7307912
1239,0.05243032,-0.1199665,0.7275765
1240,0.05624812,-0.1145053,0.7228324
1241,0.06048798,-0.1081241,0.71603
1242,0.06711119,-0.08566509,0.7238699
1243,0.06678387,-0.08099539,0.7333615
1244,0.04734608,-0.07009153,0.777556
1245,0.05385813,-0.07187091,0.7679275
1246,0.06541639,-0.07496694,0.744235
1247,0.05974868,-0.07378753,0.7574338
1248,0.06628427,-0.08893994,0.7145458
1249,-0.03902091,-0.07684062,0.6579478
1250,-0.03021521,-0.08144496,0.6546467
1251,-0.05964195,-0.06883869,0.6723793
1252,-0.04897406,-0.07035132,0.6627889
1253,-0.06766987,-0.06700845,0.6813534
1254,-0.07454214,-0.06535701,0.6906108
1255,-0.02104042,-0.08483161,0.6527399
1256,0.0630286,-0.08944247,0.7052706
1257,-0.01126441,-0.08559506,0.6527647
1258,0.05218793,-0.08267078,0.6916028
1259,0.04820936,-0.07873973,0.6871158
1260,0.05771356,-0.08662701,0.697292
1261,0.04503818,-0.071945,0.6781757
1262,0.04613066,-0.07504681,0.6825584
1263,0.044292,-0.06913729,0.6740601
1264,0.04379334,-0.06659979,0.6700087
1265,0.04326157,-0.06495498,0.6663195
1266,0.04197312,-0.06385762,0.662685
1267,0.03929444,-0.06358762,0.6596963
1268,0.01034237,-0.07712982,0.6601244
1269,0.004847489,-0.08024637,0.6579603
1270,0.01532413,-0.07389563,0.6605172
1271,-0.002176728,-0.08334494,0.6549384
1272,0.02806981,-0.06610615,0.6586469
1273,0.0241017,-0.06846571,0.6594166
1274,0.03177289,-0.0645323,0.6579988
1275,0.03565589,-0.06361721,0.6580945
1276,0.01990015,-0.07098889,0.6600382
1277,-0.03397429,-0.08741137,0.6576855
1278,-0.04280309,-0.08393476,0.6619943
1279,-0.02468352,-0.09119654,0.6547947
1280,-0.008841529,-0.1087784,0.662994
1281,-0.01126062,-0.1078907,0.6614798
1282,-0.01521745,-0.1056393,0.6594321
1283,0.06445551,-0.08822095,0.7388365
1284,0.06563614,-0.09196646,0.7286125
1285,0.06145407,-0.08455855,0.7486448
1286,0.06580796,-0.09582334,0.7188591
1287,0.04788134,-0.1143244,0.7067681
1288,0.05020508,-0.11351,0.7075779
1289,0.05338261,-0.1132837,0.7087796
1290,0.05732248,-0.1113035,0.7114303
1291,0.04581317,-0.07649742,0.7776489
1292,0.05211162,-0.07891911,0.7685417
1293,0.05736252,-0.08156142,0.7589216
1294,-0.05142429,-0.08002058,0.6676517
1295,-0.0600533,-0.07688097,0.6747514
1296,-0.06754382,-0.07442582,0.6827703
1297,-0.07419376,-0.07201536,0.6917458
1298,-0.00674282,-0.1101673,0.6639246
1299,0.04484548,-0.1174147,0.7046208
1300,0.04646132,-0.1158715,0.7055126
1301,0.04134857,-0.1196221,0.7042801
1302,0.04311197,-0.1186571,0.7043566
1303,-0.002652474,-0.1150005,0.667122
1304,-0.001971234,-0.1162028,0.6684304
1305,-0.003465662,-0.1135293,0.6659381
1306,-0.00479407,-0.1119369,0.6647722
1307,-0.06302601,-0.1177788,0.6995659
1308,-0.05555642,-0.1218887,0.6923959
1309,-0.04827663,-0.1256388,0.6867642
1310,-0.04151588,-0.1279551,0.6825764
1311,-0.03428387,-0.1290292,0.6795236
1312,-0.02788339,-0.1296547,0.6773159
1313,-0.02330727,-0.1298388,0.6758665
1314,-0.01934876,-0.129545,0.6753308
1315,-0.0158546,-0.1287756,0.6748611
1316,-0.01281039,-0.1274951,0.6743551
1317,-0.009927424,-0.1258991,0.6737096
1318,-0.007088726,-0.1237728,0.6731882
1319,-0.004602006,-0.1215762,0.6724907
1320,-0.002945103,-0.1200365,0.672126
1321,-0.001631403,-0.118849,0.6713901
1322,-0.001304569,-0.1179054,0.6714512
1323,-0.002176384,-0.1188619,0.672668
1324,-0.002346285,-0.1166275,0.6723945
1325,-0.001505109,-0.1173498,0.6706651
1326,-0.001603736,-0.1169787,0.6695716
1327,0.03331975,-0.1198614,0.7713745
1328,0.03803851,-0.1238052,0.7628207
1329,0.04169209,-0.1275217,0.754937
1330,0.04368278,-0.1301706,0.747214
1331,0.04429094,-0.1313336,0.7389812
1332,0.04434299,-0.1321794,0.7321792
1333,0.0446417,-0.1325741,0.7269419
1334,0.04378421,-0.1318638,0.7227798
1335,0.04271826,-0.1305685,0.7194607
1336,0.04172797,-0.1290178,0.7171342
1337,0.04139676,-0.1275722,0.7147179
1338,0.04074641,-0.1256608,0.7116866
1339,0.04020022,-0.1238165,0.7090511
1340,0.03965344,-0.1224798,0.7072909
1341,0.03952204,-0.1214572,0.7057703
1342,0.03898261,-0.1206643,0.705357
1343,0.03780418,-0.1216241,0.7063375
1344,0.03789293,-0.1195902,0.7062498
1345,0.03904308,-0.1203853,0.7047639
1346,0.04006247,-0.1201585,0.704406
