0,-0.0516603,-0.1129249,0.6929896
1,-0.05146537,-0.1107275,0.686254
2,-0.05106749,-0.1053974,0.6703336
3,-0.05090638,-0.1001101,0.6604717
4,-0.05102029,-0.09027403,0.6543757
5,-0.0513036,-0.08184159,0.6539482
6,-0.05154012,-0.07716136,0.6545938
7,-0.05192826,-0.06834954,0.6514581
8,-0.05203931,-0.06536486,0.6480329
9,-0.0523724,-0.05910999,0.647742
10,-0.05270285,-0.05515146,0.6488549
11,-0.05676271,0.01797124,0.6604618
12,-0.05593934,0.005454339,0.6494606
13,-0.05537893,-0.002813786,0.6416775
14,-0.05439667,-0.02843635,0.6485382
15,-0.05384022,-0.03782037,0.6474561
16,-0.05742909,0.03180153,0.6634529
17,-0.05468337,-0.01607267,0.6364114
18,-0.05485984,-0.01183619,0.6364502
19,-0.05351639,-0.04293826,0.6454068
20,-0.05451402,-0.02433953,0.6431259
21,-0.05458987,-0.01968273,0.6376003
22,-0.05333759,-0.04706474,0.6451423
23,-0.05450155,-0.02610899,0.6469771
24,-0.05706734,0.02341194,0.6630032
25,-0.05560508,0.0004704669,0.6448193
26,-0.0551094,-0.007068027,0.6383988
27,-0.05779028,0.04121951,0.6636102
28,-0.0590307,0.06805802,0.668499
29,-0.06057029,0.09487363,0.6839475
30,-0.05977172,0.08208252,0.674199
31,-0.0545339,-0.02246814,0.6400177
32,-0.05415064,-0.03224076,0.6485789
33,-0.05178229,-0.07260793,0.6538084
34,-0.05122763,-0.1081706,0.6774508
35,-0.05648227,0.01364045,0.6568932
36,-0.1333884,-0.0239599,0.7370381
37,-0.1290278,-0.04416497,0.7316145
38,-0.09934048,-0.09272949,0.7031683
39,-0.09019972,-0.09776336,0.692768
40,-0.091708,-0.09865497,0.7009898
41,-0.100997,-0.09332846,0.7127337
42,-0.08085454,-0.090635,0.6685227
43,-0.08555984,-0.09480695,0.6788898
44,-0.1062374,-0.08589271,0.7052139
45,-0.07607826,-0.08387163,0.6628876
46,-0.09011582,-0.0802561,0.6723807
47,-0.0971714,-0.08381267,0.6825147
48,-0.108063,-0.08613271,0.7153016
49,-0.08445495,-0.07578085,0.6668034
50,-0.1048919,-0.07044723,0.6819478
51,-0.09650868,-0.06927897,0.6720463
52,-0.1174747,-0.0696647,0.7080436
53,-0.09383394,-0.03775265,0.6622672
54,-0.08700565,-0.04239033,0.659591
55,-0.0906169,-0.0558676,0.663349
56,-0.09793387,-0.05471937,0.6682253
57,-0.1193907,-0.06983162,0.7192366
58,-0.07411829,-0.07978019,0.6612054
59,-0.08984548,-0.06714605,0.6669281
60,-0.07283922,-0.07575394,0.6594328
61,-0.08212125,-0.07300551,0.6649942
62,-0.07065952,-0.0637925,0.6537734
63,-0.08055159,-0.06995869,0.6629674
64,-0.1288519,-0.01427211,0.7041348
65,-0.126795,-0.05244307,0.726648
66,-0.07667104,-0.06170955,0.6593579
67,-0.08440717,-0.0641111,0.6644561
68,-0.08691217,-0.06572678,0.6657442
69,-0.08755884,-0.05637674,0.6622008
70,-0.06940875,-0.06011548,0.6528376
71,-0.08026038,-0.06037777,0.6615421
72,-0.0849876,-0.05661004,0.660956
73,-0.08454692,-0.002244592,0.6708965
74,-0.08398731,-0.00651712,0.6680461
75,-0.06856049,-0.05735945,0.6528814
76,-0.07536167,-0.05926835,0.6584743
77,-0.08077914,-0.05660856,0.659776
78,-0.08259007,-0.04641574,0.6574613
79,-0.08472592,-0.04425783,0.6587157
80,-0.06827091,-0.05563299,0.6538727
81,-0.0746979,-0.05732272,0.6579269
82,-0.07895897,-0.05891419,0.6609338
83,-0.07849421,-0.05109473,0.6560451
84,-0.08056623,-0.04107849,0.6565235
85,-0.07517184,-0.003059484,0.6651162
86,-0.07403889,-0.01264682,0.6606143
87,-0.1030481,-0.01186235,0.6721354
88,-0.1099763,-0.003056116,0.6802791
89,-0.07442197,-0.05640836,0.6582191
90,-0.07808753,-0.05772044,0.6607606
91,-0.07941828,-0.05668474,0.6598818
92,-0.07862195,-0.04448146,0.6550628
93,-0.07534904,-0.02159356,0.6602882
94,-0.07645898,0.003693342,0.6708818
95,-0.07550197,0.0002124161,0.6674724
96,-0.08549342,0.001371853,0.6724809
97,-0.07795779,-0.05720041,0.6608878
98,-0.07855488,-0.0568612,0.660262
99,-0.07673237,-0.05296189,0.6561202
100,-0.1025228,9.43765E-05,0.6770822
101,-0.1056879,0.00164149,0.6795204
102,-0.1255463,0.01464318,0.702313
103,-0.07809324,-0.05697111,0.660757
104,-0.07572181,-0.05434972,0.6566231
105,-0.07646149,-0.04805125,0.6540631
106,-0.06332391,0.01120115,0.658846
107,-0.06315921,0.002510197,0.6515329
108,-0.06830472,-0.00353533,0.655753
109,-0.07333345,0.007369511,0.6710637
110,-0.07224117,0.004142277,0.6671747
111,-0.08150534,0.003015444,0.6726083
112,-0.0861565,0.006339431,0.6729982
113,-0.08629269,0.01084716,0.6736218
114,-0.121332,0.0002875775,0.693791
115,-0.1160875,0.004808977,0.6901999
116,-0.07472063,-0.05568882,0.657907
117,-0.07165283,-0.04836551,0.6508757
118,-0.07371764,-0.01725731,0.65518
119,-0.06317313,0.01584001,0.6623714
120,-0.06053869,0.0171891,0.6609513
121,-0.08544236,0.02057683,0.6739782
122,-0.09980008,0.00596229,0.6761054
123,-0.09780637,0.01020824,0.6753523
124,-0.1158323,0.01488982,0.6895078
125,-0.1213619,0.02656773,0.6946298
126,-0.1300182,-0.007216305,0.7075139
127,-0.1340294,-0.01221785,0.7267423
128,-0.1344134,0.01791126,0.7245971
129,-0.1306897,-0.0001065433,0.7095761
130,-0.07035045,-0.05039104,0.6510783
131,-0.06674874,-0.03055318,0.6530797
132,-0.07473439,-0.02026713,0.6579883
133,-0.07350745,-0.01790628,0.652897
134,-0.07156417,-0.01386334,0.6519391
135,-0.07283853,0.01284588,0.6746632
136,-0.08280087,0.007330038,0.6734132
137,-0.09848136,0.01870086,0.6748819
138,-0.1112023,0.01559309,0.6847772
139,-0.1136074,0.02082825,0.6841558
140,-0.1180379,0.02300586,0.6882126
141,-0.136905,0.0179117,0.7347551
142,-0.1318374,0.0170308,0.7169916
143,-0.06856345,-0.05402895,0.6534964
144,-0.06300484,-0.03816543,0.6476338
145,-0.07466215,-0.02473999,0.6582936
146,-0.07263011,-0.02278389,0.6515415
147,-0.07153223,-0.01535874,0.6497204
148,-0.06608041,-0.007657453,0.64604
149,-0.06314327,-0.005282957,0.6437625
150,-0.05997209,0.004538521,0.6499289
151,-0.06936012,0.01238324,0.6704047
152,-0.06563112,0.01892564,0.6671351
153,-0.08282877,0.01993305,0.6747559
154,-0.1278034,0.03558576,0.7079464
155,-0.06305498,-0.04372758,0.6461887
156,-0.0724146,-0.02758772,0.6575001
157,-0.07093708,-0.02525658,0.6535037
158,-0.07097661,-0.02388581,0.6516694
159,-0.07145634,-0.01839239,0.6483161
160,-0.07074299,-0.02050067,0.6478518
161,-0.06806001,0.02694663,0.6674397
162,-0.06486396,0.03009608,0.6646678
163,-0.1163773,0.02697843,0.6847408
164,-0.1110917,0.02380871,0.6806421
165,-0.06130445,-0.0472967,0.6464707
166,-0.05916404,-0.03772596,0.6468548
167,-0.05742928,-0.02835044,0.6480482
168,-0.06906388,-0.02179385,0.6482658
169,-0.06589337,-0.01458177,0.6414804
170,-0.06246766,-0.01312817,0.6385446
171,-0.06149455,-0.01681648,0.6382152
172,-0.06475439,-0.01748064,0.640907
173,-0.05956583,-0.003644206,0.6421938
174,-0.1071017,0.01596116,0.6812125
175,-0.1093029,0.02011106,0.6803755
176,-0.1184373,0.03151111,0.6901303
177,-0.1264532,0.04871853,0.7089725
178,-0.1239918,0.04361046,0.7022535
179,-0.05966876,-0.05280272,0.64895
180,-0.06269548,-0.01968219,0.6407856
181,-0.0602966,-0.01990543,0.6391785
182,-0.05841547,-0.02376482,0.6436999
183,-0.06242582,0.03109765,0.6638231
184,-0.06990085,0.01995333,0.6719394
185,-0.08096137,0.0127536,0.6749744
186,-0.07990546,0.008980155,0.6739835
187,-0.08042709,0.01861162,0.6755958
188,-0.1019978,0.01707674,0.6769789
189,-0.1048608,0.02379527,0.6761017
190,-0.05906843,-0.05484006,0.6496629
191,-0.05993082,-0.04283399,0.6455598
192,-0.05872839,-0.01232328,0.63688
193,-0.05824065,-0.01634419,0.6367919
194,-0.08120157,0.02951624,0.6708884
195,-0.0818906,0.03611606,0.6664195
196,-0.07574794,0.01374649,0.6759502
197,-0.07757805,0.01505702,0.6762688
198,-0.1031638,0.01259939,0.6785207
199,-0.1041952,0.01999757,0.6763802
200,-0.1066228,0.03489127,0.6750127
201,-0.1037504,0.02970747,0.6743504
202,-0.05789839,-0.04717322,0.6456629
203,-0.06216706,-0.02610955,0.6497725
204,-0.05897293,-0.02533866,0.6473188
205,-0.0599144,-0.02447012,0.647205
206,-0.05742481,-0.01986735,0.6379024
207,-0.05640652,-0.02426035,0.6431898
208,-0.08018634,0.04274031,0.6647624
209,-0.08188601,0.02574316,0.6731968
210,-0.07798624,0.01633184,0.6770551
211,-0.1002615,0.01798868,0.6757005
212,-0.102074,0.02116016,0.674913
213,-0.1016655,0.04332256,0.673981
214,-0.1285918,0.05409133,0.7174407
215,-0.05627028,-0.05277534,0.6481661
216,-0.05669113,-0.02581673,0.6467215
217,-0.08752736,0.03679567,0.6674798
218,-0.0867832,0.04447246,0.6665295
219,-0.08565747,0.03081509,0.6706899
220,-0.0758567,0.01666641,0.6756673
221,-0.1010142,0.02583363,0.6739101
222,-0.1016936,0.03853859,0.6725479
223,-0.09822264,0.03183946,0.6719784
224,-0.09466981,0.04448809,0.6702377
225,-0.05557547,-0.05510926,0.6488659
226,-0.09158792,0.03166649,0.6707407
227,-0.09460655,0.03806249,0.6691902
228,-0.08590612,0.02724305,0.6721796
229,-0.08268211,0.02328099,0.6736448
230,-0.08264047,0.02149899,0.6738704
231,-0.114663,0.06345204,0.6969138
232,-0.1170105,0.07080618,0.7045855
233,-0.09031378,0.027863,0.6718407
234,-0.09838814,0.02287652,0.6731682
235,-0.09543219,0.0274597,0.6721938
236,-0.08593995,0.02416947,0.6727211
237,-0.08553723,0.02239984,0.673049
238,-0.09547511,0.01991277,0.6738642
239,-0.1063697,0.06995455,0.6893304
240,-0.08936805,0.02463292,0.6720828
241,-0.08854531,0.02114534,0.6733493
242,-0.08886158,0.02277309,0.6724243
243,-0.09373882,0.02409846,0.6720296
244,-0.09199125,0.02098618,0.6733239
245,-0.1088706,0.07817122,0.6978332
246,-0.1004455,0.0838246,0.6931344
247,-0.09232084,0.08803428,0.6895261
248,-0.08250359,0.07954683,0.6771001
249,-0.09018989,0.07703342,0.6797109
250,-0.08457019,0.09115573,0.6872815
251,-0.0740165,0.06728206,0.6696771
252,-0.08142287,0.06646789,0.6709414
253,-0.08877339,0.06552149,0.6731537
254,-0.09594201,0.06394742,0.676999
255,-0.1037139,0.06075364,0.6819853
256,-0.1124472,0.05530493,0.6889439
257,-0.06338392,0.02111092,0.6647913
258,-0.06133256,0.02273361,0.6638555
259,-0.07799704,0.005814411,0.6730219
260,-0.06891626,0.008536234,0.6664078
261,-0.07105099,-0.007728569,0.6580899
262,-0.07260182,-0.030535,0.6579376
263,-0.07037208,-0.04183048,0.6496542
264,-0.06850787,-0.04610708,0.6483123
265,-0.09523454,0.009958923,0.6743951
266,-0.09689762,0.005265757,0.6747152
267,-0.09877976,-0.0004439503,0.6752251
268,-0.1010589,-0.005160622,0.6742356
269,-0.09666526,-0.01107942,0.6698904
270,-0.06411001,-0.04792761,0.6475321
271,-0.06261119,-0.05283226,0.650209
272,-0.06212163,-0.05472367,0.65083
273,-0.1140535,-0.05241022,0.6850966
274,-0.1080463,-0.0530972,0.6777583
275,-0.1233441,-0.05033582,0.7034523
276,-0.1245423,-0.04213648,0.7012365
277,-0.1086348,-0.04390737,0.6751374
278,-0.109821,0.006193534,0.6847461
279,-0.104333,0.008850478,0.6794806
280,-0.134675,-0.01476274,0.7376498
281,-0.09810001,0.07429475,0.683717
282,-0.06733997,0.08158628,0.6744143
283,-0.07110242,-0.01204971,0.6542158
284,-0.06590497,-0.004991077,0.6487703
285,-0.06311863,-0.002560429,0.6466094
286,-0.05977342,-0.0007194132,0.6451243
287,-0.1032365,0.01620471,0.6783243
288,-0.1022852,0.007122748,0.6777127
289,-0.1083446,0.00390701,0.6823877
290,-0.1131072,-0.0008426681,0.6842356
291,-0.1204002,-0.003779009,0.6904509
292,-0.06599332,-0.01053055,0.6432013
293,-0.06271251,-0.008528836,0.6405092
294,-0.0589531,-0.007388256,0.6389526
295,-0.06860149,0.09435599,0.6845087
296,-0.07433535,-0.02716904,0.6600611
297,-0.07400864,-0.01693891,0.6573356
298,-0.07337428,0.01695394,0.6751642
299,-0.08295034,-0.02350045,0.6610542
300,-0.07965426,-0.02919009,0.6599682
301,-0.07860536,-0.0321236,0.6585164
302,-0.0900677,-0.009173386,0.6686376
303,-0.09005804,-0.003957979,0.6715475
304,-0.08989943,0.0002900511,0.6729167
305,-0.08973816,0.005742311,0.6730674
306,-0.06561371,-0.02766809,0.6526217
307,-0.07702406,-0.03561297,0.6565688
308,-0.07576931,-0.04020645,0.654067
309,-0.073637,-0.04477909,0.6515978
310,-0.07445379,-0.05088256,0.6538056
311,-0.07336645,-0.05248836,0.6539442
312,-0.07176291,-0.05481881,0.6557288
313,-0.07149962,-0.05603258,0.655991
314,-0.07538936,0.009537809,0.6735336
315,-0.0774794,0.01171896,0.6748869
316,-0.07869974,0.01730218,0.6764923
317,-0.05946413,-0.02324957,0.6440904
318,-0.06133404,-0.02816132,0.6491308
319,-0.06662045,-0.02004247,0.6448253
320,-0.06875294,-0.02815403,0.655112
321,-0.05683709,-0.02256763,0.6402008
322,-0.05908666,-0.02217331,0.6410636
323,-0.06032378,-0.0217794,0.6419363
324,-0.0613359,-0.0225497,0.6454486
325,-0.1015341,0.01890727,0.675467
326,-0.09978504,0.01971807,0.6743801
327,-0.09625323,0.02123149,0.6730607
328,-0.09250062,0.0224779,0.6723782
329,-0.07749555,0.01660401,0.6762388
330,-0.07900216,0.0142834,0.6761562
331,-0.08336919,0.01138539,0.6740962
332,-0.08920138,0.01053416,0.6734458
333,-0.1000043,0.0106775,0.6764321
334,-0.1074612,0.02177592,0.6783696
335,-0.123248,0.06259612,0.711116
336,-0.1211365,0.0567259,0.7031646
337,-0.1191699,0.05016588,0.696255
338,-0.1137912,0.03595757,0.6838961
339,-0.1118485,0.03131694,0.6791891
340,-0.1078174,0.02680605,0.6772326
341,-0.1029899,0.0178331,0.6768937
342,-0.1058041,0.0189423,0.6781083
343,-0.1016896,0.01151481,0.6774132
344,-0.06709448,0.04077909,0.6636166
345,-0.07349338,0.04053959,0.6640137
346,-0.07732868,0.03485433,0.6661674
347,-0.07742264,0.02815545,0.6712462
348,-0.07899307,0.02373876,0.6741332
349,-0.07978004,0.0217763,0.6745486
350,-0.08010536,0.01985708,0.6748754
351,-0.08223825,-0.03807962,0.6580812
352,-0.08392372,-0.03567955,0.659165
353,-0.08851656,-0.03001792,0.6607348
354,-0.09103018,-0.01422812,0.6662531
355,-0.05517541,-0.05902561,0.6474703
356,-0.05531077,-0.06512324,0.6475791
357,-0.05528674,-0.06835389,0.6511323
358,-0.05549918,-0.07750033,0.6544976
359,-0.05502941,-0.08218178,0.6538989
360,-0.05551225,-0.09051464,0.6544703
361,-0.05628153,-0.1001774,0.6605015
362,-0.05766647,-0.1054504,0.6702651
363,-0.05936519,-0.1106962,0.6862695
364,-0.05995714,-0.1128038,0.6933327
365,-0.05868443,-0.05858276,0.6476696
366,-0.05915162,-0.0639849,0.6476234
367,-0.05929221,-0.06803809,0.6508628
368,-0.05946516,-0.07798186,0.6548744
369,-0.05934804,-0.08285932,0.6542795
370,-0.06051399,-0.09035821,0.6550761
371,-0.06230733,-0.09985703,0.66153
372,-0.06444073,-0.104908,0.6711886
373,-0.06681053,-0.1095305,0.6875035
374,-0.06796725,-0.1112479,0.6948179
375,-0.06189676,-0.05816824,0.6485769
376,-0.06267582,-0.06266449,0.6484809
377,-0.06316045,-0.0671874,0.6509521
378,-0.06329209,-0.07837596,0.6556806
379,-0.06363413,-0.08335719,0.6555079
380,-0.06575001,-0.08995958,0.6569733
381,-0.06874436,-0.09844139,0.6631025
382,-0.0714236,-0.1027638,0.6728386
383,-0.07482122,-0.1066875,0.6889726
384,-0.07583524,-0.1083959,0.6968681
385,-0.07183573,-0.05709283,0.6558024
386,-0.07246702,-0.0592697,0.6560272
387,-0.07432524,-0.06227424,0.6566713
388,-0.07832304,-0.07650531,0.663497
389,-0.08048365,-0.07974078,0.6652186
390,-0.08558892,-0.08516507,0.6708531
391,-0.09168492,-0.08981659,0.6811708
392,-0.09736693,-0.09239599,0.6946058
393,-0.06658932,-0.0344088,0.6512599
394,-0.0623356,-0.03262032,0.6494058
395,-0.05809681,-0.03237061,0.6483791
396,-0.08049875,-0.04882214,0.6565126
397,-0.08270705,-0.05660034,0.660115
398,-0.08195459,-0.06227535,0.6629466
399,-0.07893118,-0.06605149,0.6609524
400,-0.07586013,-0.06813087,0.658819
401,-0.07184123,-0.07041368,0.6568986
402,-0.06329814,-0.07270378,0.654258
403,-0.05948113,-0.07303341,0.6538145
404,-0.05545589,-0.07278772,0.6536975
405,-0.05863256,-0.1079492,0.6775808
406,-0.06572241,-0.1071603,0.6788619
407,-0.07327092,-0.1048084,0.6804229
408,-0.08824685,-0.09670047,0.6858259
409,-0.09492274,-0.09157769,0.6876046
410,-0.1009808,-0.08537731,0.6890309
411,-0.1099543,-0.07085182,0.6892476
412,-0.1145247,-0.04315206,0.6828488
413,-0.1119132,-0.01860888,0.6767423
414,-0.1088573,-0.01160658,0.6756292
415,-0.1058424,-0.004562788,0.6768391
416,-0.1040859,-0.08596969,0.6962332
417,-0.1140032,-0.07034244,0.6975888
418,-0.1190408,-0.05154818,0.6942216
419,-0.1199769,-0.04249214,0.6918248
420,-0.1178732,-0.01693617,0.6833856
421,-0.08512816,-0.06064245,0.6630398
422,-0.08779389,-0.06131574,0.6643316
423,-0.09093493,-0.06173094,0.6654114
424,-0.09776653,-0.06226274,0.6703691
425,-0.1068284,-0.06224485,0.6801722
426,-0.1126639,-0.06212532,0.6873391
427,-0.1177501,-0.06122199,0.6968842
428,-0.122738,-0.05895515,0.7089688
429,-0.1240457,-0.06085714,0.7217453
430,-0.08263047,-0.05975524,0.6617303
431,-0.08081527,-0.05868058,0.6610339
432,-0.07953578,-0.05782612,0.6607261
433,-0.07885419,-0.05742731,0.6608528
434,-0.07837003,-0.05723074,0.6610907
435,-0.1181719,-0.007241439,0.6859467
436,-0.1056172,0.0105873,0.6808819
437,-0.1150869,0.001716331,0.6875952
438,-0.1110001,0.00895939,0.6864632
439,-0.1067507,0.01187271,0.682007
440,-0.1038112,0.01548164,0.6794702
441,-0.1043016,0.01352408,0.6795012
442,-0.1049579,0.0158051,0.6795751
443,-0.06667473,0.06777129,0.6688802
444,-0.07495201,0.08075523,0.6752259
445,-0.07668908,0.09321792,0.6856691
446,-0.06026075,0.01279729,0.6572996
447,-0.06868742,0.004885219,0.6628408
448,-0.07183997,0.0006273165,0.6640241
449,-0.08444045,-0.01079988,0.6657816
450,-0.09839277,-0.01695552,0.6680113
451,-0.1054563,-0.01834748,0.671626
452,-0.1226143,-0.01409077,0.6908442
453,-0.1251495,-0.009078134,0.6962224
454,-0.1079893,0.0402306,0.6781222
455,-0.126337,-0.05059243,0.7162399
456,-0.1315014,-0.01774819,0.7146568
457,-0.132802,-0.02071121,0.7256444
458,-0.1141602,-0.0100279,0.6805372
459,-0.1261915,-0.003977716,0.6997889
460,-0.1307515,0.03955387,0.7150463
461,-0.1326066,-0.00989861,0.7166864
462,-0.1330765,0.04375029,0.7248162
463,-0.1207745,0.01441668,0.6951181
464,-0.09576502,-0.00500517,0.6724949
465,-0.0946423,-0.0004666969,0.6737617
466,-0.09337506,0.005213931,0.6736288
467,-0.09217526,0.01004206,0.6737455
468,-0.07322344,-0.02043853,0.6519433
469,-0.1041952,0.01450843,0.6800557
470,-0.1047553,0.0143075,0.679837
471,-0.1073293,0.01320837,0.6823786
472,-0.1116308,0.01116613,0.6870326
473,-0.1165278,0.008102953,0.6913738
474,-0.12169,0.004609227,0.6957631
475,-0.1266235,0.001748793,0.7020137
476,-0.1332554,-0.001550771,0.717797
477,-0.1349043,-0.003074192,0.727017
478,-0.1356589,-0.00485573,0.7370827
479,-0.07772446,-0.01786046,0.6621622
480,-0.07907161,-0.007079951,0.6655317
481,-0.07913835,-0.003408059,0.6676895
482,-0.08013994,0.0001974106,0.6706515
483,-0.07144837,-0.03641266,0.6531323
484,-0.06659523,-0.03991334,0.6485536
485,-0.06566934,-0.04487227,0.6469535
486,-0.07298318,-0.02493748,0.654781
487,-0.07442703,-0.02053002,0.6554529
488,-0.06559305,0.0131719,0.6643752
489,-0.06577723,0.008673035,0.6609735
490,-0.06574606,-4.260987E-05,0.6535604
491,-0.06848892,-0.008335076,0.6513585
492,-0.06855064,-0.01058488,0.6487655
493,-0.06833212,-0.0126213,0.645912
494,-0.068455,-0.01610032,0.6444536
495,-0.06792983,-0.01847082,0.6442967
496,-0.05835656,0.05372822,0.6650642
497,-0.06651957,0.05385365,0.664731
498,-0.07400828,0.05411215,0.6649225
499,-0.08183756,0.05427391,0.6664651
500,-0.08907089,0.05394478,0.67027
501,-0.09584557,0.05302612,0.6738805
502,-0.1025422,0.05135155,0.677218
503,-0.1101424,0.04700833,0.6823983
504,-0.1169405,0.04234339,0.6906772
505,-0.1218083,0.0379535,0.6970658
506,-0.1252423,0.03174523,0.7023367
507,-0.1293299,0.01595863,0.7104737
508,-0.07423681,-0.02317927,0.6556469
509,-0.08339001,-0.1041917,0.6988723
510,-0.08242626,-0.1026354,0.6909462
511,-0.08072553,-0.1011283,0.683098
512,-0.07871811,-0.09907715,0.6755736
513,-0.07493597,-0.09557454,0.6657222
514,-0.07134587,-0.08812816,0.6600084
515,-0.06904174,-0.08275627,0.657967
516,-0.06786998,-0.07775231,0.6573566
517,-0.06771031,-0.07187184,0.655332
518,-0.06686417,-0.06575862,0.6517518
519,-0.065879,-0.06147699,0.6500167
520,-0.06550509,-0.05771527,0.6505463
521,-0.06519544,-0.05514865,0.6523587
522,-0.06569152,-0.05316085,0.6517857
523,-0.06732638,-0.04885572,0.6489561
524,-0.07062272,-0.02689699,0.6563623
525,-0.06446361,-0.02288044,0.6489319
526,-0.127293,-0.04153307,0.7107022
527,-0.1287658,-0.04293504,0.7200861
528,-0.09311868,-0.09980687,0.7098119
529,-0.0605634,-0.1152256,0.6996589
530,-0.06868724,-0.1134365,0.7013371
531,-0.05184349,-0.1154509,0.6991338
532,-0.07663045,-0.1102294,0.7036617
533,-0.08480029,-0.1055107,0.7066435
534,-0.0773772,-0.07292925,0.6611765
535,-0.1304073,0.02703375,0.7133697
536,-0.1332178,0.02914337,0.7205229
537,-0.1362252,0.03086065,0.7302969
538,-0.1042061,0.01687594,0.6783032
539,-0.1065405,0.01732542,0.6797425
540,-0.1105534,0.01798984,0.6826441
541,-0.1148617,0.01791959,0.686977
542,-0.1194418,0.01887628,0.6919256
543,-0.1239911,0.02097943,0.6992156
544,-0.1276647,0.02479217,0.707149
545,-0.1306812,0.007377326,0.7113836
546,-0.133229,0.007243313,0.7183841
547,-0.1355346,0.006736107,0.7266195
548,-0.1362903,0.005837217,0.7363445
549,-0.1048897,0.01499866,0.6800103
550,-0.1073471,0.01443262,0.682189
551,-0.1115576,0.01334685,0.6863309
552,-0.1163957,0.01155531,0.6912485
553,-0.1218858,0.0092851,0.6969475
554,-0.126725,0.007549793,0.7036197
555,-0.01839644,-0.08235712,0.6738866
556,-0.01291432,-0.08660768,0.6846458
557,-0.008171823,-0.08022237,0.6865005
558,-0.0145569,-0.07720558,0.6757619
559,-0.0455358,-0.09976297,0.6610271
560,-0.04449869,-0.1048865,0.670828
561,-0.03787112,-0.1038019,0.6723446
562,-0.03962484,-0.0989483,0.6625984
563,-0.02320058,-0.07737488,0.6681745
564,-0.0199459,-0.07314005,0.669987
565,-0.004538037,-0.08153281,0.693113
566,-0.001849413,-0.08182134,0.7004018
567,0.006297298,-0.06544252,0.7026183
568,0.002968695,-0.06636085,0.6941346
569,-0.04651947,-0.09029551,0.654921
570,-0.04155529,-0.089789,0.6560245
571,-0.03347231,-0.09699471,0.6647452
572,-0.03122557,-0.1011102,0.6745663
573,-0.02452726,-0.09682949,0.6778466
574,-0.02776478,-0.0936067,0.667863
575,-0.02554198,-0.07441041,0.6666566
576,-0.02241139,-0.07068034,0.6683227
577,-0.009352621,-0.06602487,0.6758626
578,-0.00169133,-0.06635828,0.6865143
579,-0.0004986301,-0.05812077,0.6847072
580,-0.008628886,-0.05907845,0.6741075
581,0.009201936,-0.05615611,0.7019032
582,0.004915807,-0.05754231,0.6922007
583,-0.04749907,-0.08200441,0.6542837
584,-0.0431422,-0.0823895,0.6551055
585,-0.03655146,-0.08898856,0.6584478
586,-0.03136739,-0.0866489,0.6620067
587,-0.02248373,-0.08822936,0.6711644
588,-0.02706857,-0.08193807,0.6653872
589,-0.01566451,-0.06445333,0.670375
590,-0.01469019,-0.03502487,0.6646807
591,-0.02106038,-0.0399729,0.6620018
592,-0.01601356,-0.05324263,0.6663999
593,-0.009210579,-0.05166189,0.6716607
594,0.008895516,-0.06441074,0.7129766
595,0.00999704,-0.06440146,0.7238742
596,0.01356173,-0.05508028,0.7264401
597,0.01302423,-0.05335915,0.7139164
598,-0.03882029,-0.08259927,0.6568139
599,-0.03369268,-0.08156239,0.6598163
600,-0.0149966,-0.05904449,0.6687915
601,-0.02585766,-0.06417275,0.6639479
602,-0.0284081,-0.06639058,0.6617231
603,-0.026524,-0.0710059,0.664287
604,-0.02401398,-0.06787468,0.6662354
605,-0.0186208,-0.06323596,0.6693018
606,-0.01812064,-0.0588278,0.6677597
607,-0.04803867,-0.07259198,0.6540407
608,-0.047517,-0.0772232,0.6549907
609,-0.04343312,-0.0774945,0.6557158
610,-0.04387274,-0.07254418,0.6545255
611,-0.01885136,-0.05386936,0.6654363
612,0.01576342,-0.03563134,0.7153037
613,0.01748516,-0.01152759,0.7188726
614,0.01518791,-0.008299708,0.7083037
615,0.01377512,-0.03655501,0.7058976
616,-0.03999399,-0.07188918,0.6554736
617,-0.0395364,-0.07766779,0.6569484
618,-0.03516505,-0.07668494,0.6592284
619,-0.03577634,-0.07076918,0.6571844
620,-0.03057142,-0.07425836,0.6620213
621,-0.03185219,-0.06903916,0.6593542
622,-0.0325961,-0.05809496,0.6583456
623,-0.03042973,-0.06082685,0.6593228
624,-0.02850099,-0.06011573,0.6621267
625,-0.03000855,-0.05782418,0.660984
626,-0.02102886,-0.0618632,0.6678324
627,-0.02367224,-0.06023468,0.6659346
628,-0.02301505,-0.04183668,0.6612395
629,-0.02072861,-0.02751224,0.6629078
630,-0.02483533,-0.03349788,0.6615717
631,-0.04871401,-0.06495386,0.6480172
632,-0.04853177,-0.06817202,0.6515385
633,-0.0444551,-0.06756433,0.6517141
634,-0.04494398,-0.06356686,0.6485265
635,-0.02065305,-0.05837793,0.6662339
636,-0.02330959,-0.05771013,0.6645085
637,-0.02606707,-0.03580449,0.6603807
638,-0.02971026,-0.02734359,0.662051
639,-0.0270427,-0.02130015,0.6628861
640,-0.0282539,0.0002667978,0.6725271
641,-0.02815967,-0.004070006,0.6696875
642,-0.02185254,-0.006280165,0.6706362
643,-0.02261745,-0.001008786,0.6734987
644,-0.04154605,-0.06204868,0.6498204
645,-0.04050081,-0.0664651,0.6523522
646,-0.03706956,-0.06481953,0.653667
647,-0.03858301,-0.0606641,0.6517717
648,-0.03371136,-0.06265602,0.6560794
649,-0.03544724,-0.05909769,0.6548972
650,-0.03358524,-0.05596046,0.6579277
651,-0.03092111,-0.0559644,0.6602529
652,-0.02543745,-0.05852019,0.6642653
653,-0.02691507,-0.05718793,0.6635002
654,-0.02359604,-0.054462,0.6628694
655,-0.02130402,-0.05429174,0.6639519
656,-0.02488678,-0.04416956,0.6600419
657,-0.02672203,-0.0468071,0.6590717
658,-0.03026438,-0.0302202,0.6604799
659,-0.04955193,-0.05889234,0.6478292
660,-0.04607229,-0.05826332,0.6485365
661,-0.03419196,-0.05491928,0.6580908
662,-0.03139972,-0.05506024,0.6604639
663,-0.02519001,-0.05679292,0.6636494
664,-0.02653216,-0.05606065,0.6632197
665,-0.02897092,-0.04267664,0.6574392
666,-0.02731379,-0.03897681,0.6588209
667,-0.03139743,-0.03385166,0.6584064
668,-0.0370618,-0.01097464,0.6616896
669,-0.03705592,-0.001351185,0.666221
670,-0.04062987,0.002051473,0.664928
671,-0.04035356,-0.006312355,0.65896
672,-0.02340085,0.003203899,0.6747841
673,-0.02785582,0.0039353,0.674113
674,0.001593683,-0.00535043,0.6839914
675,-0.003239091,0.001347035,0.683328
676,-0.007073354,-0.0004959628,0.6796583
677,-0.003250122,-0.007380065,0.6788416
678,-0.04982204,-0.05499376,0.6493461
679,-0.0464017,-0.05452369,0.6504986
680,-0.04289303,-0.05766857,0.6498284
681,-0.03953077,-0.05699241,0.6522133
682,-0.03667293,-0.05648521,0.6547878
683,-0.02796544,-0.05606521,0.6632372
684,-0.02549152,-0.05466308,0.662349
685,-0.02834289,-0.04930475,0.6583852
686,-0.02986896,-0.05149284,0.6583742
687,-0.02681348,-0.05491555,0.6623427
688,-0.03719657,0.001907155,0.6685762
689,-0.03677767,0.005410448,0.6720197
690,-0.04012217,0.008776546,0.6720362
691,-0.0407044,0.005537607,0.6681147
692,-0.02408167,0.008521236,0.6748247
693,-0.02768563,0.008846022,0.674575
694,-0.0186445,0.002818845,0.6758759
695,-0.02043148,0.00829532,0.6755516
696,-0.007970653,0.005666755,0.6822211
697,-0.01096045,0.003905989,0.6795752
698,-0.04337254,-0.05434616,0.6520686
699,-0.04040169,-0.05450293,0.6539137
700,-0.03734092,-0.05476709,0.6556845
701,-0.02809578,-0.05562365,0.6632508
702,-0.02725905,-0.05573342,0.6632862
703,-0.03064618,-0.0463929,0.6562455
704,-0.03224345,-0.04948878,0.6559169
705,-0.03563257,0.007654525,0.6742564
706,-0.0328484,0.00230974,0.6720214
707,-0.0319523,0.005209014,0.6740311
708,-0.02777711,-0.05562717,0.6634616
709,-0.02765187,-0.05519018,0.6626366
710,-0.03061265,-0.05287962,0.6588582
711,-0.04710531,0.009485207,0.6615279
712,-0.04600209,0.0008474663,0.6541129
713,-0.04330647,-0.002375834,0.6564664
714,-0.04403668,0.006009743,0.6635612
715,-0.03113665,0.009559326,0.6748441
716,-0.03411002,0.0109273,0.6753005
717,0.007066004,0.005612366,0.6974263
718,0.001689199,0.009670645,0.6935335
719,0.001067687,0.006536625,0.6908655
720,0.006670311,0.001501985,0.6941026
721,-0.02810995,-0.05534424,0.6631227
722,-0.03150953,-0.05432714,0.6600966
723,-0.03310079,-0.051148,0.6559731
724,-0.05031111,0.01632448,0.6627409
725,-0.05296531,0.01746153,0.6611598
726,-0.05268616,0.01309825,0.6575161
727,-0.04960452,0.01176654,0.6592472
728,-0.02965423,0.02154899,0.6755407
729,-0.02798907,0.01319384,0.6751621
730,-0.02506355,0.0131128,0.6750799
731,-0.02663969,0.02225835,0.6750253
732,-0.02202322,0.0128682,0.6755584
733,-0.02315394,0.02240999,0.6751422
734,-0.003535517,0.01332396,0.6895441
735,-0.004391164,0.01051219,0.6877384
736,0.000646621,0.0191542,0.6929703
737,0.001470249,0.01615149,0.6946768
738,0.006720826,0.01445725,0.700568
739,0.005317122,0.01916774,0.6987395
740,-0.03445693,-0.05365563,0.6576655
741,-0.03483454,-0.01985759,0.66158
742,-0.03654382,-0.01529146,0.6584469
743,-0.03670825,-0.01565447,0.656243
744,-0.03555325,-0.01858304,0.659162
745,-0.03676676,-0.01887225,0.6529915
746,-0.03675739,-0.01630736,0.6539424
747,-0.03875656,-0.01393452,0.6506516
748,-0.0384881,-0.01698319,0.6492721
749,-0.01641417,0.02068716,0.6771452
750,-0.01639926,0.01334873,0.6774942
751,-0.01428449,0.01391891,0.6787778
752,-0.01457592,0.0201954,0.6781421
753,-0.007873688,0.01576149,0.6849371
754,-0.008877791,0.01445856,0.6836864
755,-0.002347473,0.02425822,0.6873872
756,-0.0006507859,0.02175441,0.6904454
757,0.003700867,0.02324398,0.6954972
758,0.00201543,0.02710932,0.6916217
759,-0.03718858,-0.04066625,0.651264
760,-0.04095265,-0.03899879,0.6496447
761,-0.0414632,-0.04409488,0.648163
762,-0.03844355,-0.04512293,0.6497904
763,-0.03515013,-0.02301863,0.6595104
764,-0.03522968,-0.02540094,0.6614224
765,-0.04459734,-0.006709687,0.6466817
766,-0.0475959,-0.004608847,0.6441918
767,-0.04757561,-0.007885378,0.6409284
768,-0.04428542,-0.009606227,0.6438239
769,-0.05189116,0.004899971,0.6501538
770,-0.04866848,0.003173098,0.6519427
771,-0.04834092,0.01958537,0.6676841
772,-0.04432942,0.01333554,0.6711301
773,-0.04457224,0.0206034,0.672693
774,-0.04665483,0.02730787,0.6681451
775,-0.03092407,0.01352493,0.675527
776,-0.03207084,0.02083508,0.6762676
777,-0.03431142,0.01953939,0.6769477
778,-0.03338654,0.01458652,0.6763068
779,-0.006243441,0.02284091,0.6835706
780,-0.004786868,0.02124282,0.6860019
781,0.0001326874,0.03079056,0.6877877
782,-0.0050794,0.02676433,0.6836333
783,-0.03713617,-0.02611087,0.6586214
784,-0.03898662,-0.02558571,0.6573401
785,-0.04057736,-0.02701174,0.6560479
786,-0.03652177,-0.02911549,0.6592319
787,-0.03869215,-0.02389761,0.6544594
788,-0.03867215,-0.02252201,0.6526175
789,-0.04053461,-0.02060003,0.6491165
790,-0.04732797,-0.01245674,0.6389779
791,-0.04396161,-0.01363238,0.6421003
792,-0.04995603,0.03026896,0.6651624
793,-0.05059602,0.02151615,0.6651908
794,-0.00824371,0.02385089,0.6811079
795,-0.04850797,-0.03735866,0.6472989
796,-0.04458889,-0.03757996,0.6483821
797,-0.04600175,-0.03203784,0.6501037
798,-0.05020932,-0.0320985,0.6487215
799,-0.04795606,-0.01624914,0.6386109
800,-0.04478394,-0.01665312,0.6415117
801,-0.05118546,-0.003279395,0.6424229
802,-0.05132239,-0.007057343,0.6391569
803,-0.03855324,0.03511854,0.667393
804,-0.04238883,0.040767,0.664911
805,-0.01104527,0.02170344,0.6792991
806,-0.00934748,0.02121528,0.6811303
807,-0.00844375,0.02905155,0.679943
808,-0.01101218,0.0251688,0.6783787
809,-0.04547114,-0.04670037,0.6472867
810,-0.04667702,-0.05246787,0.6497445
811,-0.04384806,-0.05236806,0.6513463
812,-0.0428252,-0.0472673,0.6487801
813,-0.04713662,-0.04236273,0.6460916
814,-0.04411418,-0.04310523,0.6470414
815,-0.0466027,-0.01901145,0.641292
816,-0.04887633,-0.02130823,0.6423509
817,-0.0510267,-0.0119818,0.6370888
818,-0.0523844,0.03114565,0.6640301
819,-0.05275315,0.02295012,0.6640456
820,-0.03811186,0.0280582,0.6726981
821,-0.01339239,0.02242676,0.6774196
822,-0.05115284,-0.01605868,0.6369987
823,-0.04852584,0.04095838,0.6641049
824,-0.03450903,0.02939583,0.6725974
825,-0.03410511,0.03658582,0.6680574
826,-0.03645905,0.02348674,0.675459
827,-0.03387593,0.02519111,0.6744609
828,-0.004625369,0.03454408,0.6818805
829,-0.04879064,-0.04690666,0.6459933
830,-0.05011234,-0.02500152,0.6476682
831,-0.04925887,-0.02408309,0.647647
832,-0.04970305,-0.02284308,0.6444684
833,-0.05071147,-0.02345736,0.6440325
834,-0.0500407,-0.02180208,0.6413977
835,-0.04893686,-0.01944207,0.6395336
836,-0.05174787,-0.01961558,0.6380575
837,-0.05222782,-0.02238713,0.6403742
838,-0.03608321,0.04312805,0.6659332
839,-0.02886583,0.03761094,0.6694907
840,-0.03028016,0.03074706,0.6725695
841,-0.03542963,0.02177883,0.6758716
842,-0.032823,0.02304135,0.6750448
843,-0.03649317,0.01733074,0.6783037
844,-0.03683023,0.01625193,0.6774623
845,-0.03542955,0.01582848,0.677416
846,-0.03589681,0.01828758,0.6777627
847,-0.01276784,0.03135271,0.6767326
848,-0.01012297,0.03740063,0.6773446
849,-0.01534666,0.04038534,0.674505
850,-0.01837557,0.03276049,0.6742079
851,-0.05132901,-0.02813825,0.6483124
852,-0.0523285,-0.02566001,0.6469101
853,-0.05003416,-0.05261703,0.6485325
854,-0.04751016,-0.02766176,0.6496831
855,-0.04698389,-0.02551792,0.6503265
856,-0.04356202,-0.02682848,0.6533999
857,-0.05263325,-0.02411082,0.6433606
858,-0.03008351,0.04507551,0.6679564
859,-0.03014713,0.02668087,0.6734456
860,-0.0410674,0.01773825,0.6761457
861,-0.03863531,0.01745624,0.6768552
862,-0.01346144,0.02077156,0.6781446
863,-0.01534117,0.02121828,0.6768253
864,-0.0149742,0.02648652,0.675821
865,-0.01718725,0.02346693,0.6753125
866,-0.02216189,0.03939062,0.6712663
867,-0.02481648,0.03207624,0.6728696
868,-0.02586382,0.02745069,0.6732256
869,-0.02976194,0.02387627,0.6742092
870,-0.03478588,0.02031864,0.6762236
871,-0.0324982,0.02174247,0.6754021
872,-0.0206422,0.02735727,0.6738281
873,-0.021926,0.02423994,0.6738585
874,-0.02639519,0.0244031,0.6736394
875,-0.02980888,0.02266939,0.6746744
876,-0.01950386,0.02161476,0.6758622
877,-0.01900987,0.02235842,0.6752025
878,-0.00373055,0.07537111,0.7075227
879,-0.01204855,0.08209733,0.7003888
880,-0.01358234,0.07356282,0.6915327
881,-0.005197436,0.0677283,0.699453
882,-0.02660711,0.02319148,0.674102
883,-0.02290264,0.02324579,0.6742205
884,-0.02060451,0.08709941,0.6952876
885,-0.02182468,0.07725241,0.6855634
886,-0.02872949,0.09064882,0.6913115
887,-0.03723684,0.08116973,0.6782027
888,-0.02961227,0.07931169,0.6811881
889,-0.0365715,0.09313165,0.6886293
890,-0.04449176,0.09453637,0.6865719
891,-0.05256769,0.09501248,0.6849588
892,-0.05222201,0.08210374,0.6747882
893,-0.04465265,0.0818122,0.6759796
894,-0.04422979,0.06803941,0.6703112
895,-0.04295646,0.05456237,0.6655941
896,-0.03546286,0.05515165,0.6673949
897,-0.03700902,0.0676998,0.6718688
898,-0.02867721,0.05536618,0.6712751
899,-0.02988916,0.06732199,0.674382
900,-0.02290977,0.06639465,0.6784939
901,-0.02207796,0.05508791,0.6751381
902,-0.01551938,0.05404956,0.6788347
903,-0.01519391,0.06388273,0.6837977
904,-0.007792246,0.05045015,0.684369
905,-0.006401904,0.05920697,0.6911789
906,0.0003994405,0.05463319,0.6989281
907,-0.0008646473,0.0464362,0.693022
908,0.004087556,0.04248462,0.6999285
909,0.00551543,0.04852066,0.7053854
910,-0.02912352,-0.07806625,0.6638228
911,-0.03711846,-0.02127423,0.6525868
912,-0.03898748,-0.01915352,0.6487669
913,-0.03675015,-0.02339668,0.6558484
914,-0.04428478,0.009592243,0.6671531
915,-0.04206567,-0.009405121,0.6495357
916,-0.04193822,-0.01149524,0.6466558
917,-0.03898606,-0.01242983,0.6528627
918,-0.0414362,-0.01497276,0.6452317
919,-0.04173382,-0.01738401,0.6450734
920,-0.04288713,-0.01906334,0.6455542
921,-0.01260232,-0.01361329,0.6707548
922,-0.02016402,-0.01133604,0.6684268
923,-0.01512694,-0.007755373,0.6723342
924,-0.01690769,-0.001672484,0.6747528
925,-0.01892381,0.0129703,0.6763476
926,-0.01409401,0.009428419,0.6784137
927,-0.01690679,0.008594528,0.6767958
928,-0.01457259,0.003132276,0.6775349
929,0.005489923,-0.04783963,0.6896948
930,-5.853921E-05,-0.04904342,0.6820202
931,0.009741113,-0.04647847,0.6990325
932,0.01010333,-0.03742667,0.6963525
933,0.005348489,-0.03864294,0.6870935
934,0.01151969,-0.003416874,0.700185
935,0.00976415,-0.008670043,0.6948336
936,-0.0001978874,-0.04004194,0.6789773
937,-0.009906363,-0.08813688,0.6911308
938,-0.005701482,-0.01449849,0.674881
939,0.005776674,-0.01202291,0.6872573
940,0.000415165,-0.01425965,0.6803333
941,-0.02709507,-0.008350857,0.6674925
942,-0.03972367,-0.01063916,0.6551089
943,-0.04247435,-0.007160719,0.6521033
944,-0.05140135,-0.0003465489,0.6453478
945,-0.04799914,-0.001879998,0.6470524
946,-0.01175724,0.01076076,0.6802257
947,-0.005600523,0.008130804,0.6852753
948,-0.009939142,0.01265454,0.6821705
949,-0.0004937723,0.003787816,0.6874302
950,-0.008801017,-0.008106187,0.675009
951,0.007717289,0.02588609,0.7028257
952,0.004897345,0.03110521,0.6979207
953,0.001782272,0.03572302,0.6928805
954,-0.003056422,0.03972661,0.6860122
955,-0.009219307,0.04328072,0.6797844
956,-0.01562003,0.04557554,0.6754619
957,-0.02251975,0.04590017,0.6716487
958,-0.05144793,0.06812831,0.669212
959,-0.05025592,0.05403335,0.6650754
960,-0.03206133,-0.03866266,0.6560129
961,-0.03365102,-0.04337198,0.6534219
962,-0.04514658,-0.004083917,0.6493679
963,-0.03619971,-0.0492565,0.6528472
964,-0.03509728,-0.04718334,0.6526704
965,-0.03934849,-0.04799671,0.6504077
966,-0.03770047,-0.05312748,0.6551784
967,-0.04065957,-0.05248419,0.6532061
968,-0.04112243,0.01391875,0.6755351
969,-0.03845504,0.01107656,0.6746083
970,-0.03666495,0.01329029,0.6760665
971,-0.03850464,0.01489723,0.6770178
972,-0.04781549,0.01388926,0.6649028
973,-0.03324936,-0.001383238,0.6690311
974,-0.03279342,-0.005036652,0.6669115
975,-0.03699427,0.01752643,0.6774367
976,0.01841413,-0.01445172,0.7299451
977,0.01887903,-0.005897865,0.7310618
978,0.01783638,-0.0036541,0.7209397
979,-0.03292234,-0.01591751,0.6635394
980,-0.04206193,-0.02964219,0.6540235
981,-0.04794426,-0.02203491,0.6459669
982,-0.04500365,-0.02208426,0.6495696
983,-0.01031476,0.01704857,0.6823282
984,-0.01135586,0.01607645,0.681189
985,-0.01176557,0.02022555,0.6798458
986,-0.01268338,0.01486766,0.6799129
987,-0.01282047,0.01960714,0.6796336
988,0.002812237,0.06766791,0.7144018
989,0.001496844,0.06154183,0.7060836
990,-0.01060122,0.01964488,0.6814246
991,-0.008415468,0.02010328,0.6828853
992,-0.01155728,0.01909154,0.6811861
993,-0.04387766,-0.1074939,0.6781183
994,-0.04361325,-0.1100719,0.6868277
995,-0.03696277,-0.1060772,0.6800211
996,-0.0297921,-0.1030846,0.6822076
997,-0.02285172,-0.09881606,0.6854653
998,-0.02875833,-0.1048718,0.6907374
999,-0.02167019,-0.100187,0.6933151
1000,-0.03670629,-0.03515716,0.6545699
1001,-0.03637084,-0.1083257,0.6886473
1002,-0.01168865,-0.001430325,0.6767929
1003,-0.0004086643,-0.0814915,0.7093067
1004,0.01322022,-0.04479242,0.7083007
1005,0.005015425,-0.002202965,0.6895295
1006,-0.003373802,0.01739529,0.6896291
1007,-0.003939845,0.01934349,0.6881219
1008,-0.007461,0.01801545,0.6853421
1009,-0.007798795,0.01918396,0.6843784
1010,-0.009811018,0.01833092,0.6831108
1011,-0.009820919,0.01892386,0.682843
1012,-0.01091297,0.01862923,0.6824152
1013,0.01528177,-0.04467705,0.7209485
1014,0.01191518,0.001768827,0.7037142
1015,-0.007420834,0.01699009,0.6854398
1016,-0.009911973,0.01774447,0.682786
1017,-0.003157232,0.01544204,0.6902767
1018,0.001742333,0.0129609,0.6947634
1019,0.00695724,0.009934984,0.6993857
1020,-0.04166722,-0.03353326,0.6523259
1021,-0.03575017,-0.01885274,0.6565642
1022,-0.03569444,-0.02152883,0.6567807
1023,0.01555147,-0.001159452,0.71163
1024,0.01670396,-0.03686254,0.724622
1025,0.01514796,-0.04644724,0.7311631
1026,0.007215597,0.05399842,0.7123793
1027,0.008526534,0.05961906,0.7211392
1028,0.01912069,-0.008436937,0.7419955
1029,0.01862768,-0.01768988,0.7413663
1030,0.01630523,-0.03807469,0.7360114
1031,0.0006238073,-0.08157127,0.7192382
1032,-0.04344252,-0.1121521,0.6939106
1033,-0.03572476,-0.1099087,0.6960129
1034,-0.02828345,-0.1064323,0.6986327
1035,-0.02126923,-0.1016359,0.7011818
1036,-0.02794233,-0.1082121,0.7053605
1037,-0.02042831,-0.1028069,0.70891
1038,-0.03542427,-0.1120317,0.702504
1039,-0.04322988,-0.1144831,0.7002499
1040,-0.01357472,-0.09541349,0.7039072
1041,-0.01450044,-0.09466752,0.6957767
1042,-0.00561465,-0.08932173,0.7161347
1043,-0.01276557,-0.09642009,0.7126474
1044,-0.01834791,-0.0920357,0.6818095
1045,-0.01594239,-0.09379715,0.6887734
1046,-0.007960558,-0.08872014,0.6982024
1047,-0.00658254,-0.08885869,0.706658
1048,0.007797264,0.03663795,0.7056538
1049,0.009644195,0.01986033,0.7060801
1050,0.00974527,0.04089322,0.7115409
1051,0.01057047,0.02998377,0.7107426
1052,0.01284643,0.02152155,0.7143912
1053,0.01488194,0.02286969,0.7210472
1054,0.01280244,0.03261407,0.7172636
1055,0.01201269,0.045225,0.7189431
1056,0.0150677,0.03507326,0.7247165
1057,0.01694445,0.02399776,0.7288634
1058,0.01348557,0.04968025,0.7289385
1059,0.01736124,0.03709221,0.7346186
1060,0.01884352,0.02424549,0.7391335
1061,0.01899076,0.00324668,0.7313503
1062,0.01774368,0.004638262,0.722063
1063,0.01553173,0.005892992,0.7137049
1064,0.01932314,0.001502231,0.7414368
1065,0.01912011,0.01221611,0.7407084
1066,0.01884465,0.01301602,0.7309695
1067,0.01132612,0.01308254,0.7075118
1068,0.01175103,0.00747709,0.7059157
1069,0.01482015,0.01323502,0.7154276
1070,0.01697711,0.01331602,0.7225866
1071,-0.01054707,0.0181361,0.682997
1072,-0.05315038,-0.05275093,0.6480302
1073,-0.1257133,-0.04752956,0.7100039
1074,0.01482056,-0.04171713,0.7147317
1075,-0.07838312,0.01820602,0.6757984
1076,-0.07737254,0.01971562,0.6751971
1077,-0.07580042,0.02080883,0.6751533
1078,-0.07322983,0.02392521,0.6725918
1079,-0.0739734,0.03386787,0.6657404
1080,-0.06963338,0.03531969,0.6643764
1081,-0.06525703,0.03585266,0.6636533
1082,-0.05758976,0.03649721,0.6631139
1083,-0.04995605,0.03603867,0.6640396
1084,-0.04572862,0.03560889,0.6651788
1085,-0.04181872,0.034004,0.6669987
1086,-0.04177455,0.0242705,0.6735436
1087,-0.03910679,0.02104678,0.6762406
1088,-0.03745555,0.02017329,0.6764429
1089,-0.03629867,0.01891968,0.6770337
1090,-0.02555558,0.01448441,0.6763273
1091,-0.0283907,0.01467028,0.67645
1092,-0.02250245,0.01406341,0.6764364
1093,-0.01497259,0.0146508,0.6791551
1094,-0.01698099,0.01438233,0.678104
1095,-0.03320608,0.01507852,0.6774424
1096,-0.03084384,0.01469827,0.6767948
1097,-0.03530204,0.01616735,0.6780828
1098,-0.03625196,0.01662482,0.678339
1099,-0.01947844,0.01415155,0.6770982
1100,-0.01331457,0.01540816,0.6801807
1101,-0.01184385,0.01638576,0.6814722
1102,-0.01092408,0.01729015,0.6825079
1103,-0.0860832,0.01295174,0.6748533
1104,-0.08891104,0.01255215,0.6746194
1105,-0.09185614,0.01184405,0.674601
1106,-0.09737042,0.01172009,0.6759507
1107,-0.09941602,0.01184165,0.6768236
1108,-0.08357984,0.01307333,0.6753011
1109,-0.08121531,0.01359315,0.6760617
1110,-0.07819897,0.01543894,0.677102
1111,-0.07917011,0.01484168,0.6767892
1112,-0.09485912,0.01173143,0.6751258
1113,-0.1011684,0.01236706,0.6777265
1114,-0.1027624,0.01310909,0.6788476
1115,-0.1037795,0.01392782,0.679721
1116,-0.1041693,0.01489046,0.6800561
1117,-0.01052592,0.01786133,0.6829336
1118,-0.06812029,-0.02510433,0.6522431
1119,-0.04140975,-0.02401104,0.6530767
1120,-0.07789639,-0.05692075,0.6617368
1121,-0.07775132,-0.05800131,0.6615462
1122,-0.07480468,-0.05585889,0.6607434
1123,-0.07406991,-0.05806473,0.6598562
1124,-0.07178991,-0.05519221,0.6588081
1125,-0.07139251,-0.05761525,0.6582653
1126,-0.05924832,-0.05287148,0.653766
1127,-0.05903927,-0.05607969,0.6529921
1128,-0.06180988,-0.05618692,0.6540015
1129,-0.0619849,-0.0530933,0.6547054
1130,-0.05598613,-0.05294428,0.6531342
1131,-0.05564421,-0.05610164,0.652219
1132,-0.05328676,-0.05297606,0.6530887
1133,-0.05293971,-0.05607554,0.6520919
1134,-0.06814346,-0.0570146,0.6566116
1135,-0.06870206,-0.05435813,0.6573687
1136,-0.06546504,-0.05370811,0.6561683
1137,-0.06490675,-0.05642806,0.6554857
1138,-0.0782104,-0.05720188,0.6612591
1139,-0.02832282,-0.05641632,0.6639001
1140,-0.03166372,-0.05686359,0.6618389
1141,-0.03149663,-0.05449737,0.6628819
1142,-0.02833294,-0.05530705,0.6640587
1143,-0.03448554,-0.05657075,0.6603113
1144,-0.03428908,-0.05408849,0.6609427
1145,-0.04731411,-0.05263632,0.6545515
1146,-0.04431482,-0.05266208,0.6559037
1147,-0.04413543,-0.05579859,0.6551689
1148,-0.04687643,-0.05583721,0.6538106
1149,-0.05024553,-0.0560421,0.6526476
1150,-0.05054712,-0.05287122,0.6535511
1151,-0.03777605,-0.05618746,0.6583395
1152,-0.0410009,-0.05581589,0.6569941
1153,-0.04099989,-0.05306583,0.6576127
1154,-0.03792335,-0.05350315,0.6589327
1155,-0.027937,-0.05563188,0.6635962
1156,-0.01824553,-0.03804935,0.6630207
1157,-0.02290659,-0.03090873,0.6619593
1158,-0.02839039,-0.02443749,0.6623774
1159,-0.03377542,-0.01856364,0.662893
1160,-0.03702772,-0.01335819,0.6602384
1161,-0.04022596,-0.008668378,0.6572933
1162,-0.04302776,-0.004821729,0.6543837
1163,-0.04565592,-0.001547903,0.6518704
1164,-0.0484195,0.0008460134,0.649681
1165,-0.05165713,0.002471045,0.6480453
1166,-0.05578871,0.003210217,0.6473787
1167,-0.05988742,0.002106614,0.6478202
1168,-0.06307248,0.0001998842,0.649269
1169,-0.06575897,-0.002442375,0.6512998
1170,-0.06826252,-0.005957078,0.6536813
1171,-0.07089252,-0.0100698,0.6564245
1172,-0.0737757,-0.01499706,0.6591342
1173,-0.07657851,-0.02037997,0.6615476
1174,-0.08131045,-0.02642629,0.6606468
1175,-0.08606622,-0.03320293,0.6598211
1176,-0.0900466,-0.04049799,0.6606843
1177,-0.09419616,-0.05541696,0.6654201
1178,-0.09421238,-0.06206772,0.6675856
1179,-0.09310834,-0.06838681,0.6690984
1180,-0.08722262,-0.0782087,0.6692761
1181,-0.08310013,-0.08272718,0.6677456
1182,-0.07862917,-0.08769092,0.6655751
1183,-0.07328828,-0.09245635,0.6626271
1184,-0.06740374,-0.0947931,0.6597357
1185,-0.06137631,-0.09560034,0.6578752
1186,-0.05597481,-0.09561807,0.6569824
1187,-0.0509524,-0.09543741,0.6568072
1188,-0.04591408,-0.09530998,0.6575315
1189,-0.04058582,-0.09485349,0.658912
1190,-0.0348153,-0.09356929,0.6613079
1191,-0.02935614,-0.09070525,0.6646862
1192,-0.02459662,-0.08550149,0.6681495
1193,-0.02069958,-0.08013443,0.6707453
1194,-0.01728865,-0.07528473,0.6724719
1195,-0.01252281,-0.06542125,0.6726995
1196,-0.01195755,-0.05915918,0.6711643
1197,-0.01251168,-0.05262395,0.6686194
1198,-0.009610172,-0.03009291,0.6683706
1199,-0.01885799,-0.02293032,0.6645373
1200,-0.02628658,-0.01735677,0.6640913
1201,-0.03246268,-0.01257548,0.6641736
1202,-0.03700246,-0.008051742,0.6628085
1203,-0.04053251,-0.003528677,0.6606
1204,-0.04358593,0.0003186241,0.6584799
1205,-0.04627813,0.003421903,0.6563067
1206,-0.04889493,0.005869262,0.6542442
1207,-0.0520517,0.007444263,0.6524965
1208,-0.05611365,0.008066617,0.6518164
1209,-0.0995037,-0.03334828,0.6653534
1210,-0.09090144,-0.02571509,0.6621341
1211,-0.08410952,-0.01969936,0.6622261
1212,-0.07852488,-0.01456647,0.6627697
1213,-0.07441561,-0.009751413,0.6617316
1214,-0.07119757,-0.004944623,0.6597452
1215,-0.06836754,-0.0008480474,0.6577811
1216,-0.06580018,0.002537832,0.6557579
1217,-0.06328193,0.005222492,0.6538455
1218,-0.0601403,0.007080123,0.6522658
1219,-0.1018514,-0.04475774,0.6688845
1220,-0.1023913,-0.05396789,0.6720476
1221,-0.1018831,-0.06230691,0.6744565
1222,-0.1003044,-0.06991109,0.6761796
1223,-0.09314768,-0.08189664,0.6765166
1224,-0.08825727,-0.08744942,0.674914
1225,-0.08292443,-0.09260225,0.6726515
1226,-0.07668605,-0.09732333,0.6697416
1227,-0.07004393,-0.1005726,0.667144
1228,-0.06315406,-0.1024707,0.6654409
1229,-0.0566623,-0.102941,0.6644849
1230,-0.05094574,-0.1027956,0.6644611
1231,-0.04524818,-0.1024705,0.6649851
1232,-0.03889991,-0.1014668,0.6665413
1233,-0.03234064,-0.09901787,0.6688145
1234,-0.02622143,-0.09522085,0.6719497
1235,-0.02063321,-0.09005342,0.6753845
1236,-0.01597653,-0.08455283,0.6781135
1237,-0.0118138,-0.07861856,0.6801229
1238,-0.005857639,-0.06635006,0.6803135
1239,-0.004953817,-0.0587706,0.6784772
1240,-0.005230248,-0.05055117,0.6757086
1241,-0.006443556,-0.04153556,0.6718413
1242,0.003285278,-0.0218243,0.6826295
1243,0.00878454,-0.02003126,0.6915281
1244,0.01772787,-0.02475711,0.7394241
1245,0.01768418,-0.02211172,0.7281424
1246,0.01383387,-0.01680866,0.7029084
1247,0.01665023,-0.01973174,0.7163688
1248,-0.002818607,-0.02250708,0.6751384
1249,-0.1203157,-0.02510468,0.6873259
1250,-0.1141279,-0.02629546,0.6786905
1251,-0.129765,-0.0257654,0.712073
1252,-0.1263597,-0.0225101,0.6986444
1253,-0.1313313,-0.02831511,0.7238439
1254,-0.1317942,-0.0309506,0.7351089
1255,-0.1074837,-0.02642708,0.6715397
1256,-0.01035979,-0.02087503,0.6693155
1257,-0.09975796,-0.02426764,0.6662834
1258,-0.02638533,-0.01292681,0.6655195
1259,-0.03244924,-0.008976344,0.6651262
1260,-0.01880194,-0.01694057,0.6663126
1261,-0.04061298,-0.0007530376,0.6621871
1262,-0.03704252,-0.004785869,0.6639298
1263,-0.04371287,0.002784424,0.6604638
1264,-0.04653879,0.00615076,0.6586614
1265,-0.04915047,0.008601516,0.6567818
1266,-0.05237525,0.01029041,0.6550678
1267,-0.05628369,0.01058661,0.6542429
1268,-0.0789052,-0.01100649,0.6637186
1269,-0.08455129,-0.01535521,0.66371
1270,-0.07471694,-0.00650049,0.6628312
1271,-0.09166744,-0.01985997,0.663954
1272,-0.06592058,0.005269624,0.6581057
1273,-0.0685606,0.0016504,0.6597502
1274,-0.06339015,0.007981777,0.6563782
1275,-0.06020289,0.009944506,0.6548493
1276,-0.07144678,-0.002166547,0.6613123
1277,-0.1148619,-0.0337809,0.6808701
1278,-0.1204572,-0.03345301,0.6900711
1279,-0.1086797,-0.03404889,0.672566
1280,-0.08932283,-0.04922178,0.6610769
1281,-0.09277062,-0.04812971,0.6626225
1282,-0.09685686,-0.04653056,0.6651161
1283,0.009990886,-0.02839613,0.6943587
1284,0.004930198,-0.02925781,0.6848248
1285,0.01351853,-0.02761353,0.7045937
1286,-0.0009262338,-0.03010102,0.6764156
1287,-0.02073006,-0.0478904,0.6629228
1288,-0.01820226,-0.04666872,0.6639151
1289,-0.0146624,-0.04557038,0.6651175
1290,-0.0109093,-0.04367627,0.6677192
1291,0.01694942,-0.03114776,0.7377617
1292,0.01700535,-0.02935591,0.7266405
1293,0.01601191,-0.02807726,0.7156777
1294,-0.124932,-0.03314541,0.7002373
1295,-0.1283091,-0.03400506,0.711248
1296,-0.1299234,-0.0355207,0.7222493
1297,-0.1303808,-0.03729279,0.733427
1298,-0.08646476,-0.05040637,0.6599794
1299,-0.02485424,-0.05090766,0.6607467
1300,-0.02293371,-0.049384,0.6616198
1301,-0.02794763,-0.05326453,0.6604399
1302,-0.02657131,-0.0521009,0.6604258
1303,-0.07995158,-0.0539914,0.6579523
1304,-0.07844428,-0.05496033,0.6580645
1305,-0.08180504,-0.05300026,0.6581322
1306,-0.08397508,-0.0517281,0.65884
1307,-0.114169,-0.07824947,0.7174491
1308,-0.1122172,-0.07823455,0.7069024
1309,-0.1094913,-0.07864664,0.6974646
1310,-0.1062498,-0.0784484,0.6897394
1311,-0.1018994,-0.07752582,0.682961
1312,-0.09742666,-0.07632112,0.6769928
1313,-0.09398117,-0.07509927,0.672884
1314,-0.09065115,-0.07359656,0.6697506
1315,-0.08750755,-0.0716457,0.6673053
1316,-0.08492124,-0.06950164,0.6658615
1317,-0.08293987,-0.06715705,0.6642173
1318,-0.08097308,-0.06417827,0.6624717
1319,-0.07900566,-0.06124271,0.6610876
1320,-0.07771373,-0.05935759,0.6602796
1321,-0.07661171,-0.05753703,0.6597387
1322,-0.07626495,-0.05671569,0.6601486
1323,-0.07616276,-0.05816804,0.6611083
1324,-0.07671826,-0.05645654,0.6616035
1325,-0.07679282,-0.05638668,0.6595076
1326,-0.07747489,-0.05582949,0.6585978
1327,0.005767118,-0.07320902,0.7218249
1328,0.004590977,-0.07335465,0.711509
1329,0.002673637,-0.07403723,0.7021466
1330,8.519739E-06,-0.07422182,0.6943204
1331,-0.00402604,-0.07362765,0.6872876
1332,-0.008085698,-0.07283503,0.6810294
1333,-0.01133887,-0.07187618,0.6766091
1334,-0.01449621,-0.07063412,0.6732128
1335,-0.01751467,-0.0689228,0.6706435
1336,-0.02020108,-0.06710541,0.6693505
1337,-0.02213967,-0.06498431,0.6676387
1338,-0.024285,-0.06209982,0.6655656
1339,-0.02652641,-0.0594883,0.6639126
1340,-0.02810433,-0.05770355,0.6629266
1341,-0.02920936,-0.05605639,0.6621454
1342,-0.02973303,-0.05525792,0.6624629
1343,-0.02964373,-0.05673464,0.6633006
1344,-0.02956346,-0.054961,0.6638545
1345,-0.02943464,-0.05485006,0.661759
1346,-0.02881329,-0.05422078,0.6609184
