0,-0.03469435,-0.1060257,0.7106571
1,-0.03494032,-0.1045089,0.7036756
2,-0.03555382,-0.100636,0.687213
3,-0.03600736,-0.09611025,0.6768286
4,-0.03647501,-0.08684276,0.6698729
5,-0.0367221,-0.07858192,0.6685988
6,-0.036857,-0.07374115,0.6687428
7,-0.03727955,-0.06476727,0.6652937
8,-0.03754466,-0.06159509,0.6616025
9,-0.03779171,-0.0554683,0.6610165
10,-0.0379403,-0.05155982,0.6619882
11,-0.04038658,0.02076541,0.6667884
12,-0.04030239,0.007072445,0.6570132
13,-0.0402607,-0.001829319,0.6500813
14,-0.03912539,-0.02656393,0.6595648
15,-0.03875747,-0.03587884,0.6594415
16,-0.04075615,0.03590231,0.6687973
17,-0.03997355,-0.01543563,0.6461411
18,-0.04012256,-0.01123118,0.6457269
19,-0.03861584,-0.04110639,0.6578981
20,-0.03947495,-0.02305936,0.6537966
21,-0.03982296,-0.01892215,0.6477027
22,-0.03847622,-0.0454043,0.6580774
23,-0.03927223,-0.02443404,0.6578698
24,-0.04048996,0.02671827,0.6689286
25,-0.0402767,0.001702942,0.6528941
26,-0.04021654,-0.006333407,0.647218
27,-0.0411127,0.04514138,0.6678523
28,-0.04185998,0.07183203,0.6702422
29,-0.0422709,0.09952299,0.6830007
30,-0.04214598,0.08603944,0.6745616
31,-0.03965231,-0.02149533,0.6504595
32,-0.03893786,-0.03029354,0.6600239
33,-0.03704347,-0.06911813,0.6680682
34,-0.03527366,-0.1024492,0.6946586
35,-0.04035287,0.01599835,0.6636086
36,-0.1126481,-0.01295287,0.7513424
37,-0.1087761,-0.03366698,0.7476538
38,-0.08114381,-0.08441491,0.7217689
39,-0.07298268,-0.09046901,0.7112047
40,-0.07385324,-0.0905844,0.7196927
41,-0.08213913,-0.08420136,0.7315513
42,-0.06510107,-0.08562794,0.6857858
43,-0.06921245,-0.08873608,0.6966478
44,-0.08772337,-0.07739745,0.7234749
45,-0.06064892,-0.07979383,0.6794471
46,-0.07396917,-0.07535525,0.6893992
47,-0.08040757,-0.07763037,0.6999348
48,-0.08892398,-0.07677323,0.7337937
49,-0.06860291,-0.0716029,0.6833282
50,-0.0878524,-0.06479686,0.6986828
51,-0.08020262,-0.0648454,0.6886111
52,-0.09878431,-0.06115496,0.7253118
53,-0.07777944,-0.03457526,0.6768096
54,-0.07128401,-0.03980507,0.6746032
55,-0.07459176,-0.05274623,0.6793605
56,-0.0816502,-0.05082669,0.6840094
57,-0.09996684,-0.06025213,0.7368233
58,-0.05869211,-0.07591981,0.6769888
59,-0.0737464,-0.06320797,0.6832776
60,-0.0572136,-0.07189809,0.6748695
61,-0.06649265,-0.06896506,0.6809729
62,-0.05524164,-0.06013223,0.668498
63,-0.06479237,-0.06608442,0.6786748
64,-0.1099656,-0.006709129,0.7174417
65,-0.1068642,-0.04238686,0.7433
66,-0.06093798,-0.05814665,0.6747246
67,-0.0683856,-0.06058788,0.6803034
68,-0.07086892,-0.06205276,0.6817941
69,-0.07151139,-0.05351403,0.6781706
70,-0.0541485,-0.0562258,0.6675311
71,-0.06440914,-0.05708079,0.6772695
72,-0.06921151,-0.05379729,0.6769305
73,-0.06756337,0.001814369,0.6807101
74,-0.06720605,-0.002814732,0.6783499
75,-0.05338445,-0.05367551,0.6677446
76,-0.05959301,-0.05568945,0.6737916
77,-0.06510811,-0.05373098,0.675544
78,-0.06695841,-0.04422458,0.6727213
79,-0.06895181,-0.04200474,0.6740047
80,-0.05319815,-0.0521183,0.6687809
81,-0.05906059,-0.05388872,0.6732234
82,-0.0631217,-0.05567677,0.6766523
83,-0.06310524,-0.04883049,0.6714227
84,-0.06503984,-0.0388907,0.6712496
85,-0.05868453,0.0001884364,0.6746526
86,-0.05812677,-0.009843435,0.671293
87,-0.08592649,-0.007532835,0.6838483
88,-0.09245244,0.002108466,0.6915206
89,-0.05887388,-0.0530566,0.6735693
90,-0.06234274,-0.05450759,0.6764009
91,-0.06370296,-0.05369843,0.6756173
92,-0.06332588,-0.04238641,0.6699679
93,-0.05959679,-0.01856041,0.672093
94,-0.05952127,0.007664043,0.6796302
95,-0.05881353,0.00378016,0.6765938
96,-0.06844538,0.005618449,0.6819609
97,-0.06216624,-0.05396916,0.6765943
98,-0.06279536,-0.05383081,0.6759853
99,-0.06132556,-0.05053746,0.6715554
100,-0.08519341,0.004918814,0.6876493
101,-0.08821195,0.006727614,0.6901034
102,-0.1065966,0.02214267,0.7126738
103,-0.06230319,-0.05391872,0.6764945
104,-0.06017394,-0.05186096,0.672124
105,-0.06128491,-0.04602905,0.6691576
106,-0.04715826,0.01376184,0.6662207
107,-0.04752453,0.004386768,0.6598656
108,-0.05255461,-0.001275528,0.6651059
109,-0.0563983,0.01129032,0.6792744
110,-0.05559725,0.007606592,0.6757143
111,-0.06445998,0.007230818,0.6816811
112,-0.06907963,0.01064396,0.682034
113,-0.06917202,0.01521836,0.682245
114,-0.1030047,0.00680279,0.705297
115,-0.09795432,0.01097738,0.701005
116,-0.05908791,-0.05300739,0.6735065
117,-0.05653546,-0.04654694,0.6656855
118,-0.058166,-0.01470892,0.6662498
119,-0.04674459,0.01875864,0.6692703
120,-0.04417803,0.02000504,0.6675755
121,-0.06823798,0.02502681,0.6816071
122,-0.08252916,0.01069592,0.6859629
123,-0.08055454,0.01490054,0.6846997
124,-0.09766068,0.02110151,0.6993486
125,-0.1028031,0.03334305,0.7036831
126,-0.1108972,0.0006899647,0.7201942
127,-0.1138057,-0.002273425,0.7400188
128,-0.1141228,0.02768911,0.7350228
129,-0.1114025,0.008070108,0.7215914
130,-0.05514602,-0.04850599,0.6659641
131,-0.05150452,-0.02811602,0.6655248
132,-0.05908257,-0.01733733,0.6694971
133,-0.05804176,-0.01550515,0.6640017
134,-0.0561149,-0.01171869,0.6625022
135,-0.05565974,0.01715956,0.6823113
136,-0.06570246,0.01165142,0.6821575
137,-0.08120692,0.02340187,0.6834507
138,-0.09332138,0.0213354,0.6943063
139,-0.09575567,0.02656876,0.6933454
140,-0.0999058,0.0291597,0.6974288
141,-0.1160139,0.02867926,0.7452645
142,-0.111992,0.02602004,0.7274053
143,-0.05331538,-0.05165939,0.6687251
144,-0.04829741,-0.03624738,0.660544
145,-0.05898537,-0.02175204,0.6704651
146,-0.0572615,-0.02047648,0.6632177
147,-0.05618847,-0.01337473,0.660424
148,-0.05084655,-0.006147198,0.6556292
149,-0.04800259,-0.004012987,0.6529085
150,-0.0443657,0.006250553,0.6578255
151,-0.05244768,0.01620634,0.6779193
152,-0.04885247,0.02232708,0.6738104
153,-0.06558164,0.02440492,0.68229
154,-0.1083845,0.04364196,0.7164344
155,-0.04858429,-0.04195346,0.6596683
156,-0.05684838,-0.02463937,0.6699343
157,-0.05551394,-0.0227418,0.6654534
158,-0.0556042,-0.02157292,0.6634017
159,-0.05619607,-0.01650553,0.6593609
160,-0.05549615,-0.01862287,0.6590973
161,-0.05134906,0.03064727,0.6735414
162,-0.04812058,0.03377857,0.6702955
163,-0.09843783,0.03277538,0.6935242
164,-0.09344789,0.02919522,0.6894303
165,-0.04675638,-0.04567255,0.6601281
166,-0.0442949,-0.03588762,0.6593634
167,-0.04218728,-0.02650734,0.6594123
168,-0.05379657,-0.01987627,0.6595824
169,-0.05093206,-0.01343443,0.6517634
170,-0.04766973,-0.01228025,0.6484579
171,-0.0467085,-0.01597448,0.6484601
172,-0.04981498,-0.01636001,0.651425
173,-0.04448707,-0.002566136,0.6509349
174,-0.08943278,0.02135248,0.6904874
175,-0.09167734,0.02547565,0.6893963
176,-0.1001232,0.03781038,0.6986009
177,-0.1068885,0.05678625,0.716131
178,-0.1048704,0.05104868,0.7098105
179,-0.04468959,-0.0505711,0.6631674
180,-0.04774414,-0.01858112,0.6514222
181,-0.04545422,-0.01897091,0.6496921
182,-0.04333786,-0.02242645,0.6545593
183,-0.04577696,0.03496878,0.6693766
184,-0.05291851,0.02399619,0.6787652
185,-0.0637477,0.01718533,0.6830897
186,-0.06277917,0.01331037,0.6824027
187,-0.06313489,0.02312462,0.6831096
188,-0.08459403,0.02201391,0.6858836
189,-0.08750452,0.02874078,0.6845765
190,-0.04426759,-0.05128964,0.6634066
191,-0.04543857,-0.04099216,0.6585969
192,-0.04399838,-0.011635,0.6464574
193,-0.04352252,-0.01565221,0.6467733
194,-0.06418945,0.03369217,0.6774265
195,-0.065179,0.03984248,0.6723859
196,-0.05846663,0.01822352,0.6836597
197,-0.06026696,0.01958453,0.6839541
198,-0.08568832,0.01766398,0.687919
199,-0.08682043,0.02495825,0.6851396
200,-0.08926281,0.03964135,0.682547
201,-0.0864882,0.03443158,0.6821968
202,-0.04320088,-0.04549431,0.6589553
203,-0.04683246,-0.02409576,0.6612604
204,-0.04371389,-0.02359227,0.6584507
205,-0.04464345,-0.02273472,0.6582811
206,-0.04265308,-0.01907137,0.6482264
207,-0.04135589,-0.02296375,0.653977
208,-0.06355482,0.04634702,0.6700327
209,-0.06473308,0.03013592,0.6801353
210,-0.06061758,0.02094784,0.6846321
211,-0.08293517,0.02279017,0.6844302
212,-0.08480657,0.02597244,0.6834645
213,-0.08431372,0.04787613,0.6804677
214,-0.108476,0.06295398,0.7241431
215,-0.04124835,-0.05062355,0.66204
216,-0.04146668,-0.02413756,0.6577538
217,-0.07063435,0.04060729,0.6737118
218,-0.06991716,0.04818834,0.6720279
219,-0.06861538,0.03498494,0.6773613
220,-0.05857663,0.02112781,0.6830947
221,-0.08379516,0.03054242,0.6819846
222,-0.08448164,0.04300382,0.6794574
223,-0.08110029,0.03627647,0.6793001
224,-0.07754865,0.04861313,0.6762035
225,-0.0408121,-0.0515409,0.6623061
226,-0.07454668,0.03590212,0.6776839
227,-0.07760498,0.04211755,0.675716
228,-0.06881496,0.03160623,0.679229
229,-0.0655075,0.02770564,0.680851
230,-0.06544697,0.02591442,0.6812465
231,-0.09574411,0.07016519,0.7020741
232,-0.09756784,0.0782306,0.70911
233,-0.07323241,0.03225428,0.6790959
234,-0.08122697,0.02749371,0.6813523
235,-0.07831669,0.03194685,0.6797923
236,-0.06882419,0.02857464,0.6800485
237,-0.06839423,0.02679245,0.6805137
238,-0.07825945,0.02447976,0.6821495
239,-0.08787151,0.07581554,0.693424
240,-0.07228686,0.02903331,0.6795759
241,-0.07137227,0.02557669,0.6811131
242,-0.07175222,0.02716077,0.6800526
243,-0.07665232,0.02855536,0.6798323
244,-0.0748105,0.02546247,0.6813051
245,-0.0897903,0.08481807,0.7012176
246,-0.08161652,0.08989252,0.6955132
247,-0.07368213,0.09363988,0.6910455
248,-0.06468866,0.0839116,0.6789458
249,-0.07223095,0.08175035,0.6822325
250,-0.06605653,0.09643769,0.6880662
251,-0.05681906,0.07108068,0.672314
252,-0.06411642,0.07037316,0.6740466
253,-0.07130235,0.06968434,0.6767437
254,-0.0782475,0.06856571,0.6811442
255,-0.08573234,0.06595214,0.6868667
256,-0.09407102,0.06129314,0.6948161
257,-0.04669119,0.02432628,0.671108
258,-0.04472954,0.0260553,0.6700612
259,-0.06092834,0.01004649,0.6816276
260,-0.05230008,0.01185841,0.6743002
261,-0.05526068,-0.005244017,0.668089
262,-0.05705433,-0.02759263,0.6707671
263,-0.05554931,-0.04000338,0.6637149
264,-0.05376863,-0.04441727,0.6627205
265,-0.07804647,0.0145216,0.6836241
266,-0.07970636,0.009840738,0.6844729
267,-0.08155833,0.004173215,0.6856446
268,-0.08383237,-0.0006263703,0.6852219
269,-0.07968208,-0.00704496,0.6812653
270,-0.04938031,-0.04634915,0.66165
271,-0.04756769,-0.05059913,0.6647032
272,-0.04719286,-0.05119713,0.6648556
273,-0.09669,-0.04646887,0.7008005
274,-0.09125664,-0.04808525,0.6932805
275,-0.1046935,-0.0424762,0.7195691
276,-0.1059411,-0.03458446,0.7167711
277,-0.09186807,-0.03922539,0.6897298
278,-0.09200653,0.0118243,0.6950933
279,-0.08682625,0.01396551,0.6893017
280,-0.1138318,-0.003690947,0.7511369
281,-0.07991593,0.07949901,0.6869415
282,-0.049718,0.08562329,0.675252
283,-0.05553526,-0.009755056,0.6645848
284,-0.05051019,-0.003289994,0.6580837
285,-0.0478003,-0.001070876,0.6554849
286,-0.04449272,0.0005996972,0.6535743
287,-0.08575048,0.02127166,0.6873724
288,-0.0848989,0.01203956,0.6875895
289,-0.09067991,0.009293031,0.6928729
290,-0.09535432,0.004714195,0.6954263
291,-0.102298,0.002396766,0.7023058
292,-0.050929,-0.009254579,0.6530743
293,-0.04777968,-0.007530086,0.6499617
294,-0.04408483,-0.006566789,0.6480366
295,-0.05025819,0.09916124,0.6840756
296,-0.05861307,-0.02420492,0.672604
297,-0.05836637,-0.01427345,0.668439
298,-0.05618652,0.02133488,0.6824488
299,-0.06700729,-0.02070288,0.6737927
300,-0.06395948,-0.02642611,0.6732905
301,-0.0629146,-0.02959461,0.67219
302,-0.07320188,-0.005355652,0.6795403
303,-0.07299812,0.0002193972,0.6818448
304,-0.07281111,0.004614037,0.6827594
305,-0.07265346,0.01008911,0.6823691
306,-0.05026521,-0.02535721,0.6646104
307,-0.06155336,-0.0331248,0.670445
308,-0.06061512,-0.03789622,0.6683095
309,-0.05865598,-0.04280322,0.666204
310,-0.05915621,-0.04883116,0.6689608
311,-0.0580166,-0.05028367,0.6691943
312,-0.05623589,-0.05235415,0.6711438
313,-0.0561067,-0.05260953,0.6711299
314,-0.05828347,0.01377029,0.6816391
315,-0.06027729,0.01610737,0.6828981
316,-0.06135957,0.02187506,0.684024
317,-0.04436907,-0.02187665,0.6549762
318,-0.04607307,-0.02620601,0.6608037
319,-0.05146945,-0.01850585,0.6557496
320,-0.05332503,-0.02551827,0.6673558
321,-0.04193541,-0.02156409,0.6507962
322,-0.04414397,-0.02107526,0.6517581
323,-0.04533193,-0.02059705,0.6526736
324,-0.04615523,-0.02099657,0.6563687
325,-0.08421345,0.0237263,0.6841692
326,-0.08254208,0.02442452,0.6829224
327,-0.07909189,0.02577777,0.6812643
328,-0.07538573,0.02691684,0.6802496
329,-0.06017622,0.0211393,0.6837702
330,-0.06170488,0.01880612,0.6840017
331,-0.06621926,0.01576411,0.6824905
332,-0.07208796,0.01492699,0.682273
333,-0.08267961,0.01548493,0.6858526
334,-0.08995996,0.02695271,0.6871569
335,-0.103462,0.07075532,0.7167456
336,-0.1018789,0.06414309,0.7093034
337,-0.100377,0.05695033,0.7029593
338,-0.09583984,0.04159604,0.6917387
339,-0.09423505,0.03652776,0.6873425
340,-0.0903806,0.03184046,0.6855759
341,-0.08557741,0.02278741,0.6857659
342,-0.08831819,0.02407147,0.6870471
343,-0.08429367,0.01645972,0.6868408
344,-0.05055035,0.04454518,0.6683612
345,-0.05696967,0.04425194,0.6691109
346,-0.06071177,0.03868484,0.6720074
347,-0.06042904,0.03240006,0.6777121
348,-0.06181777,0.02821961,0.6810853
349,-0.06254911,0.02622796,0.6817238
350,-0.06285516,0.02432096,0.6822543
351,-0.06659812,-0.03586738,0.6726937
352,-0.0683101,-0.03320124,0.6734376
353,-0.07252054,-0.02719957,0.6744379
354,-0.07434063,-0.01072946,0.6778245
355,-0.04055113,-0.05539683,0.6610484
356,-0.0406687,-0.0613107,0.6614066
357,-0.04045923,-0.06476396,0.6652021
358,-0.04061845,-0.0740384,0.6689584
359,-0.04030944,-0.0788735,0.6688275
360,-0.04087628,-0.08698288,0.6702771
361,-0.04134538,-0.09609124,0.677183
362,-0.04214146,-0.1005131,0.6875339
363,-0.04281326,-0.104308,0.7041807
364,-0.04292717,-0.1057613,0.71148
365,-0.04400085,-0.0549267,0.6615937
366,-0.04434135,-0.06014451,0.6616108
367,-0.0442677,-0.06446099,0.6651682
368,-0.04441782,-0.07444093,0.6696825
369,-0.04450819,-0.07948241,0.6695553
370,-0.0458106,-0.08675774,0.6711875
371,-0.04727412,-0.09556412,0.6784582
372,-0.04883011,-0.09976669,0.688745
373,-0.05012403,-0.1029089,0.7057078
374,-0.05081093,-0.1040069,0.7132613
375,-0.04709014,-0.05444301,0.6627846
376,-0.04770164,-0.05881462,0.662631
377,-0.04787916,-0.06365499,0.6654029
378,-0.04802154,-0.07468764,0.6707836
379,-0.04865438,-0.07982902,0.6710901
380,-0.05092785,-0.08621404,0.6733904
381,-0.05354263,-0.09394327,0.6802499
382,-0.05565972,-0.09736965,0.6905741
383,-0.05800691,-0.09980547,0.7073687
384,-0.05849019,-0.1008451,0.7155179
385,-0.05628096,-0.05351306,0.6708695
386,-0.05689354,-0.05544997,0.6709971
387,-0.05876376,-0.05868654,0.6716731
388,-0.06272716,-0.07257977,0.6792602
389,-0.06472057,-0.07560987,0.6816812
390,-0.06957585,-0.08020645,0.6879123
391,-0.07511142,-0.08362105,0.6988258
392,-0.07989231,-0.08488512,0.7129583
393,-0.05160573,-0.03215266,0.6640779
394,-0.04730603,-0.03056408,0.6615736
395,-0.04293588,-0.0304649,0.6601706
396,-0.06501199,-0.04662648,0.6718678
397,-0.06705494,-0.05379499,0.6759485
398,-0.06609823,-0.05888686,0.6787214
399,-0.06317064,-0.06236068,0.6765296
400,-0.06013754,-0.06460448,0.6740742
401,-0.05607788,-0.06684773,0.6720495
402,-0.04791814,-0.06908146,0.6692764
403,-0.04431976,-0.06953493,0.6687215
404,-0.04049082,-0.0692839,0.6682405
405,-0.0426234,-0.1021601,0.6951655
406,-0.04959986,-0.1012715,0.6967098
407,-0.05703364,-0.0987439,0.6984453
408,-0.07144636,-0.089971,0.7040069
409,-0.07788952,-0.08468303,0.7057323
410,-0.08367598,-0.07838502,0.7068948
411,-0.09239183,-0.06423893,0.7061712
412,-0.09715837,-0.0374984,0.6977772
413,-0.09456363,-0.01374902,0.689495
414,-0.09155712,-0.006859247,0.6875721
415,-0.088495,0.0002496317,0.6880109
416,-0.08624646,-0.07824033,0.7143523
417,-0.09603848,-0.06281371,0.7146056
418,-0.1009874,-0.04449079,0.7101232
419,-0.1020579,-0.03578251,0.7069744
420,-0.1001949,-0.01138395,0.6963015
421,-0.06916774,-0.05742948,0.6790429
422,-0.07162621,-0.05802464,0.6803831
423,-0.07468508,-0.05826144,0.6815481
424,-0.08143003,-0.05814063,0.6865431
425,-0.08984887,-0.05693834,0.696354
426,-0.09520669,-0.05589028,0.70369
427,-0.09964417,-0.05379893,0.7134403
428,-0.1038573,-0.05045412,0.7257441
429,-0.1044361,-0.05113861,0.7388747
430,-0.06684837,-0.05658971,0.6777535
431,-0.06504057,-0.05551466,0.6769405
432,-0.06374227,-0.05468209,0.676513
433,-0.0630617,-0.05430421,0.6766078
434,-0.06255718,-0.05411802,0.6768631
435,-0.1003466,-0.001503345,0.6980056
436,-0.08800651,0.01585926,0.6905989
437,-0.0971202,0.007611517,0.6986288
438,-0.09305646,0.01478197,0.6966087
439,-0.08906189,0.01727354,0.6916596
440,-0.08625686,0.02065555,0.6886106
441,-0.0867563,0.0186948,0.6888652
442,-0.08738694,0.02100831,0.6887336
443,-0.04953856,0.07153603,0.6710751
444,-0.05727057,0.08490065,0.6765541
445,-0.0582706,0.09823932,0.6858083
446,-0.04414445,0.0152144,0.6643352
447,-0.05236482,0.007787343,0.6711743
448,-0.05547639,0.003688261,0.6730169
449,-0.06784576,-0.007423237,0.6766785
450,-0.08152997,-0.01315326,0.6800951
451,-0.08838071,-0.01407777,0.6840605
452,-0.1045258,-0.007855117,0.7038018
453,-0.1067201,-0.002336111,0.7088433
454,-0.09039375,0.04525008,0.6852589
455,-0.1069883,-0.041534,0.7326574
456,-0.1120363,-0.009112023,0.7284043
457,-0.1127117,-0.0109056,0.7396788
458,-0.09663041,-0.004803419,0.6926287
459,-0.1075203,0.003134683,0.7119585
460,-0.1108734,0.04828851,0.7232703
461,-0.1129563,-0.001013815,0.7297199
462,-0.1125822,0.05341303,0.7327052
463,-0.1022605,0.02119147,0.7052608
464,-0.0786272,-0.0006799027,0.6831987
465,-0.07750659,0.003977481,0.6839523
466,-0.0762556,0.009648528,0.683192
467,-0.07503688,0.01450225,0.6827927
468,-0.05782235,-0.01810175,0.6633456
469,-0.08661132,0.01973454,0.6893113
470,-0.08718218,0.01951842,0.6891425
471,-0.08960923,0.01866617,0.691929
472,-0.09363705,0.01707469,0.696996
473,-0.09829691,0.01441912,0.7018902
474,-0.1032109,0.01135309,0.7068847
475,-0.1077861,0.009128045,0.7136605
476,-0.1134841,0.007491466,0.7300538
477,-0.1145995,0.006923672,0.7394594
478,-0.1147796,0.006163184,0.7496785
479,-0.06172088,-0.01489731,0.6737046
480,-0.0625387,-0.003748324,0.6757075
481,-0.06238569,0.0002333187,0.6773751
482,-0.06320118,0.004187677,0.6799607
483,-0.05641039,-0.03400039,0.6666367
484,-0.05186057,-0.0380329,0.6619945
485,-0.0510406,-0.04320448,0.6608917
486,-0.05751187,-0.02226919,0.6668182
487,-0.0588866,-0.01780906,0.66695
488,-0.04906817,0.01626932,0.6716528
489,-0.0495198,0.0114145,0.6687399
490,-0.05004723,0.002018966,0.6623518
491,-0.05301081,-0.006359197,0.661184
492,-0.05321362,-0.00880133,0.6588078
493,-0.05314421,-0.01107833,0.6561393
494,-0.05334785,-0.01465764,0.6550613
495,-0.05281423,-0.01698979,0.655122
496,-0.04148066,0.05775515,0.6681792
497,-0.04979909,0.05763929,0.6682742
498,-0.05725675,0.05773273,0.668827
499,-0.06493716,0.05791635,0.6707957
500,-0.07186581,0.05792776,0.6750143
501,-0.07842666,0.05743057,0.6790974
502,-0.08492882,0.05615574,0.6829666
503,-0.09223112,0.05240774,0.6889801
504,-0.0985391,0.04862523,0.6980494
505,-0.1030404,0.04491643,0.7050807
506,-0.1061909,0.03927365,0.7110882
507,-0.1098821,0.02428735,0.7208841
508,-0.05870329,-0.0204084,0.6675126
509,-0.06583408,-0.09638125,0.7175843
510,-0.065414,-0.09553805,0.7093844
511,-0.06422944,-0.09473287,0.7012153
512,-0.06271692,-0.09339838,0.6933794
513,-0.05946303,-0.09080592,0.6830053
514,-0.05631549,-0.0841534,0.6766012
515,-0.05390855,-0.07906035,0.6739248
516,-0.05241976,-0.07406747,0.6726925
517,-0.05223861,-0.06821012,0.6703924
518,-0.05153628,-0.06211682,0.6663014
519,-0.05079583,-0.0576185,0.6643955
520,-0.05051351,-0.0539476,0.665118
521,-0.05021007,-0.05157609,0.6668255
522,-0.05055368,-0.05092636,0.6666903
523,-0.05235865,-0.04719943,0.6634886
524,-0.05510628,-0.02407182,0.6685645
525,-0.04913057,-0.02093301,0.6601231
526,-0.1081817,-0.03310994,0.7264146
527,-0.109161,-0.03358814,0.7360277
528,-0.07464325,-0.09101743,0.7287873
529,-0.04310787,-0.1076805,0.7181082
530,-0.05107657,-0.1056355,0.7200897
531,-0.0344593,-0.1080311,0.7170844
532,-0.05880004,-0.1020943,0.7226028
533,-0.0667122,-0.09704044,0.7256268
534,-0.06157811,-0.06911331,0.67667
535,-0.1107154,0.03567046,0.7227777
536,-0.1130781,0.03847202,0.729836
537,-0.1154761,0.04113972,0.7395655
538,-0.08670712,0.02196107,0.6873256
539,-0.08895408,0.02259331,0.6888644
540,-0.0927926,0.02356322,0.691915
541,-0.09683618,0.02391216,0.696485
542,-0.1010998,0.02536488,0.7015877
543,-0.1051904,0.02819345,0.708912
544,-0.108365,0.03279924,0.7166615
545,-0.1112367,0.0157751,0.7226784
546,-0.1133657,0.01637184,0.729798
547,-0.1151895,0.01671178,0.738163
548,-0.1153848,0.01677448,0.7479607
549,-0.08730116,0.02023356,0.68925
550,-0.08962938,0.01990337,0.6916207
551,-0.09358799,0.01921484,0.6960855
552,-0.0981338,0.01789749,0.7014324
553,-0.1032986,0.01619687,0.7076367
554,-0.1077464,0.01514651,0.714713
555,-0.00271292,-0.07795526,0.6862459
556,0.003523998,-0.08110051,0.6968003
557,0.008500263,-0.07473914,0.6976788
558,0.001430742,-0.07279161,0.6874919
559,-0.0306524,-0.09577206,0.6769434
560,-0.02897525,-0.1000892,0.6871836
561,-0.02227802,-0.09893242,0.6880503
562,-0.02468865,-0.09487645,0.6779215
563,-0.007949023,-0.07368591,0.6804584
564,-0.004316203,-0.06938981,0.6818221
565,0.01230693,-0.07534744,0.7043015
566,0.01535339,-0.07503579,0.7115155
567,0.0240035,-0.05894202,0.7113996
568,0.02003459,-0.06056739,0.7032349
569,-0.03203154,-0.08681236,0.6700985
570,-0.02703654,-0.08632017,0.6707914
571,-0.01843162,-0.0928544,0.6793906
572,-0.01550947,-0.09611277,0.6895112
573,-0.008588057,-0.09169014,0.6919003
574,-0.01255304,-0.08933682,0.6818128
575,-0.01029697,-0.07082392,0.6784168
576,-0.006778471,-0.06698474,0.6797925
577,0.00688079,-0.06186401,0.6862844
578,0.01505898,-0.06132605,0.6960204
579,0.01631149,-0.05335088,0.6935087
580,0.007533133,-0.055114,0.68405
581,0.02694171,-0.04976003,0.7099049
582,0.02204913,-0.05205901,0.7005228
583,-0.03307259,-0.07873476,0.6686857
584,-0.02875776,-0.07911856,0.6692315
585,-0.02182462,-0.08546348,0.6727629
586,-0.01636065,-0.08302413,0.675701
587,-0.007024208,-0.08379472,0.684305
588,-0.01196989,-0.07827455,0.6783813
589,0.0001771674,-0.06070052,0.6812986
590,0.001309458,-0.03187168,0.6740867
591,-0.005041583,-0.0373104,0.6723505
592,-0.0001931265,-0.05002535,0.6770244
593,0.006952047,-0.04783273,0.6813455
594,0.0272675,-0.05706567,0.7217257
595,0.02906159,-0.05608304,0.732893
596,0.03297457,-0.04668561,0.7345645
597,0.03159686,-0.04606614,0.7216992
598,-0.02441815,-0.07924073,0.6706133
599,-0.01904117,-0.07813247,0.673213
600,0.0006457716,-0.05561155,0.6793932
601,-0.01077112,-0.06062514,0.6755018
602,-0.01371892,-0.06306894,0.6733987
603,-0.01175214,-0.06747635,0.6759519
604,-0.008764993,-0.06424614,0.677642
605,-0.00286309,-0.05965474,0.6800848
606,-0.002525698,-0.05548237,0.6784672
607,-0.03353703,-0.06913244,0.6680906
608,-0.03303293,-0.07382311,0.6688597
609,-0.0290799,-0.07406696,0.6693919
610,-0.02955943,-0.06917191,0.6683875
611,-0.003228843,-0.05083714,0.6761366
612,0.03472757,-0.02846888,0.7218113
613,0.03701451,-0.004306875,0.7232967
614,0.03408265,-0.002081107,0.7125725
615,0.03204884,-0.03013788,0.7124594
616,-0.02584996,-0.06844515,0.6688677
617,-0.02530597,-0.0741376,0.6703706
618,-0.02081687,-0.07321693,0.6721841
619,-0.02153225,-0.06732303,0.6699568
620,-0.01600442,-0.07066216,0.6742861
621,-0.01760857,-0.06568567,0.6715317
622,-0.01789168,-0.05429845,0.6702805
623,-0.01573465,-0.05734316,0.6710321
624,-0.01344794,-0.0565767,0.6738029
625,-0.01502447,-0.05420356,0.6728145
626,-0.005500864,-0.05833688,0.6787407
627,-0.008093622,-0.05678659,0.6772016
628,-0.007162936,-0.039508,0.6719115
629,-0.004695134,-0.02477032,0.6721568
630,-0.008653097,-0.03094678,0.6715829
631,-0.03440413,-0.06115445,0.6613477
632,-0.03408669,-0.06461122,0.6651228
633,-0.03023688,-0.06407995,0.6649613
634,-0.03077032,-0.05977392,0.6614507
635,-0.00513229,-0.05503483,0.6772688
636,-0.007690964,-0.05437963,0.6760251
637,-0.01010968,-0.0336125,0.6708375
638,-0.01345241,-0.02461364,0.671775
639,-0.01075698,-0.01868352,0.6719019
640,-0.01108137,0.003555827,0.6788099
641,-0.01129915,-0.001053456,0.6764594
642,-0.005064379,-0.003175735,0.67726
643,-0.005474191,0.002340537,0.6795796
644,-0.02739476,-0.05826508,0.6623777
645,-0.02651974,-0.06307591,0.6651618
646,-0.0229509,-0.06133485,0.6660034
647,-0.02428057,-0.05688163,0.6640625
648,-0.01929952,-0.05912706,0.6680344
649,-0.02088106,-0.05527607,0.6670093
650,-0.0186818,-0.05231392,0.6700111
651,-0.0157574,-0.05242177,0.6721538
652,-0.009980723,-0.05512063,0.6757981
653,-0.01144834,-0.05380329,0.6752332
654,-0.007923836,-0.05143301,0.6742079
655,-0.005665524,-0.05127362,0.6750218
656,-0.009102153,-0.04186525,0.6709006
657,-0.01095778,-0.04444814,0.6702666
658,-0.01426141,-0.02780391,0.6706346
659,-0.03501617,-0.05524577,0.6609704
660,-0.03154307,-0.05459549,0.6614518
661,-0.01897751,-0.05135821,0.6702407
662,-0.01601447,-0.0515521,0.6724434
663,-0.009600053,-0.05343714,0.6753362
664,-0.01097297,-0.05271124,0.6749737
665,-0.01311538,-0.04049177,0.668518
666,-0.01150259,-0.03679845,0.6695535
667,-0.01548849,-0.03146096,0.668945
668,-0.02060123,-0.008557145,0.6699509
669,-0.02030106,0.001405366,0.6733221
670,-0.02389338,0.004678871,0.6718806
671,-0.02397861,-0.004174814,0.6669391
672,-0.005950443,0.006673057,0.6804937
673,-0.01040218,0.007393923,0.6799928
674,0.01905866,-0.001108848,0.6888244
675,0.01434918,0.005510539,0.6879393
676,0.01032336,0.003377195,0.6847134
677,0.01385012,-0.003506228,0.684158
678,-0.03502479,-0.05138815,0.6622766
679,-0.03150966,-0.05093717,0.6632089
680,-0.02835985,-0.053937,0.6625271
681,-0.02486675,-0.05321959,0.6647197
682,-0.02183713,-0.05275401,0.6671253
683,-0.01237166,-0.05267086,0.6750074
684,-0.009856887,-0.05155135,0.6739234
685,-0.01264566,-0.04684703,0.6699153
686,-0.01424785,-0.04881047,0.6701917
687,-0.01121222,-0.0516935,0.6740744
688,-0.02024786,0.004956033,0.6752809
689,-0.01956175,0.008844297,0.6782742
690,-0.02293651,0.01223372,0.6781394
691,-0.02378076,0.008537937,0.6746268
692,-0.006511344,0.01212697,0.6801075
693,-0.01011347,0.01246291,0.6800114
694,-0.001166429,0.006376669,0.6813665
695,-0.002856854,0.01192798,0.6806793
696,0.009699956,0.009809237,0.68677
697,0.006635018,0.007810276,0.6845181
698,-0.02844353,-0.05073393,0.6645603
699,-0.02530162,-0.05084987,0.666346
700,-0.02211395,-0.05113958,0.6680788
701,-0.01253449,-0.05217808,0.6751413
702,-0.01166607,-0.05239728,0.6751007
703,-0.01490099,-0.04423689,0.6677952
704,-0.01674129,-0.04724914,0.6677673
705,-0.01818777,0.01130809,0.680167
706,-0.01565137,0.005625535,0.6783547
707,-0.01449553,0.008738358,0.6799784
708,-0.0121642,-0.05227714,0.6753668
709,-0.01205574,-0.0519283,0.6744729
710,-0.01513524,-0.05016937,0.670846
711,-0.03059871,0.0119764,0.6680542
712,-0.02995618,0.002665475,0.6616098
713,-0.02708825,-0.0004308783,0.6641734
714,-0.02737889,0.008522745,0.6702521
715,-0.01352771,0.01322172,0.6803628
716,-0.01652228,0.01469982,0.680813
717,0.02544602,0.01089934,0.7009151
718,0.01986397,0.01470786,0.6969788
719,0.01907038,0.01131545,0.6946556
720,0.02482367,0.006483231,0.6979983
721,-0.01248326,-0.05206538,0.6750271
722,-0.01599891,-0.0514253,0.6723021
723,-0.01767985,-0.04876734,0.6680503
724,-0.0337682,0.01914318,0.6688163
725,-0.03652446,0.02026344,0.6672988
726,-0.03648713,0.01545687,0.6640574
727,-0.03326988,0.014183,0.6657176
728,-0.01183872,0.02678071,0.6797043
729,-0.01030758,0.01700162,0.6802188
730,-0.007398304,0.01689284,0.6800414
731,-0.008781252,0.02752111,0.6790075
732,-0.004403997,0.01665393,0.6803659
733,-0.005328031,0.02764276,0.6789603
734,0.0144676,0.01815892,0.6929447
735,0.01348352,0.01514742,0.691485
736,0.01894494,0.0247755,0.695446
737,0.01970799,0.02159603,0.69745
738,0.02535098,0.02023263,0.703258
739,0.02389951,0.02514703,0.7010273
740,-0.01905997,-0.05099569,0.6700913
741,-0.01850646,-0.01707436,0.670624
742,-0.02029039,-0.01295981,0.6670603
743,-0.02060813,-0.01343727,0.664889
744,-0.01929436,-0.0159683,0.6680662
745,-0.02090424,-0.01688932,0.6620338
746,-0.02081877,-0.01427936,0.6626619
747,-0.02303186,-0.01229031,0.65924
748,-0.02288275,-0.01542065,0.6581867
749,0.001341954,0.02596517,0.6806819
750,0.001204293,0.0173942,0.6819022
751,0.003364827,0.01816088,0.682917
752,0.003151659,0.02544737,0.681546
753,0.00999473,0.02036344,0.6882889
754,0.008948214,0.01888625,0.6872941
755,0.01642194,0.03019434,0.6897069
756,0.0178105,0.02755154,0.6927073
757,0.0222805,0.02924323,0.6975132
758,0.02064794,0.03299649,0.6935275
759,-0.02158703,-0.03884383,0.6627795
760,-0.02540357,-0.03715413,0.6611847
761,-0.02601573,-0.04240294,0.6602221
762,-0.02303395,-0.04338132,0.661852
763,-0.01897194,-0.02034941,0.6690343
764,-0.01899575,-0.02270322,0.6712218
765,-0.02908515,-0.00545029,0.6548668
766,-0.03224263,-0.00351036,0.6523389
767,-0.03244895,-0.007041097,0.6494129
768,-0.02898423,-0.008565702,0.6522998
769,-0.03616757,0.00652682,0.6575125
770,-0.03277766,0.004873112,0.659319
771,-0.0315796,0.02266484,0.6731916
772,-0.02729443,0.01687586,0.6770733
773,-0.02715676,0.02461551,0.6779007
774,-0.02962426,0.03152502,0.6727772
775,-0.01325613,0.01736775,0.6806664
776,-0.01438665,0.02599185,0.6805605
777,-0.01670163,0.02454228,0.6815301
778,-0.01575367,0.01862719,0.6814392
779,0.01211303,0.02887272,0.6860536
780,0.01344813,0.02695585,0.6884121
781,0.01876136,0.03661511,0.6898847
782,0.01378245,0.03279583,0.685987
783,-0.02095799,-0.02342918,0.6686808
784,-0.02285283,-0.0230025,0.6674352
785,-0.0245635,-0.02455904,0.6663766
786,-0.02041601,-0.02636129,0.6695362
787,-0.02275326,-0.02166324,0.6642975
788,-0.02287029,-0.02050329,0.6622483
789,-0.02501708,-0.01894427,0.6585818
790,-0.03236489,-0.01177904,0.6479201
791,-0.02881695,-0.01272279,0.6509827
792,-0.03316025,0.03436144,0.6697516
793,-0.03405192,0.0246541,0.6706542
794,0.01023097,0.03031602,0.6840213
795,-0.03325735,-0.03554621,0.6590367
796,-0.02911403,-0.0356742,0.6599519
797,-0.03049139,-0.03001562,0.6610778
798,-0.03495,-0.03021482,0.6599406
799,-0.03308035,-0.01554514,0.6479965
800,-0.02974667,-0.01573183,0.6507518
801,-0.03596332,-0.002286036,0.6506189
802,-0.03632319,-0.006312948,0.6477504
803,-0.02036579,0.04053562,0.6709068
804,-0.02474473,0.04579059,0.6680959
805,0.007070795,0.02803324,0.682093
806,0.008673437,0.02724769,0.683893
807,0.01034837,0.03539646,0.6824243
808,0.00761332,0.03203001,0.6816491
809,-0.03007478,-0.04508547,0.6596859
810,-0.03152676,-0.05018904,0.6628994
811,-0.02857218,-0.05004264,0.6642886
812,-0.02741496,-0.04563267,0.6611502
813,-0.03177381,-0.04054826,0.6581929
814,-0.02860327,-0.04132943,0.6590928
815,-0.03165282,-0.0180616,0.6508907
816,-0.03386652,-0.02021428,0.65232
817,-0.0361983,-0.01138457,0.6461734
818,-0.03565858,0.03543724,0.6690763
819,-0.03615765,0.02635233,0.6698047
820,-0.02003632,0.03422296,0.676526
821,0.004963875,0.0289402,0.680569
822,-0.03639617,-0.01542411,0.6465251
823,-0.03156777,0.04539252,0.6677232
824,-0.01632946,0.03588568,0.6760269
825,-0.01607073,0.04204316,0.6708736
826,-0.01825138,0.03003664,0.6796376
827,-0.01549418,0.03215097,0.6785514
828,0.01413658,0.0402007,0.6840637
829,-0.03369017,-0.04522445,0.6586334
830,-0.03484761,-0.02330043,0.6581807
831,-0.03399551,-0.02240224,0.6579829
832,-0.03457046,-0.02152318,0.6546607
833,-0.03562174,-0.02216991,0.6543563
834,-0.03508855,-0.02077498,0.6514848
835,-0.03406755,-0.01860436,0.6493095
836,-0.03696021,-0.01887238,0.6480149
837,-0.03734179,-0.02141918,0.650663
838,-0.01824401,0.04840909,0.6685542
839,-0.01034868,0.04315479,0.6717764
840,-0.01196044,0.03740439,0.6756831
841,-0.01746694,0.02780389,0.6801707
842,-0.01463376,0.02950619,0.6791411
843,-0.01897709,0.02221256,0.6832119
844,-0.01927946,0.02083413,0.6825576
845,-0.01781528,0.02013746,0.6825024
846,-0.01834519,0.02317708,0.6825541
847,0.006340649,0.03777685,0.6793277
848,0.008855518,0.04321668,0.6796286
849,0.003592227,0.04624995,0.676912
850,0.0006792657,0.03935944,0.676801
851,-0.03606583,-0.02631313,0.6592392
852,-0.03711062,-0.02400043,0.6576346
853,-0.03504138,-0.05044545,0.6619053
854,-0.03212333,-0.02576086,0.6603794
855,-0.03151345,-0.02359067,0.660769
856,-0.02778153,-0.02463798,0.663878
857,-0.03759018,-0.02283699,0.6538837
858,-0.01164992,0.05076529,0.67012
859,-0.01151004,0.03381515,0.6774201
860,-0.02344282,0.02223275,0.6811843
861,-0.02104842,0.02233059,0.6817408
862,0.004380781,0.02650964,0.6812454
863,0.00263783,0.02712528,0.6801219
864,0.003730319,0.0336202,0.6792814
865,0.001179755,0.03024931,0.6786674
866,-0.003399083,0.04507662,0.6735504
867,-0.006009925,0.03860386,0.6755863
868,-0.007119153,0.03469069,0.6770147
869,-0.01137302,0.0305539,0.6781547
870,-0.01707105,0.0257762,0.6807115
871,-0.01463737,0.0275333,0.6795513
872,-0.001946453,0.03470887,0.6773874
873,-0.00355077,0.03104928,0.6774493
874,-0.007977633,0.03121039,0.6774955
875,-0.0118201,0.02855794,0.6786643
876,-0.001751568,0.02687527,0.679568
877,-0.0009934567,0.02828984,0.6786849
878,0.01602123,0.08174157,0.7053907
879,0.007317204,0.08781499,0.6980026
880,0.005613558,0.07875939,0.6905029
881,0.01438646,0.0735961,0.698687
882,-0.008505253,0.02914613,0.6779947
883,-0.00482923,0.02917312,0.6779326
884,-0.001557011,0.0923686,0.6928357
885,-0.003017329,0.08194461,0.6845073
886,-0.01008003,0.09561646,0.6888661
887,-0.01914163,0.08546665,0.6774887
888,-0.01120621,0.08375104,0.6802817
889,-0.01804971,0.09793209,0.686421
890,-0.02606794,0.09923466,0.6847041
891,-0.03422171,0.09965688,0.6835263
892,-0.03451436,0.08617157,0.67476
893,-0.02683433,0.08595967,0.6755701
894,-0.02664227,0.07227653,0.6713833
895,-0.0255416,0.05916252,0.6678262
896,-0.01758799,0.05990434,0.6693603
897,-0.01908157,0.07208849,0.6726797
898,-0.0101528,0.06032258,0.6733076
899,-0.01157696,0.07183829,0.6749466
900,-0.004226334,0.0710725,0.678952
901,-0.003331874,0.06015622,0.6769959
902,0.003522668,0.05920064,0.6804187
903,0.003798675,0.06887543,0.6842381
904,0.0113685,0.05584086,0.6860443
905,0.01290699,0.06473024,0.6916662
906,0.01991962,0.06077693,0.6993449
907,0.01832431,0.05242943,0.6947305
908,0.02339639,0.04899454,0.701286
909,0.02511743,0.05515341,0.7057577
910,-0.01421917,-0.07453683,0.676245
911,-0.02130622,-0.01930115,0.6619556
912,-0.02345438,-0.01758928,0.6579711
913,-0.02070564,-0.02104452,0.6655108
914,-0.02744307,0.01253679,0.6734183
915,-0.02637067,-0.007920027,0.657851
916,-0.02646965,-0.01022557,0.6551872
917,-0.02307719,-0.01062593,0.6613102
918,-0.02610674,-0.01379038,0.6541032
919,-0.0264743,-0.01616468,0.6542208
920,-0.02765378,-0.01774021,0.6549429
921,0.003811013,-0.01038486,0.6773676
922,-0.003691576,-0.008409854,0.6754894
923,0.001628913,-0.004438072,0.6785953
924,0.0002578087,0.00180269,0.6805579
925,-0.00135861,0.01686497,0.6809875
926,0.003499322,0.013379,0.683015
927,0.0006557927,0.01233624,0.6817153
928,0.002958659,0.006837096,0.682777
929,0.02264657,-0.04258038,0.6973981
930,0.01681773,-0.04447027,0.6902226
931,0.02742188,-0.04039913,0.7063931
932,0.02774993,-0.03166677,0.7030331
933,0.0224124,-0.0336557,0.6941606
934,0.0299908,0.002055377,0.7042308
935,0.02785689,-0.003607873,0.6994287
936,0.01652925,-0.0357229,0.6865004
937,0.006814782,-0.08199358,0.7033957
938,0.01095587,-0.01090165,0.680936
939,0.02332417,-0.007468607,0.6923264
940,0.01744118,-0.01020801,0.685938
941,-0.0104915,-0.005538896,0.6747352
942,-0.02364635,-0.0086836,0.6634207
943,-0.0265737,-0.005495105,0.6602293
944,-0.03598617,0.0008836202,0.6532513
945,-0.03244948,-0.0005664527,0.6549361
946,0.005884357,0.01487925,0.684484
947,0.01217421,0.01255055,0.6893637
948,0.007786453,0.01692466,0.6860615
949,0.01731432,0.008294057,0.6916138
950,0.008049659,-0.004540276,0.6808013
951,0.0266563,0.03232655,0.704583
952,0.02361819,0.03732991,0.6996754
953,0.02039017,0.04167627,0.6950489
954,0.01566032,0.04520412,0.6886848
955,0.009816766,0.04863996,0.6826149
956,0.003341176,0.05103948,0.6780251
957,-0.003671102,0.05153468,0.6740202
958,-0.0340963,0.07215051,0.670588
959,-0.03312684,0.05842162,0.6677446
960,-0.01622199,-0.03635288,0.6669706
961,-0.01802335,-0.04134628,0.6649792
962,-0.02943836,-0.002615549,0.6573273
963,-0.02097644,-0.04725829,0.665016
964,-0.01978498,-0.04525621,0.6646363
965,-0.02411119,-0.04626419,0.6627188
966,-0.02226689,-0.05059996,0.6678985
967,-0.02532102,-0.05013294,0.6660596
968,-0.02383088,0.01811376,0.6812428
969,-0.02105796,0.01487181,0.6803756
970,-0.01913661,0.01734758,0.6814942
971,-0.02099549,0.019383,0.6823906
972,-0.03113765,0.01676069,0.6710171
973,-0.01636283,0.001629371,0.6758166
974,-0.01610329,-0.002263468,0.6741232
975,-0.01947534,0.02240612,0.6823899
976,0.03857232,-0.006099157,0.7345156
977,0.039146,0.002559323,0.7347846
978,0.03751815,0.003781762,0.7245688
979,-0.01646666,-0.0132748,0.6721429
980,-0.02623661,-0.02730528,0.6647245
981,-0.0327445,-0.0205594,0.6559662
982,-0.029534,-0.02028403,0.659465
983,0.007427759,0.02161874,0.6856719
984,0.006369762,0.02050481,0.684786
985,0.005849909,0.02560745,0.6827431
986,0.004987117,0.0192167,0.6837951
987,0.004916761,0.02475672,0.6828862
988,0.02285365,0.07467005,0.7126058
989,0.021318,0.06799586,0.7054784
990,0.007112861,0.02484672,0.6842009
991,0.009446487,0.02576112,0.6856483
992,0.006209373,0.02410121,0.6842881
993,-0.02792538,-0.1018112,0.6947247
994,-0.02707601,-0.10384,0.7036911
995,-0.02092417,-0.1004173,0.6959182
996,-0.01359622,-0.09738691,0.6972543
997,-0.006494459,-0.09293136,0.6996174
998,-0.01201263,-0.09841748,0.706025
999,-0.004783064,-0.09365545,0.7076297
1000,-0.02083648,-0.03281272,0.6655321
1001,-0.01976852,-0.1019941,0.704809
1002,0.005550679,0.002210148,0.6822377
1003,0.01731718,-0.07404853,0.7204276
1004,0.03152714,-0.03807575,0.7154456
1005,0.02286434,0.002445053,0.6938749
1006,0.01473475,0.02260206,0.6924428
1007,0.01423128,0.02472236,0.6907251
1008,0.01043325,0.02300641,0.6882719
1009,0.01007792,0.02449247,0.6871862
1010,0.007939186,0.02318519,0.6860522
1011,0.007935215,0.02396445,0.6855515
1012,0.006821945,0.02352395,0.6854805
1013,0.03449019,-0.03692612,0.7281634
1014,0.03063381,0.007559706,0.7072505
1015,0.01049632,0.02178435,0.688538
1016,0.007835764,0.02246227,0.6859295
1017,0.01499074,0.02048504,0.6932741
1018,0.02011816,0.01815826,0.6978179
1019,0.02548039,0.01543242,0.7024825
1020,-0.02592362,-0.03132155,0.6633124
1021,-0.01963901,-0.0164904,0.6655321
1022,-0.01959305,-0.0191012,0.6661204
1023,0.0347092,0.005344037,0.7152129
1024,0.03630196,-0.02887495,0.7312415
1025,0.03504143,-0.03777633,0.7386662
1026,0.02713931,0.06096207,0.7118152
1027,0.0287852,0.06719981,0.7195562
1028,0.04001973,0.001119085,0.7458746
1029,0.03943193,-0.008171633,0.7461523
1030,0.03664284,-0.02899174,0.7427956
1031,0.01904751,-0.07332116,0.7305048
1032,-0.02645405,-0.1052739,0.7109656
1033,-0.01860493,-0.1030051,0.7122952
1034,-0.01100789,-0.09937269,0.7140918
1035,-0.003840495,-0.09445783,0.7157208
1036,-0.01023082,-0.1005876,0.7210836
1037,-0.00247813,-0.09501983,0.7236265
1038,-0.01787112,-0.1045871,0.7190552
1039,-0.02580298,-0.107128,0.7175571
1040,0.003960118,-0.08814208,0.7173551
1041,0.002544265,-0.08807674,0.7090342
1042,0.01259277,-0.08118547,0.7286252
1043,0.00531714,-0.08847556,0.7262968
1044,-0.002183538,-0.08660927,0.6948873
1045,0.0005933307,-0.08771979,0.7019919
1046,0.009230126,-0.08204861,0.7104195
1047,0.01103605,-0.08148812,0.7190202
1048,0.02720078,0.04356013,0.7069009
1049,0.02864803,0.0264018,0.7081491
1050,0.02942501,0.04797047,0.7119609
1051,0.03007889,0.03723722,0.7121981
1052,0.03232976,0.02876256,0.7161228
1053,0.03475074,0.03061888,0.7224692
1054,0.03260257,0.04014312,0.7180027
1055,0.03201382,0.0527078,0.7184792
1056,0.03520926,0.04304978,0.7247544
1057,0.03727014,0.03233865,0.7298314
1058,0.03398873,0.05795053,0.7276818
1059,0.03809721,0.04589419,0.7343019
1060,0.03979189,0.03349344,0.739924
1061,0.03932795,0.01175183,0.7341848
1062,0.0375401,0.01224442,0.7248874
1063,0.03485065,0.01269039,0.7165895
1064,0.04025428,0.01098651,0.744366
1065,0.04008363,0.02160436,0.7426327
1066,0.03922367,0.0215118,0.7328734
1067,0.03031142,0.01950099,0.7100075
1068,0.03063582,0.01353763,0.7089264
1069,0.03429733,0.02037143,0.7177573
1070,0.03685752,0.02106512,0.7246815
1071,0.00722171,0.02301241,0.6861109
1072,-0.0381572,-0.05058272,0.6616075
1073,-0.106679,-0.03911626,0.7260988
1074,0.03363533,-0.03454306,0.7216882
1075,-0.06108279,0.02272159,0.6832303
1076,-0.0601251,0.02418984,0.6824223
1077,-0.05856925,0.02532074,0.6822029
1078,-0.05617497,0.02824043,0.6792076
1079,-0.05740388,0.03766226,0.6715142
1080,-0.05305873,0.03897515,0.6697409
1081,-0.04867902,0.03962072,0.6688792
1082,-0.04095909,0.04043536,0.6680877
1083,-0.03309037,0.04029967,0.6683888
1084,-0.02836672,0.04003874,0.6687986
1085,-0.02359829,0.03929326,0.6701675
1086,-0.02397857,0.02939589,0.6781825
1087,-0.02129997,0.02670878,0.6809352
1088,-0.01974919,0.02550603,0.6810259
1089,-0.0186842,0.02404492,0.6817968
1090,-0.007843951,0.01897932,0.6810412
1091,-0.01068459,0.01917262,0.681265
1092,-0.004864369,0.01850357,0.6810576
1093,0.002718695,0.01929681,0.6832255
1094,0.0006816797,0.01893492,0.682386
1095,-0.01556406,0.0195813,0.6824484
1096,-0.01317498,0.01916401,0.6817198
1097,-0.01769727,0.0207611,0.6830749
1098,-0.0187028,0.02132567,0.6833392
1099,-0.001839768,0.0186628,0.6815782
1100,0.004424736,0.02004548,0.6840596
1101,0.005949158,0.02101214,0.685085
1102,0.006898202,0.02199059,0.6858662
1103,-0.0688713,0.01745306,0.6832524
1104,-0.0717117,0.01707396,0.6832261
1105,-0.07465248,0.0164041,0.6834481
1106,-0.08007531,0.01648493,0.6851221
1107,-0.08206341,0.01671763,0.686094
1108,-0.06634323,0.01758404,0.6835368
1109,-0.06392873,0.01814561,0.6841022
1110,-0.06083386,0.02005424,0.6847774
1111,-0.06182925,0.01943712,0.6845837
1112,-0.07761712,0.0163798,0.684157
1113,-0.08375245,0.01734601,0.6870396
1114,-0.08526853,0.01820536,0.6881731
1115,-0.08622257,0.0191176,0.6890153
1116,-0.08658208,0.02012077,0.6892698
1117,0.00726806,0.02263158,0.686142
1118,-0.05272472,-0.02276582,0.6639799
1119,-0.02561029,-0.02188249,0.6630474
1120,-0.06204524,-0.05378612,0.6775554
1121,-0.06193851,-0.05485835,0.677437
1122,-0.05902176,-0.05289286,0.6764939
1123,-0.05854275,-0.05484477,0.6755686
1124,-0.05628597,-0.05234486,0.6746774
1125,-0.05593856,-0.05423321,0.6740298
1126,-0.04402677,-0.0501032,0.6679612
1127,-0.04394415,-0.05245655,0.6669948
1128,-0.04670335,-0.05256231,0.6683632
1129,-0.04677034,-0.0502937,0.6692697
1130,-0.04073392,-0.05019601,0.6670035
1131,-0.0405774,-0.05250777,0.6659088
1132,-0.03799374,-0.05020425,0.6667061
1133,-0.03787026,-0.05245537,0.6655473
1134,-0.05288761,-0.05353806,0.6720309
1135,-0.05327716,-0.0515223,0.6728449
1136,-0.05007083,-0.05082586,0.6711859
1137,-0.04973827,-0.05281274,0.6703452
1138,-0.06242633,-0.054089,0.6770791
1139,-0.01267129,-0.05305536,0.6759901
1140,-0.01604931,-0.05341448,0.6742866
1141,-0.01583027,-0.05132694,0.675249
1142,-0.01266023,-0.05194739,0.6760756
1143,-0.01890745,-0.05298685,0.6730945
1144,-0.01860811,-0.05102647,0.6737484
1145,-0.03184156,-0.04979184,0.6677397
1146,-0.02879879,-0.04977024,0.668945
1147,-0.02880338,-0.05207337,0.6680403
1148,-0.03168406,-0.05214646,0.6667958
1149,-0.03513307,-0.05238971,0.6658651
1150,-0.03520086,-0.0500705,0.6669441
1151,-0.0222017,-0.0525514,0.6712674
1152,-0.02552501,-0.05208603,0.6698395
1153,-0.02541199,-0.05007473,0.6706039
1154,-0.02214584,-0.05051356,0.6719538
1155,-0.01227311,-0.05227318,0.6755745
1156,-0.002186053,-0.03499024,0.6730694
1157,-0.006741632,-0.02818284,0.6717415
1158,-0.01209228,-0.02175165,0.6718904
1159,-0.01737321,-0.01582436,0.6717883
1160,-0.0206508,-0.01096766,0.6687087
1161,-0.02397566,-0.006605737,0.6654693
1162,-0.02695716,-0.002995737,0.6623285
1163,-0.02976512,0.0001046844,0.6596044
1164,-0.03269098,0.002367791,0.6572997
1165,-0.03606939,0.00391338,0.6556585
1166,-0.04028994,0.00465345,0.6551729
1167,-0.04442766,0.003637247,0.6559776
1168,-0.04758345,0.001889434,0.657847
1169,-0.05020886,-0.0005542412,0.6603481
1170,-0.05264793,-0.003833093,0.663272
1171,-0.05520753,-0.007659532,0.6666194
1172,-0.05801695,-0.01227243,0.6700552
1173,-0.06069954,-0.0173734,0.673305
1174,-0.06550559,-0.02364379,0.6737212
1175,-0.07033458,-0.03048408,0.6738809
1176,-0.07422793,-0.03751031,0.6755513
1177,-0.07805352,-0.05189536,0.6813126
1178,-0.07801515,-0.0583122,0.6836844
1179,-0.07700742,-0.0642077,0.6855668
1180,-0.07125715,-0.07375064,0.6860731
1181,-0.0671778,-0.07819284,0.6845285
1182,-0.0630042,-0.08311342,0.682522
1183,-0.05800201,-0.08801501,0.6796194
1184,-0.05239821,-0.09059509,0.6765411
1185,-0.04654008,-0.09164798,0.674428
1186,-0.04122335,-0.09185448,0.6732776
1187,-0.03626413,-0.09176454,0.6727703
1188,-0.031254,-0.09160724,0.6730968
1189,-0.02588331,-0.09107257,0.6739781
1190,-0.01997917,-0.08966253,0.6757846
1191,-0.01433253,-0.08670056,0.6785445
1192,-0.009370977,-0.08142528,0.681233
1193,-0.005297324,-0.07610966,0.6830838
1194,-0.001484774,-0.07130451,0.6843305
1195,0.003547579,-0.06147867,0.6834151
1196,0.004013482,-0.05549496,0.6813979
1197,0.003396217,-0.04908201,0.6788086
1198,0.006456982,-0.02684097,0.6764568
1199,-0.002782952,-0.02025186,0.672874
1200,-0.009991899,-0.01477934,0.6724268
1201,-0.01598368,-0.0100012,0.6723472
1202,-0.02047229,-0.005616065,0.670753
1203,-0.02404394,-0.001312722,0.6683021
1204,-0.02723261,0.002396028,0.6659043
1205,-0.03008675,0.005413648,0.6635264
1206,-0.03286032,0.007766712,0.661327
1207,-0.03618129,0.009278219,0.6595829
1208,-0.04032038,0.009899359,0.659093
1209,-0.08306196,-0.02986507,0.6793042
1210,-0.07468219,-0.02282092,0.6751951
1211,-0.06795095,-0.01681411,0.6743609
1212,-0.06236131,-0.0115992,0.6739326
1213,-0.05835038,-0.00689451,0.6720912
1214,-0.05526441,-0.00236953,0.669454
1215,-0.05246454,0.001560006,0.6668394
1216,-0.04995312,0.004776023,0.6642618
1217,-0.04748185,0.00729819,0.6618752
1218,-0.04437362,0.009002771,0.6598906
1219,-0.08531503,-0.04072051,0.6838562
1220,-0.08569919,-0.04952909,0.6878666
1221,-0.08523542,-0.05758283,0.6907564
1222,-0.08361781,-0.06489292,0.6928956
1223,-0.07665464,-0.07637306,0.6937957
1224,-0.07195636,-0.08184442,0.6923574
1225,-0.06693195,-0.08710708,0.6901847
1226,-0.06099588,-0.09217136,0.6873047
1227,-0.05462101,-0.09570142,0.6845852
1228,-0.04789729,-0.09786677,0.6826897
1229,-0.04148918,-0.09852478,0.681474
1230,-0.03580308,-0.09847538,0.6811336
1231,-0.03010705,-0.09816992,0.6811809
1232,-0.02368535,-0.09710746,0.6820826
1233,-0.01700912,-0.09453405,0.6836147
1234,-0.01070992,-0.0905965,0.68598
1235,-0.004887003,-0.08516409,0.6885467
1236,-1.811236E-05,-0.07956039,0.6904827
1237,0.004407208,-0.07369631,0.6916745
1238,0.01054269,-0.06174609,0.6903743
1239,0.01148685,-0.05436754,0.6880218
1240,0.01112378,-0.04633658,0.6848975
1241,0.009791665,-0.03766353,0.6806338
1242,0.02027975,-0.01750657,0.688624
1243,0.02642869,-0.01501502,0.6970614
1244,0.03837677,-0.01540733,0.744931
1245,0.03770787,-0.01392392,0.7334823
1246,0.0322851,-0.01094778,0.7079818
1247,0.03595432,-0.0126518,0.7215835
1248,0.01365385,-0.0188081,0.681662
1249,-0.1024154,-0.01908187,0.7011298
1250,-0.09668103,-0.02121428,0.6922565
1251,-0.1105183,-0.01735634,0.7265146
1252,-0.1078361,-0.01543206,0.7125953
1253,-0.1114256,-0.01871381,0.738554
1254,-0.1112254,-0.02014635,0.7500147
1255,-0.0904744,-0.02214732,0.6848315
1256,0.005772538,-0.01774193,0.6764847
1257,-0.08305098,-0.02068425,0.6792549
1258,-0.00997702,-0.01029657,0.6732692
1259,-0.01593517,-0.006380763,0.6728176
1260,-0.002589814,-0.01421725,0.6739179
1261,-0.02404739,0.00161092,0.6695334
1262,-0.02044545,-0.002296049,0.6714661
1263,-0.02723307,0.0050258,0.667558
1264,-0.03018753,0.008350473,0.6655589
1265,-0.03296564,0.01075241,0.6635543
1266,-0.03633986,0.01236953,0.661868
1267,-0.04033188,0.01265069,0.6612551
1268,-0.06256996,-0.007928681,0.674409
1269,-0.06817126,-0.01228056,0.6752198
1270,-0.05849129,-0.00354369,0.6727991
1271,-0.07518914,-0.0167078,0.6762701
1272,-0.04989259,0.007724915,0.6662851
1273,-0.05249555,0.00422601,0.6685008
1274,-0.04740525,0.0102965,0.6640896
1275,-0.04425479,0.01211346,0.6621642
1276,-0.05531354,0.0005737171,0.6706695
1277,-0.09739105,-0.02840946,0.6950572
1278,-0.1025608,-0.02703993,0.7045498
1279,-0.09172055,-0.02964937,0.6866289
1280,-0.07348394,-0.0464238,0.6766765
1281,-0.07682918,-0.04485262,0.6781878
1282,-0.08061573,-0.04294338,0.6803972
1283,0.02760772,-0.02293802,0.7004583
1284,0.02188526,-0.02459842,0.6912974
1285,0.03186546,-0.02141196,0.7105576
1286,0.0155462,-0.02616201,0.6834482
1287,-0.004939348,-0.04531503,0.6736425
1288,-0.002205208,-0.04376226,0.6743973
1289,0.001287531,-0.04221356,0.6754556
1290,0.005068768,-0.04011569,0.6774199
1291,0.03746024,-0.02193268,0.7439035
1292,0.03689013,-0.02129468,0.7326493
1293,0.03514494,-0.02096999,0.7216264
1294,-0.1063952,-0.02581737,0.7150385
1295,-0.1091387,-0.02561884,0.7263818
1296,-0.1101877,-0.02606745,0.737583
1297,-0.1099694,-0.02664866,0.7488821
1298,-0.07059489,-0.04797801,0.6757084
1299,-0.00911545,-0.04827752,0.6720062
1300,-0.007153219,-0.04681676,0.6726707
1301,-0.01232989,-0.05036999,0.6721601
1302,-0.01088427,-0.0493654,0.671903
1303,-0.06445093,-0.05149468,0.6735004
1304,-0.06288066,-0.05231228,0.6736535
1305,-0.06632148,-0.05059822,0.6737273
1306,-0.06836899,-0.04933766,0.6745917
1307,-0.0948744,-0.06874976,0.7355022
1308,-0.09363531,-0.06971569,0.7246577
1309,-0.0915674,-0.07096795,0.7150848
1310,-0.08873382,-0.07153386,0.7072015
1311,-0.0848701,-0.07146344,0.7001542
1312,-0.08074082,-0.07099527,0.6939907
1313,-0.07774817,-0.07038161,0.6897038
1314,-0.07463863,-0.06917639,0.6864436
1315,-0.07155262,-0.06751458,0.6838263
1316,-0.06913956,-0.06555755,0.6819239
1317,-0.06709272,-0.06338339,0.6800118
1318,-0.06504606,-0.06066524,0.678234
1319,-0.06319238,-0.05781096,0.6767151
1320,-0.06192498,-0.05593684,0.6759246
1321,-0.0610299,-0.05425572,0.6752129
1322,-0.06067512,-0.05341435,0.6755848
1323,-0.06047452,-0.05499344,0.6768214
1324,-0.06086282,-0.05337273,0.6773615
1325,-0.0610723,-0.05350064,0.6751626
1326,-0.06181641,-0.05306084,0.6742312
1327,0.02451985,-0.06490499,0.7318963
1328,0.02270199,-0.06595568,0.7213515
1329,0.02017716,-0.06736641,0.7120578
1330,0.01695535,-0.06813759,0.7044116
1331,0.01263424,-0.06824686,0.6976286
1332,0.008196216,-0.06801724,0.6916993
1333,0.004873596,-0.06754323,0.6875981
1334,0.001566131,-0.06657493,0.6844853
1335,-0.001657639,-0.06513267,0.682054
1336,-0.004356852,-0.06338835,0.6804624
1337,-0.006619833,-0.06133666,0.6787174
1338,-0.008974873,-0.05867858,0.6769573
1339,-0.01117093,-0.05602258,0.6755009
1340,-0.01271026,-0.05419833,0.674728
1341,-0.01367755,-0.05260067,0.6739503
1342,-0.01409585,-0.05175378,0.6742857
1343,-0.0140267,-0.05334164,0.6754398
1344,-0.01389337,-0.05165359,0.675975
1345,-0.01385861,-0.05174186,0.6737605
1346,-0.01325575,-0.05122329,0.6728061
