0,-0.1748637,-0.1428912,0.7622128
1,-0.1804092,-0.1422741,0.7579759
2,-0.1935611,-0.1408736,0.7478655
3,-0.2022772,-0.1378381,0.7414987
4,-0.2092353,-0.1298244,0.7373956
5,-0.2117328,-0.1220414,0.7366989
6,-0.2126048,-0.1170796,0.7367333
7,-0.216446,-0.1085917,0.734918
8,-0.2199159,-0.1056801,0.7325937
9,-0.2213382,-0.09968767,0.7323522
10,-0.2212514,-0.09546594,0.7329988
11,-0.230816,-0.02141623,0.7357105
12,-0.2360582,-0.03587901,0.7293285
13,-0.239925,-0.04545152,0.7247806
14,-0.2285218,-0.06860697,0.7307011
15,-0.2270515,-0.07738604,0.7307485
16,-0.2318098,-0.007286467,0.737053
17,-0.2406649,-0.05937595,0.7220615
18,-0.2417091,-0.05523874,0.7218637
19,-0.2273372,-0.08258899,0.7298027
20,-0.2334427,-0.06599408,0.7269107
21,-0.2388578,-0.06265703,0.7230073
22,-0.2264205,-0.08686047,0.7299447
23,-0.2300964,-0.06680451,0.7295765
24,-0.2301859,-0.01557264,0.7371054
25,-0.2383429,-0.04164741,0.7266262
26,-0.2413859,-0.05021879,0.7228842
27,-0.2339418,0.001896031,0.7368179
28,-0.2365635,0.0289816,0.7388573
29,-0.2312733,0.05820625,0.7475347
30,-0.2355789,0.04375655,0.7418972
31,-0.236285,-0.06487444,0.7247583
32,-0.227534,-0.07204406,0.7310668
33,-0.2136191,-0.1125718,0.7365586
34,-0.1875225,-0.1416373,0.7524891
35,-0.2324779,-0.02636956,0.7336354
36,-0.2097321,-0.05193428,0.845769
37,-0.206953,-0.0725065,0.8406387
38,-0.2001639,-0.1240481,0.8046068
39,-0.2018328,-0.1305312,0.7922624
40,-0.1960221,-0.1297279,0.7980208
41,-0.1936664,-0.1227395,0.8116027
42,-0.2164901,-0.1273448,0.7706457
43,-0.2108629,-0.1300454,0.7802346
44,-0.2042847,-0.1173776,0.8105576
45,-0.2188284,-0.1218338,0.7640095
46,-0.2214344,-0.1165357,0.7786546
47,-0.2172017,-0.1187956,0.7897956
48,-0.1975245,-0.1155709,0.8180873
49,-0.2223049,-0.1124645,0.7714639
50,-0.225242,-0.1052095,0.7943067
51,-0.2277717,-0.1051255,0.7824105
52,-0.2127722,-0.1011177,0.8198035
53,-0.2409893,-0.07838679,0.7704697
54,-0.2351213,-0.08175337,0.76595
55,-0.2320284,-0.09384529,0.7731122
56,-0.2349291,-0.0928117,0.7800787
57,-0.2050278,-0.09937336,0.8279371
58,-0.2198009,-0.1183693,0.7611524
59,-0.226892,-0.103323,0.7751708
60,-0.2210162,-0.1148006,0.7584433
61,-0.2229146,-0.1098398,0.7687825
62,-0.2258997,-0.1042596,0.7525988
63,-0.22392,-0.1073251,0.7663565
64,-0.2345125,-0.04813075,0.8214892
65,-0.2076801,-0.0814919,0.8367003
66,-0.225377,-0.100372,0.7613106
67,-0.226002,-0.1008501,0.7701668
68,-0.2261335,-0.1021152,0.7726407
69,-0.2307564,-0.09415961,0.7710581
70,-0.2265514,-0.1003702,0.7508498
71,-0.2260355,-0.09792856,0.7655959
72,-0.2302914,-0.09455948,0.7687485
73,-0.2354008,-0.04028629,0.7654018
74,-0.2364183,-0.04486451,0.7636469
75,-0.2262499,-0.09776331,0.7503629
76,-0.225571,-0.09814835,0.759627
77,-0.2284292,-0.09495349,0.7649394
78,-0.2329511,-0.08540125,0.7627661
79,-0.2335703,-0.0833344,0.7646147
80,-0.2254954,-0.09601654,0.7509205
81,-0.2258277,-0.09647362,0.7587457
82,-0.2258245,-0.09675969,0.764279
83,-0.2306989,-0.09011617,0.7599341
84,-0.2336138,-0.08041369,0.759781
85,-0.2339348,-0.04178766,0.7547765
86,-0.2348709,-0.05237304,0.752062
87,-0.2440852,-0.05037789,0.7816584
88,-0.2435717,-0.04097245,0.7914133
89,-0.2255391,-0.09555588,0.7586385
90,-0.2256368,-0.09580335,0.7634608
91,-0.2271745,-0.09488209,0.7640986
92,-0.233051,-0.08390575,0.7579805
93,-0.2340195,-0.06088663,0.7542257
94,-0.2317117,-0.03419121,0.7585464
95,-0.2330251,-0.03816209,0.7560782
96,-0.2355022,-0.03669635,0.7668325
97,-0.2253247,-0.09527361,0.7632732
98,-0.2262325,-0.09490415,0.7635641
99,-0.2291329,-0.09196219,0.7590927
100,-0.2421189,-0.03827251,0.7833128
101,-0.2424991,-0.03656832,0.787179
102,-0.2397833,-0.02103807,0.8156009
103,-0.225541,-0.09492274,0.7633599
104,-0.22784,-0.0931727,0.7586734
105,-0.2318654,-0.08766709,0.7564979
106,-0.2345885,-0.02879004,0.7404564
107,-0.2381995,-0.03880928,0.7366607
108,-0.2367978,-0.04410102,0.743956
109,-0.2304617,-0.03044225,0.7559267
110,-0.2321125,-0.03428763,0.753055
111,-0.2333185,-0.03486558,0.7636207
112,-0.236537,-0.03200207,0.7673169
113,-0.2370881,-0.02764628,0.7675081
114,-0.2406952,-0.035979,0.8082637
115,-0.2412256,-0.03218112,0.8016649
116,-0.2260191,-0.09404266,0.7586429
117,-0.2315636,-0.08867331,0.7505881
118,-0.2378341,-0.05763773,0.7490658
119,-0.2327856,-0.02352808,0.7421108
120,-0.2325556,-0.02237795,0.7390622
121,-0.2382778,-0.01833204,0.7662957
122,-0.2424134,-0.03278806,0.7801003
123,-0.2426456,-0.02879462,0.7777262
124,-0.2436657,-0.02282033,0.8001053
125,-0.2458301,-0.01088279,0.8064193
126,-0.2339713,-0.0409862,0.8239731
127,-0.2205073,-0.04263122,0.8392306
128,-0.2286632,-0.01374547,0.836094
129,-0.234209,-0.03394119,0.8252772
130,-0.2301354,-0.09051424,0.7498744
131,-0.2316859,-0.07030527,0.7445698
132,-0.2354607,-0.05977195,0.7519353
133,-0.2393372,-0.05874922,0.7475399
134,-0.2396899,-0.05509642,0.7450477
135,-0.2285399,-0.02465025,0.7573025
136,-0.2343803,-0.03073769,0.7648534
137,-0.2451245,-0.02092067,0.7772169
138,-0.2446208,-0.02284613,0.793542
139,-0.2475792,-0.01820063,0.7942858
140,-0.2477315,-0.01546908,0.8001478
141,-0.2223792,-0.01179614,0.844218
142,-0.2328779,-0.01609502,0.8293861
143,-0.2264208,-0.09307584,0.7504376
144,-0.2321331,-0.07855093,0.7394903
145,-0.2340613,-0.06376806,0.7527913
146,-0.2384558,-0.06371988,0.7464942
147,-0.2410867,-0.05707233,0.7437526
148,-0.2420295,-0.05004132,0.7364572
149,-0.2425029,-0.04798543,0.7325077
150,-0.2379434,-0.03698954,0.7329431
151,-0.2296523,-0.0255904,0.7520422
152,-0.2312679,-0.01967161,0.7467267
153,-0.2359696,-0.01855139,0.7647706
154,-0.2413616,0.0003140047,0.8190449
155,-0.232194,-0.0842274,0.7393993
156,-0.2325081,-0.06662546,0.7510561
157,-0.2352594,-0.06548981,0.7468105
158,-0.2370268,-0.06468637,0.7454312
159,-0.241253,-0.06033402,0.7430238
160,-0.2406264,-0.06241241,0.7423839
161,-0.2340323,-0.01230022,0.7480833
162,-0.2349285,-0.009660326,0.7437994
163,-0.2502818,-0.01237439,0.796109
164,-0.2493183,-0.01602784,0.7897009
165,-0.2300659,-0.0877617,0.7384089
166,-0.2305673,-0.07796397,0.7352728
167,-0.230486,-0.06882562,0.7330779
168,-0.2389407,-0.06343818,0.7414842
169,-0.2439117,-0.05775534,0.7340425
170,-0.24442,-0.05667982,0.729379
171,-0.2432341,-0.06028216,0.7287028
172,-0.2429881,-0.06061639,0.733005
173,-0.2419013,-0.0464513,0.728534
174,-0.2449826,-0.02295115,0.788139
175,-0.2477095,-0.01952483,0.7887242
176,-0.2488008,-0.00693398,0.8005884
177,-0.2425368,0.01350515,0.8175882
178,-0.2452227,0.007150561,0.8116559
179,-0.2255444,-0.09189097,0.738795
180,-0.2412487,-0.06265574,0.7315298
181,-0.2410105,-0.06303239,0.728632
182,-0.2354071,-0.06565118,0.7303925
183,-0.2344157,-0.00865262,0.7412257
184,-0.2302463,-0.0181732,0.7527
185,-0.2331861,-0.02517249,0.7639603
186,-0.232514,-0.02886702,0.762789
187,-0.2335943,-0.0194492,0.763501
188,-0.2453036,-0.0223244,0.7814392
189,-0.2490094,-0.01680568,0.7818874
190,-0.2240654,-0.09572085,0.7394677
191,-0.2312503,-0.08306933,0.7359449
192,-0.2436228,-0.05592917,0.7252763
193,-0.2424629,-0.05985786,0.7251765
194,-0.2394124,-0.01129412,0.7596775
195,-0.2446069,-0.005778931,0.7569843
196,-0.2294566,-0.02374471,0.7603062
197,-0.2306038,-0.02251351,0.761882
198,-0.2439403,-0.02631195,0.7837257
199,-0.2476115,-0.02021862,0.782222
200,-0.2530669,-0.006344832,0.7813173
201,-0.2505508,-0.01146165,0.7791868
202,-0.2287502,-0.08733039,0.7344827
203,-0.2324152,-0.06674962,0.7377048
204,-0.2325718,-0.06631634,0.7334104
205,-0.2334258,-0.06560962,0.7339518
206,-0.2402718,-0.06302104,0.7255208
207,-0.2345029,-0.06606042,0.7284824
208,-0.2462426,0.0006664321,0.7543234
209,-0.2373498,-0.01427051,0.7621146
210,-0.2305147,-0.0211539,0.7626163
211,-0.2454264,-0.02157995,0.7792004
212,-0.2476211,-0.01929456,0.7794119
213,-0.2527359,0.001830027,0.7758512
214,-0.2383587,0.02043145,0.8243742
215,-0.2242677,-0.09177791,0.7350405
216,-0.2315802,-0.06671783,0.731227
217,-0.2470616,-0.005148254,0.7618434
218,-0.2489535,0.00205303,0.760105
219,-0.2424509,-0.01037506,0.7628137
220,-0.2301326,-0.02103227,0.7600342
221,-0.2486989,-0.01519692,0.777213
222,-0.2523418,-0.003214777,0.7755431
223,-0.2492492,-0.009636819,0.7732729
224,-0.2512399,0.002438232,0.7681667
225,-0.2227288,-0.09574649,0.7357598
226,-0.2461205,-0.009666122,0.7674046
227,-0.2502811,-0.003828734,0.7682663
228,-0.2408261,-0.0132385,0.7643929
229,-0.2370574,-0.01602855,0.7634617
230,-0.2367593,-0.01738089,0.7638813
231,-0.2477633,0.0261895,0.799552
232,-0.2447188,0.03488746,0.8060448
233,-0.2439291,-0.01304208,0.7675025
234,-0.247001,-0.01784191,0.7752938
235,-0.2468079,-0.01369685,0.7716713
236,-0.2399418,-0.01572546,0.7652754
237,-0.2393052,-0.01695661,0.7655359
238,-0.2443351,-0.01974705,0.7741407
239,-0.249732,0.03156994,0.7880455
240,-0.2426288,-0.01573088,0.767458
241,-0.2407632,-0.0181529,0.7682894
242,-0.2418679,-0.01701543,0.7676888
243,-0.2452525,-0.01660102,0.7708597
244,-0.2428473,-0.01857779,0.7709982
245,-0.2464332,0.04128609,0.7950774
246,-0.2460816,0.04643545,0.7852595
247,-0.2448059,0.05038046,0.7765454
248,-0.246567,0.03993265,0.7615229
249,-0.2486855,0.03752903,0.7692288
250,-0.2424846,0.05352182,0.7688255
251,-0.2445051,0.02682085,0.7511677
252,-0.2477918,0.02563318,0.7575793
253,-0.2503182,0.02466244,0.7645339
254,-0.2514836,0.02353569,0.7724394
255,-0.2518526,0.02096972,0.7817045
256,-0.2508441,0.01651537,0.7931929
257,-0.2321614,-0.01795297,0.7434025
258,-0.2320132,-0.01649354,0.741011
259,-0.2314333,-0.0318872,0.7608939
260,-0.2316233,-0.02999261,0.7496333
261,-0.2358359,-0.04788719,0.7479571
262,-0.2314915,-0.06940744,0.752214
263,-0.2334985,-0.08238973,0.7478987
264,-0.2325109,-0.08673378,0.7460953
265,-0.2417713,-0.02900374,0.7751469
266,-0.2415706,-0.03348351,0.7769839
267,-0.2411456,-0.03885674,0.7792325
268,-0.2424054,-0.04353209,0.7808105
269,-0.2420252,-0.04969808,0.7751563
270,-0.2302907,-0.08851442,0.7417809
271,-0.2261462,-0.09205178,0.742393
272,-0.2247771,-0.09568939,0.7430122
273,-0.2325572,-0.08824194,0.8018916
274,-0.2348039,-0.09020823,0.7929592
275,-0.2239076,-0.08341149,0.8198262
276,-0.2281056,-0.07581168,0.8186909
277,-0.2401641,-0.08207824,0.7907588
278,-0.2419287,-0.03157363,0.7932983
279,-0.2431661,-0.02976508,0.7855451
280,-0.2119779,-0.04293238,0.8465157
281,-0.2498452,0.03523558,0.7779418
282,-0.2399024,0.04262722,0.7479947
283,-0.2379241,-0.05284103,0.7459271
284,-0.2403739,-0.0468636,0.7378091
285,-0.2408689,-0.04475886,0.7340254
286,-0.2403862,-0.04306841,0.7302766
287,-0.2448603,-0.02291766,0.7833329
288,-0.2429295,-0.03159115,0.7829695
289,-0.2423865,-0.034078,0.7908444
290,-0.2428343,-0.03836861,0.7961015
291,-0.2417942,-0.04031064,0.8057789
292,-0.2435594,-0.05342872,0.734857
293,-0.2440515,-0.05181246,0.7304221
294,-0.2432346,-0.050726,0.7263494
295,-0.235603,0.05723105,0.7542716
296,-0.2319083,-0.0657045,0.7542253
297,-0.2363507,-0.05689542,0.750592
298,-0.2292009,-0.02059954,0.7575761
299,-0.2375943,-0.06382388,0.7599568
300,-0.234144,-0.06851606,0.7585908
301,-0.2335648,-0.07127691,0.7577778
302,-0.2392303,-0.0476891,0.7690279
303,-0.2379319,-0.04215549,0.7703048
304,-0.2376422,-0.03794368,0.7706957
305,-0.2385643,-0.03279661,0.7702553
306,-0.231975,-0.06782515,0.7426333
307,-0.2333109,-0.07485471,0.7561225
308,-0.2335002,-0.07991901,0.7546382
309,-0.2330686,-0.08496031,0.7522575
310,-0.2301735,-0.09060635,0.7552997
311,-0.2290306,-0.09197479,0.7547562
312,-0.2261946,-0.09349258,0.754621
313,-0.2255342,-0.09587529,0.7548538
314,-0.2302493,-0.02809788,0.7588755
315,-0.2309178,-0.02596788,0.761198
316,-0.2315869,-0.02038389,0.7627712
317,-0.2358288,-0.06516311,0.7314525
318,-0.2319419,-0.06868079,0.7370513
319,-0.240468,-0.06239944,0.7371746
320,-0.2319327,-0.06778102,0.7467149
321,-0.2374776,-0.06512583,0.7267283
322,-0.2382379,-0.06474605,0.7290605
323,-0.2383973,-0.06428097,0.7305733
324,-0.2361004,-0.06429212,0.7337241
325,-0.2464806,-0.02092402,0.7798966
326,-0.2463967,-0.02027591,0.7777268
327,-0.2455686,-0.01887996,0.7740098
328,-0.2440635,-0.01759043,0.7705335
329,-0.2308709,-0.02108587,0.7616721
330,-0.2314074,-0.02333,0.7630077
331,-0.2350428,-0.02682307,0.7654334
332,-0.2389343,-0.02818982,0.7697284
333,-0.2432407,-0.02835734,0.780091
334,-0.2484921,-0.01834679,0.7856854
335,-0.2418094,0.02777202,0.8155448
336,-0.2455374,0.02044582,0.8089849
337,-0.2483205,0.01258101,0.8034395
338,-0.2517521,-0.003663562,0.7923092
339,-0.2526186,-0.009147957,0.7884841
340,-0.2504611,-0.01378396,0.7845472
341,-0.2460904,-0.02171569,0.7820857
342,-0.2470979,-0.02094614,0.7847517
343,-0.2436787,-0.02748611,0.7819625
344,-0.2393447,0.0002320111,0.7440792
345,-0.2425851,-0.0007314309,0.7492158
346,-0.2419066,-0.0065929,0.7536305
347,-0.2367006,-0.01213127,0.7571815
348,-0.2345153,-0.01563997,0.7607095
349,-0.23435,-0.01699696,0.7619176
350,-0.2341295,-0.01851951,0.7626518
351,-0.2340402,-0.07740629,0.7614003
352,-0.2351507,-0.07534195,0.7623746
353,-0.2402746,-0.07088339,0.7646197
354,-0.2408554,-0.05314994,0.7687763
355,-0.2229536,-0.09990203,0.7348077
356,-0.2219653,-0.1056891,0.7351192
357,-0.2184985,-0.108889,0.7375173
358,-0.2147889,-0.1176876,0.7399891
359,-0.2138348,-0.122622,0.7397969
360,-0.2117842,-0.1303667,0.7412495
361,-0.2054903,-0.1382695,0.7460209
362,-0.1975738,-0.1412641,0.7531133
363,-0.1851459,-0.1427706,0.7643011
364,-0.1796285,-0.1432613,0.7690427
365,-0.2247435,-0.0996135,0.7381573
366,-0.224273,-0.1047862,0.7383313
367,-0.2209919,-0.1088736,0.7406931
368,-0.2166288,-0.1182566,0.7437278
369,-0.2159295,-0.1234008,0.743862
370,-0.2143971,-0.1304268,0.7459497
371,-0.2085001,-0.1380631,0.751667
372,-0.2011329,-0.1409401,0.7591048
373,-0.1889721,-0.1418369,0.7708972
374,-0.1836879,-0.1419048,0.7762235
375,-0.225837,-0.0991723,0.7416365
376,-0.2258152,-0.1035726,0.7419071
377,-0.2232004,-0.1082556,0.7439714
378,-0.218026,-0.1185342,0.7477155
379,-0.2173586,-0.1236487,0.7485666
380,-0.2162085,-0.1296711,0.7518648
381,-0.2115615,-0.1364585,0.7580085
382,-0.2046844,-0.1387936,0.7656881
383,-0.1933621,-0.139179,0.7780263
384,-0.1875299,-0.1391154,0.7835582
385,-0.2257751,-0.09691193,0.7548884
386,-0.2259547,-0.09879902,0.7555706
387,-0.2260653,-0.1020009,0.757578
388,-0.2211864,-0.1141617,0.7653354
389,-0.2204736,-0.1171041,0.7680877
390,-0.2187452,-0.1216648,0.7749626
391,-0.2137588,-0.1248784,0.7857845
392,-0.2058209,-0.1253634,0.7982206
393,-0.232173,-0.07442304,0.7442849
394,-0.2315879,-0.07287887,0.7389586
395,-0.2298839,-0.07257225,0.7344069
396,-0.2319324,-0.087794,0.7611605
397,-0.2295954,-0.09482279,0.7665087
398,-0.2259607,-0.09940141,0.7675925
399,-0.2248399,-0.1040895,0.7638902
400,-0.224342,-0.1071211,0.7601828
401,-0.2230585,-0.1102798,0.7557946
402,-0.2196735,-0.113195,0.7466029
403,-0.2177273,-0.1135017,0.7431046
404,-0.2156501,-0.1130176,0.7395312
405,-0.1919484,-0.1420197,0.7584277
406,-0.1954706,-0.1415142,0.7647456
407,-0.1994501,-0.1393838,0.7716959
408,-0.2064679,-0.1306778,0.7867168
409,-0.2101547,-0.1257057,0.7922818
410,-0.2140581,-0.1196863,0.7969075
411,-0.2226461,-0.104773,0.8026124
412,-0.2371342,-0.07964228,0.8001525
413,-0.2448618,-0.05626208,0.7920802
414,-0.2449199,-0.04973447,0.7883573
415,-0.2434308,-0.04277733,0.786159
416,-0.2100426,-0.1190843,0.8036702
417,-0.2188145,-0.1032387,0.8109651
418,-0.2283505,-0.0857557,0.8110966
419,-0.2330631,-0.07741689,0.8096761
420,-0.2434151,-0.05352633,0.8006156
421,-0.2282619,-0.09765896,0.7701376
422,-0.2284281,-0.09793463,0.7728761
423,-0.2295731,-0.09833694,0.7750894
424,-0.2314414,-0.09888422,0.7819215
425,-0.2296393,-0.09773847,0.7941332
426,-0.2276442,-0.09669156,0.8029306
427,-0.2234093,-0.09467078,0.812498
428,-0.2174703,-0.09096897,0.8234296
429,-0.2079827,-0.09052599,0.832344
430,-0.2278255,-0.09719236,0.767539
431,-0.2271388,-0.09652029,0.7658093
432,-0.2264821,-0.09580322,0.764707
433,-0.2259203,-0.09539489,0.7641706
434,-0.2253931,-0.09513028,0.7638113
435,-0.2432497,-0.04418999,0.8015823
436,-0.2432251,-0.02791673,0.7872754
437,-0.2419801,-0.0355121,0.7994797
438,-0.2418819,-0.02870429,0.795041
439,-0.2432949,-0.02655317,0.7887579
440,-0.2441871,-0.02339466,0.7845629
441,-0.2440657,-0.02529475,0.7851554
442,-0.2448307,-0.02316237,0.7855069
443,-0.2408143,0.02791243,0.7450349
444,-0.243716,0.04132304,0.7544943
445,-0.2393768,0.05577213,0.7614605
446,-0.2342581,-0.0274025,0.7369617
447,-0.2334118,-0.03430823,0.7476982
448,-0.2335161,-0.03839674,0.7512569
449,-0.2376523,-0.04952335,0.7630503
450,-0.2437355,-0.05583912,0.7758675
451,-0.2450189,-0.05678722,0.7838153
452,-0.2409609,-0.04962905,0.8084699
453,-0.2392818,-0.04420776,0.8133212
454,-0.2530793,-0.0005284771,0.7835222
455,-0.2157963,-0.08167117,0.829887
456,-0.2271522,-0.0501667,0.8302813
457,-0.2188377,-0.05102748,0.838174
458,-0.2445597,-0.04759419,0.7953956
459,-0.2381906,-0.03899203,0.8159679
460,-0.2384284,0.005587436,0.8256841
461,-0.2278787,-0.04223871,0.831849
462,-0.2331381,0.01159266,0.8333589
463,-0.2423122,-0.02238243,0.8074906
464,-0.240516,-0.04336189,0.775511
465,-0.2397355,-0.03885659,0.7750503
466,-0.2402515,-0.03347936,0.773536
467,-0.2404201,-0.02881575,0.7723075
468,-0.2391687,-0.06139847,0.7469211
469,-0.2437759,-0.02422469,0.7853168
470,-0.2442298,-0.02450847,0.785658
471,-0.2436131,-0.02525612,0.7893113
472,-0.2421591,-0.02653864,0.7956808
473,-0.2411839,-0.02888209,0.8024342
474,-0.2403232,-0.03158626,0.8094754
475,-0.237921,-0.03333551,0.8173337
476,-0.2291448,-0.03398542,0.8324398
477,-0.2227424,-0.03374556,0.8394411
478,-0.2150818,-0.03349124,0.8462481
479,-0.2351282,-0.0575321,0.7560243
480,-0.2352123,-0.04568163,0.7583878
481,-0.2343198,-0.04167738,0.759313
482,-0.2334065,-0.03775578,0.7615822
483,-0.2329578,-0.07618991,0.7499766
484,-0.232915,-0.08042603,0.743552
485,-0.2324541,-0.08555829,0.7423965
486,-0.2356703,-0.06486954,0.7492075
487,-0.2372512,-0.06056004,0.7501011
488,-0.2321471,-0.02580018,0.7454468
489,-0.23392,-0.03091879,0.7438972
490,-0.2376667,-0.04101701,0.7402154
491,-0.2392619,-0.04974023,0.7417656
492,-0.2408443,-0.05249689,0.7403759
493,-0.2424922,-0.05507449,0.7385966
494,-0.2428627,-0.05878831,0.7380484
495,-0.2420902,-0.06107698,0.7377174
496,-0.2357693,0.01437179,0.7372392
497,-0.2409061,0.01325247,0.7433427
498,-0.245194,0.01263914,0.7491381
499,-0.2486902,0.01239046,0.7558446
500,-0.2502006,0.01231889,0.7634151
501,-0.2514644,0.01185975,0.7708232
502,-0.2526518,0.01057463,0.7781745
503,-0.2526596,0.006997734,0.7876111
504,-0.2497713,0.003753126,0.7985489
505,-0.2468217,0.0005083531,0.8069171
506,-0.2434086,-0.004631668,0.8136315
507,-0.2361371,-0.01833393,0.8234757
508,-0.2362954,-0.06297451,0.7504549
509,-0.1914831,-0.1350438,0.7905768
510,-0.1974432,-0.1352426,0.7852482
511,-0.2029306,-0.1354042,0.7793368
512,-0.2081165,-0.1347048,0.7731535
513,-0.2141859,-0.1328207,0.7646639
514,-0.2173889,-0.1267131,0.7586986
515,-0.2186112,-0.1223453,0.755139
516,-0.2193915,-0.117735,0.7529306
517,-0.2216813,-0.1123477,0.7512051
518,-0.2249989,-0.1066975,0.74784
519,-0.2265904,-0.1022666,0.7458238
520,-0.2263029,-0.09846914,0.7461197
521,-0.225123,-0.09589255,0.7470058
522,-0.2263927,-0.09245086,0.7464865
523,-0.230532,-0.08933765,0.745654
524,-0.2324521,-0.06627708,0.7487251
525,-0.235275,-0.06401573,0.7384742
526,-0.2225554,-0.07384979,0.8264441
527,-0.2159374,-0.07357402,0.8333933
528,-0.1897856,-0.1291393,0.804159
529,-0.1746336,-0.1442486,0.7733235
530,-0.1786501,-0.1426484,0.7806868
531,-0.1697242,-0.1439489,0.7660483
532,-0.1823683,-0.1394908,0.7881988
533,-0.1860254,-0.1348221,0.7961606
534,-0.2228228,-0.1111273,0.7628614
535,-0.2369025,-0.007036798,0.8252399
536,-0.2334441,-0.003565639,0.8319023
537,-0.2281577,-6.186217E-05,0.8401057
538,-0.2455639,-0.0223747,0.7840332
539,-0.2460546,-0.02205545,0.786606
540,-0.2463108,-0.02103313,0.7914565
541,-0.2456049,-0.02043318,0.7974291
542,-0.2448756,-0.01871937,0.804036
543,-0.2426105,-0.01545364,0.8118917
544,-0.2396455,-0.01054788,0.8191972
545,-0.2344215,-0.02648958,0.8257849
546,-0.230539,-0.02534388,0.8321191
547,-0.2254708,-0.02430424,0.8389993
548,-0.2182673,-0.02322245,0.8455489
549,-0.2443034,-0.02382736,0.7857919
550,-0.2440502,-0.0241263,0.7890798
551,-0.2431927,-0.02463193,0.7949893
552,-0.2420185,-0.02565489,0.801963
553,-0.2405119,-0.02695258,0.8099661
554,-0.2379617,-0.02759681,0.8179874
555,-0.1771818,-0.1149709,0.7212821
556,-0.1649197,-0.1162134,0.7231127
557,-0.1623951,-0.1090672,0.7194584
558,-0.1746753,-0.1088529,0.7184233
559,-0.1988025,-0.1369939,0.7373683
560,-0.1894802,-0.1397325,0.7427891
561,-0.1847713,-0.1378569,0.7381395
562,-0.1944433,-0.1354267,0.7333651
563,-0.1854635,-0.1121105,0.7214073
564,-0.1829857,-0.1069104,0.7190934
565,-0.1549554,-0.1085328,0.7210617
566,-0.1475237,-0.1071438,0.7235727
567,-0.1448574,-0.08985036,0.7163601
568,-0.1535861,-0.09251711,0.71386
569,-0.2062344,-0.1292753,0.7340348
570,-0.202578,-0.1282643,0.7305498
571,-0.1897077,-0.1326615,0.7294139
572,-0.1798428,-0.1341751,0.7337872
573,-0.1743852,-0.1287651,0.7298642
574,-0.1847359,-0.1282561,0.7263065
575,-0.1891144,-0.1096873,0.7216561
576,-0.186658,-0.1049115,0.7195073
577,-0.1743639,-0.09618624,0.7126392
578,-0.1620465,-0.09431266,0.7127045
579,-0.1643906,-0.08609451,0.7098742
580,-0.1767634,-0.08914851,0.710452
581,-0.1454083,-0.08030167,0.7128974
582,-0.155618,-0.08368674,0.7104907
583,-0.2093163,-0.1218002,0.7338564
584,-0.2060777,-0.1216629,0.7308114
585,-0.1978576,-0.1266607,0.7276922
586,-0.19253,-0.123285,0.7252657
587,-0.1803242,-0.1217737,0.723501
588,-0.1885934,-0.117605,0.7234371
589,-0.1823904,-0.09632798,0.7145157
590,-0.1917607,-0.06748211,0.7088304
591,-0.1960384,-0.07349326,0.71281
592,-0.187534,-0.08514743,0.7118992
593,-0.1801564,-0.0820663,0.7089913
594,-0.1350733,-0.08654495,0.7206371
595,-0.1254567,-0.08413927,0.726665
596,-0.1230747,-0.07411567,0.7246191
597,-0.1338951,-0.07497002,0.717091
598,-0.2022528,-0.1211319,0.7283043
599,-0.1969619,-0.1190957,0.7257373
600,-0.1845193,-0.09058408,0.7127982
601,-0.1933798,-0.09916154,0.7199206
602,-0.1961716,-0.1028103,0.7211815
603,-0.1924807,-0.1066978,0.7213478
604,-0.1900835,-0.102463,0.7197222
605,-0.1857895,-0.09570587,0.7157902
606,-0.1874806,-0.09079609,0.7143493
607,-0.2113792,-0.1122164,0.7337968
608,-0.2100704,-0.1168021,0.7337725
609,-0.2070851,-0.116593,0.7310674
610,-0.2085678,-0.1119026,0.7309936
611,-0.1903643,-0.08623331,0.7133358
612,-0.1343407,-0.0568418,0.7148772
613,-0.1348962,-0.03246794,0.7142636
614,-0.1451527,-0.03157833,0.7093831
615,-0.1429189,-0.05959448,0.7106643
616,-0.2060279,-0.1107571,0.7283528
617,-0.2039386,-0.1161171,0.7287856
618,-0.1998389,-0.1144763,0.7263396
619,-0.2026307,-0.1090359,0.7255492
620,-0.1956921,-0.1108874,0.7237374
621,-0.1994349,-0.1065484,0.7231621
622,-0.2024256,-0.09471072,0.7222417
623,-0.1999381,-0.09759919,0.721279
624,-0.1967708,-0.09551039,0.7208199
625,-0.1988362,-0.09331971,0.7213315
626,-0.1888262,-0.09463684,0.717143
627,-0.1914855,-0.09343389,0.7181916
628,-0.1975801,-0.07593757,0.7139024
629,-0.1981021,-0.06145881,0.7122729
630,-0.1999723,-0.06784056,0.7151798
631,-0.2182594,-0.1048549,0.7298704
632,-0.214639,-0.1080993,0.7322034
633,-0.2124623,-0.1072649,0.7290824
634,-0.2161855,-0.1031448,0.7270305
635,-0.1901859,-0.0906556,0.7159317
636,-0.1923574,-0.09038823,0.7171848
637,-0.2010822,-0.07079892,0.7157549
638,-0.2039692,-0.06226118,0.7189485
639,-0.203018,-0.05633112,0.7168065
640,-0.2004334,-0.03419496,0.7215054
641,-0.2017838,-0.03891556,0.720167
642,-0.1968997,-0.04026113,0.7159675
643,-0.1960688,-0.03474289,0.7177596
644,-0.2136468,-0.1012629,0.7248963
645,-0.2102061,-0.1059667,0.726324
646,-0.2075329,-0.1036722,0.7238762
647,-0.2106174,-0.09934331,0.7234313
648,-0.2039522,-0.1005467,0.7221629
649,-0.2064268,-0.09678636,0.7226335
650,-0.2034521,-0.09259149,0.722344
651,-0.2000921,-0.09154638,0.7213217
652,-0.1936728,-0.09206492,0.7189198
653,-0.1950557,-0.09094419,0.7197293
654,-0.1942772,-0.08753191,0.7161627
655,-0.1926158,-0.0870391,0.7147512
656,-0.199204,-0.07850482,0.714807
657,-0.2003561,-0.08128645,0.7158442
658,-0.2047967,-0.06574769,0.7188684
659,-0.2196819,-0.09909214,0.7299814
660,-0.2172793,-0.09803043,0.7274548
661,-0.2036724,-0.09139144,0.7226046
662,-0.2002721,-0.0905121,0.7216607
663,-0.1939794,-0.08982023,0.7182888
664,-0.1950981,-0.08936869,0.7191398
665,-0.2036028,-0.0780533,0.7164055
666,-0.2024103,-0.07424289,0.7159922
667,-0.2061161,-0.06966626,0.718699
668,-0.2119879,-0.0477921,0.7229708
669,-0.2103707,-0.03760558,0.7248925
670,-0.2142608,-0.03484855,0.7266813
671,-0.2168918,-0.04412608,0.7235543
672,-0.1962671,-0.03048138,0.7187096
673,-0.1996255,-0.03026221,0.7217601
674,-0.1728726,-0.03449732,0.7050954
675,-0.1774151,-0.02871482,0.7082055
676,-0.1821607,-0.03153126,0.7091125
677,-0.1794625,-0.03783604,0.7059332
678,-0.2192895,-0.09489169,0.7306582
679,-0.2164367,-0.09402109,0.7283145
680,-0.2146496,-0.09691339,0.7255455
681,-0.2109779,-0.09543163,0.7241064
682,-0.2073933,-0.09410418,0.7231491
683,-0.1959497,-0.08993156,0.7202807
684,-0.1954723,-0.08797423,0.7175297
685,-0.2011244,-0.08385432,0.7169837
686,-0.2015203,-0.08586912,0.718417
687,-0.1960688,-0.08829612,0.7187169
688,-0.2092809,-0.03401719,0.7261267
689,-0.2070755,-0.02985753,0.727565
690,-0.2098571,-0.02682747,0.7300323
691,-0.2125737,-0.03083345,0.7283814
692,-0.1976682,-0.02523252,0.7188733
693,-0.2001179,-0.02527713,0.7215431
694,-0.1924639,-0.03021451,0.715643
695,-0.1948389,-0.02502069,0.7164732
696,-0.1818397,-0.02518701,0.7109771
697,-0.1852359,-0.02768785,0.711803
698,-0.2136196,-0.09333869,0.7266606
699,-0.210342,-0.09275953,0.7252216
700,-0.2070981,-0.09215614,0.7237212
701,-0.196114,-0.0894077,0.7206165
702,-0.1954793,-0.08918828,0.7198151
703,-0.2045816,-0.08191543,0.7172968
704,-0.205238,-0.0850429,0.7187055
705,-0.2050852,-0.02714507,0.727765
706,-0.204026,-0.03264727,0.7246645
707,-0.2024802,-0.02932752,0.7248505
708,-0.1957029,-0.08911486,0.7204606
709,-0.1962619,-0.08865491,0.7196673
710,-0.2014063,-0.08736306,0.7195442
711,-0.2223821,-0.02877725,0.729235
712,-0.2254621,-0.03863899,0.7245675
713,-0.221331,-0.0410803,0.7240831
714,-0.2182256,-0.03157487,0.7282588
715,-0.2021754,-0.02480736,0.724363
716,-0.2039832,-0.02358003,0.7269199
717,-0.1612385,-0.02098525,0.7084102
718,-0.1683087,-0.01826841,0.7100372
719,-0.1700985,-0.02189574,0.709109
720,-0.1632275,-0.02564232,0.7069315
721,-0.1962013,-0.08886884,0.7204287
722,-0.2007399,-0.08861461,0.7212188
723,-0.2053351,-0.08661429,0.7196267
724,-0.2248353,-0.02204295,0.7320903
725,-0.227886,-0.02144314,0.7331626
726,-0.229599,-0.02647503,0.7310299
727,-0.2261284,-0.02720673,0.7297147
728,-0.2035217,-0.01134189,0.7226317
729,-0.2007196,-0.02080043,0.7218215
730,-0.198944,-0.02065628,0.719498
731,-0.2021691,-0.01040708,0.719864
732,-0.1967244,-0.02058315,0.7174451
733,-0.1999835,-0.009977795,0.7172273
734,-0.1753111,-0.01588597,0.7114525
735,-0.1766053,-0.01908589,0.7112356
736,-0.1715193,-0.008709729,0.709712
737,-0.1690563,-0.0115097,0.7104565
738,-0.1608567,-0.01164208,0.709995
739,-0.164187,-0.007224418,0.7096235
740,-0.2044368,-0.08870089,0.7220736
741,-0.2090597,-0.05572516,0.7219326
742,-0.2132517,-0.05238103,0.7208858
743,-0.2148451,-0.05319547,0.7196549
744,-0.2113645,-0.05505472,0.7208103
745,-0.216464,-0.05700837,0.7180158
746,-0.2164184,-0.05432171,0.7183398
747,-0.2206209,-0.05304764,0.7177616
748,-0.2207958,-0.05627,0.7169898
749,-0.1941331,-0.01083283,0.7133257
750,-0.1920505,-0.01914871,0.7142172
751,-0.1900004,-0.01810071,0.7132552
752,-0.192237,-0.01107857,0.7125233
753,-0.1820024,-0.01469265,0.711785
754,-0.1832123,-0.01634572,0.7119064
755,-0.178276,-0.004322983,0.7078509
756,-0.1747272,-0.006417684,0.70877
757,-0.1684755,-0.003769577,0.7085277
758,-0.1730855,-0.0007176846,0.7071365
759,-0.2132909,-0.07826744,0.7194788
760,-0.2169684,-0.07719007,0.7213538
761,-0.2174104,-0.08244967,0.7211543
762,-0.2143445,-0.08286206,0.719947
763,-0.209732,-0.05921143,0.7212848
764,-0.208034,-0.06128052,0.7227433
765,-0.2287151,-0.04741906,0.7195
766,-0.2328845,-0.046094,0.7202289
767,-0.2346793,-0.04993681,0.7184637
768,-0.2301014,-0.05079347,0.7177315
769,-0.2329804,-0.0359587,0.7265433
770,-0.2292481,-0.03701799,0.7252026
771,-0.2205962,-0.01782539,0.7332917
772,-0.2141217,-0.02279288,0.7326096
773,-0.2145837,-0.01511551,0.733104
774,-0.2209714,-0.009304263,0.7315911
775,-0.2023522,-0.02066348,0.7243479
776,-0.2044173,-0.01226202,0.725122
777,-0.2049832,-0.01379792,0.72751
778,-0.2035776,-0.01956217,0.7267516
779,-0.1835984,-0.006442025,0.7087044
780,-0.180662,-0.007920474,0.7092434
781,-0.1776058,0.002238289,0.7061496
782,-0.183171,-0.002450086,0.7074142
783,-0.2106028,-0.06253036,0.7225655
784,-0.2126836,-0.06252693,0.7231612
785,-0.2143655,-0.06439111,0.723806
786,-0.209389,-0.06519812,0.7227891
787,-0.2151424,-0.06163123,0.7209891
788,-0.2169142,-0.06077937,0.7197063
789,-0.2213125,-0.05993402,0.718918
790,-0.2350339,-0.0547913,0.7174297
791,-0.2303409,-0.05505534,0.7167492
792,-0.2258128,-0.007405505,0.7321712
793,-0.2243148,-0.01646832,0.7334697
794,-0.1865846,-0.005444877,0.7087896
795,-0.2237958,-0.07661988,0.7261278
796,-0.2204147,-0.07622272,0.7234197
797,-0.2213725,-0.07082865,0.7250783
798,-0.2250718,-0.07161559,0.7278616
799,-0.2348483,-0.05861916,0.7180516
800,-0.2306474,-0.05818472,0.7173265
801,-0.2367166,-0.04542353,0.721898
802,-0.2385035,-0.04976396,0.720298
803,-0.2177945,-4.266202E-05,0.7234526
804,-0.2234003,0.004323363,0.7249445
805,-0.1897082,-0.008179933,0.7099353
806,-0.1871945,-0.008601874,0.7098894
807,-0.1884602,-0.0006443858,0.7076691
808,-0.1903314,-0.004293114,0.7092248
809,-0.2198973,-0.08562247,0.7239779
810,-0.2178156,-0.09028411,0.727437
811,-0.215007,-0.08969466,0.725837
812,-0.2171459,-0.08572698,0.7227961
813,-0.2226613,-0.08133897,0.724429
814,-0.219892,-0.08173116,0.7224234
815,-0.2314365,-0.06068161,0.7189208
816,-0.2314306,-0.06285733,0.7215934
817,-0.238838,-0.05497505,0.7191809
818,-0.228195,-0.006977245,0.7335093
819,-0.2266822,-0.01534297,0.7344271
820,-0.2124145,-0.005489454,0.726814
821,-0.1923624,-0.007654473,0.7105402
822,-0.2380909,-0.05896854,0.7196025
823,-0.2279479,0.003162965,0.7297187
824,-0.2106113,-0.003510542,0.723672
825,-0.2151884,0.002013959,0.7201729
826,-0.2082443,-0.008972332,0.7275053
827,-0.2075789,-0.006701984,0.72468
828,-0.1855309,0.004667841,0.7058543
829,-0.222967,-0.08616878,0.7263641
830,-0.227266,-0.06522654,0.7263458
831,-0.2270173,-0.0643046,0.7255245
832,-0.2299618,-0.06393459,0.7237086
833,-0.2307474,-0.06471152,0.7243172
834,-0.2327427,-0.06362691,0.7219789
835,-0.2340326,-0.06162221,0.7197075
836,-0.2367994,-0.06230478,0.7210511
837,-0.2346863,-0.06455979,0.7231432
838,-0.219235,0.007769182,0.7203122
839,-0.2109629,0.00383389,0.7164171
840,-0.2082538,-0.001573443,0.7201326
841,-0.2069779,-0.01087365,0.7272304
842,-0.2061697,-0.009061091,0.7244133
843,-0.2048684,-0.0161242,0.7303384
844,-0.2053571,-0.01759113,0.7301457
845,-0.2043437,-0.01814324,0.7290025
846,-0.2050869,-0.01518194,0.7294261
847,-0.1937645,0.0009653121,0.7087207
848,-0.1927366,0.006593883,0.7069833
849,-0.1986137,0.008792304,0.7091725
850,-0.1995448,0.001699179,0.7113515
851,-0.2268209,-0.06808975,0.7281392
852,-0.2289704,-0.06618705,0.727755
853,-0.2206971,-0.09103649,0.7297184
854,-0.2235485,-0.06702108,0.7258257
855,-0.2231413,-0.06487915,0.7255008
856,-0.2182235,-0.06514718,0.7246712
857,-0.2322367,-0.06558887,0.7255206
858,-0.2141438,0.01099543,0.7163128
859,-0.2061101,-0.004796013,0.7209374
860,-0.2093335,-0.01673576,0.73248
861,-0.2073272,-0.01639014,0.7309991
862,-0.1918391,-0.009968288,0.7114024
863,-0.1939048,-0.009652041,0.7119894
864,-0.1948642,-0.00336083,0.7106255
865,-0.1964233,-0.006930962,0.7121587
866,-0.2054539,0.006588653,0.7122881
867,-0.204654,0.0001888722,0.7156
868,-0.2037136,-0.0035659,0.7173561
869,-0.2049649,-0.007835835,0.7213054
870,-0.2060214,-0.01272522,0.7272595
871,-0.2055677,-0.01090033,0.7246575
872,-0.2001016,-0.003035232,0.7136929
873,-0.2005115,-0.006716162,0.7149324
874,-0.203366,-0.006949753,0.7182995
875,-0.2045616,-0.009718731,0.7219372
876,-0.1971018,-0.01034211,0.7149301
877,-0.1974996,-0.008999139,0.7137883
878,-0.1742284,0.04845234,0.7182477
879,-0.1862519,0.05284651,0.7199689
880,-0.1917418,0.04286342,0.7163785
881,-0.1792195,0.03947053,0.715107
882,-0.2030104,-0.008908726,0.7189953
883,-0.2006795,-0.008557998,0.7161851
884,-0.196507,0.0559632,0.7232704
885,-0.2022483,0.04455579,0.7189648
886,-0.2054339,0.05795855,0.7270853
887,-0.2183998,0.0457531,0.7265093
888,-0.210943,0.04510399,0.7223642
889,-0.2127672,0.05924419,0.7314929
890,-0.219442,0.05960358,0.7364177
891,-0.2256753,0.05913908,0.741801
892,-0.2305188,0.04462647,0.7362963
893,-0.2248952,0.04527021,0.7310449
894,-0.2259911,0.03110649,0.7282239
895,-0.226045,0.01758131,0.7251811
896,-0.2199,0.0194148,0.7201787
897,-0.2201019,0.03185668,0.7233851
898,-0.2122376,0.0210712,0.7171251
899,-0.2135138,0.03260521,0.7192101
900,-0.2056876,0.03299315,0.7162832
901,-0.2050598,0.02197345,0.7143761
902,-0.1979357,0.02206878,0.7114528
903,-0.1962485,0.03216165,0.7136774
904,-0.1881807,0.02011974,0.7091762
905,-0.1842078,0.02973462,0.7116544
906,-0.1733292,0.02733086,0.7113823
907,-0.1766661,0.01837104,0.7095604
908,-0.1679163,0.01618561,0.710041
909,-0.1643002,0.02297441,0.7116746
910,-0.192401,-0.1144072,0.7236745
911,-0.216343,-0.05945817,0.7183076
912,-0.2209667,-0.05852207,0.7173024
913,-0.2130692,-0.06060848,0.7202253
914,-0.2163912,-0.0273529,0.7303606
915,-0.2244277,-0.04922102,0.7193938
916,-0.2261313,-0.05184072,0.7177065
917,-0.2194044,-0.05113618,0.7191672
918,-0.2261381,-0.05549732,0.7167448
919,-0.2259094,-0.05790183,0.7171249
920,-0.2259118,-0.05946397,0.7185445
921,-0.1904177,-0.04613579,0.7090627
922,-0.1968323,-0.04527411,0.7137198
923,-0.1914683,-0.04060198,0.7117007
924,-0.1915652,-0.03456753,0.7140378
925,-0.1943122,-0.02002548,0.7155493
926,-0.1891662,-0.02273476,0.7131956
927,-0.1918406,-0.02417311,0.714493
928,-0.188794,-0.02919489,0.7134387
929,-0.1589126,-0.07420222,0.7078807
930,-0.167786,-0.07725394,0.7072086
931,-0.1490557,-0.07097973,0.710155
932,-0.1527,-0.06232819,0.7076859
933,-0.1627725,-0.06538244,0.7056521
934,-0.1546219,-0.02875283,0.7070398
935,-0.1588736,-0.03492054,0.7053505
936,-0.1721157,-0.06867136,0.7049972
937,-0.1577819,-0.1158852,0.7250435
938,-0.1830553,-0.04547772,0.7057907
939,-0.166684,-0.03979772,0.7039564
940,-0.1750652,-0.04362807,0.7041291
941,-0.202062,-0.04332975,0.7184591
942,-0.2185453,-0.04900802,0.7210088
943,-0.2231604,-0.04655319,0.7211203
944,-0.2352223,-0.04200393,0.7236314
945,-0.2315109,-0.04290445,0.7220874
946,-0.186724,-0.02087103,0.7123625
947,-0.1786898,-0.02197988,0.710822
948,-0.1846024,-0.01851551,0.7119681
949,-0.173108,-0.02532447,0.70841
950,-0.1856669,-0.03976803,0.7081887
951,-0.1608059,0.0004747212,0.709831
952,-0.1671986,0.004535004,0.7088648
953,-0.1734607,0.007992424,0.7082154
954,-0.1818956,0.01031261,0.7076213
955,-0.1907693,0.01243547,0.7081218
956,-0.1986967,0.01364792,0.710062
957,-0.2062524,0.01298916,0.7127932
958,-0.2313806,0.03011253,0.7333052
959,-0.2308866,0.01591301,0.7308022
960,-0.2072239,-0.07467649,0.7178966
961,-0.2090999,-0.07989098,0.7180203
962,-0.2275257,-0.04436583,0.7213818
963,-0.210124,-0.08596131,0.7202804
964,-0.2099624,-0.08389232,0.7191288
965,-0.2139427,-0.08572702,0.7213163
966,-0.2081135,-0.08899966,0.7230646
967,-0.2115876,-0.08923545,0.7243629
968,-0.2089089,-0.02084664,0.7327272
969,-0.2072883,-0.02387471,0.7300606
970,-0.2055546,-0.02113529,0.729351
971,-0.2063897,-0.01921006,0.7313393
972,-0.2211533,-0.02384852,0.7315674
973,-0.2058671,-0.03686898,0.7235469
974,-0.2065569,-0.04077794,0.7222902
975,-0.2058368,-0.01608243,0.7301793
976,-0.1252349,-0.03295771,0.720488
977,-0.1258462,-0.02435153,0.7202377
978,-0.1347096,-0.02434455,0.7147465
979,-0.2071819,-0.05174368,0.7212536
980,-0.2163151,-0.06733933,0.7241231
981,-0.2280119,-0.06262162,0.7231593
982,-0.2233793,-0.06159334,0.7229995
983,-0.1858028,-0.01400819,0.7120016
984,-0.1869886,-0.01530439,0.7122253
985,-0.1896235,-0.01054075,0.7112626
986,-0.1884428,-0.01681482,0.7126089
987,-0.1899862,-0.01144615,0.7120659
988,-0.1633837,0.0428815,0.7178311
989,-0.1688334,0.03531976,0.7143285
990,-0.1875971,-0.01101078,0.7112689
991,-0.1851473,-0.009780206,0.7104418
992,-0.188002,-0.01181852,0.7120113
993,-0.1828784,-0.1402295,0.7468905
994,-0.1754311,-0.1408772,0.7519829
995,-0.1778163,-0.1379599,0.7422597
996,-0.1726595,-0.1340629,0.7374028
997,-0.1671002,-0.1286246,0.7333401
998,-0.1649652,-0.1336979,0.7418406
999,-0.1599377,-0.1280897,0.7372097
1000,-0.2115395,-0.07196154,0.7205764
1001,-0.1702375,-0.1381852,0.7470865
1002,-0.1869439,-0.03343236,0.711102
1003,-0.1395414,-0.1049509,0.7279055
1004,-0.1398622,-0.06742447,0.7130082
1005,-0.16706,-0.03016301,0.7056242
1006,-0.1761661,-0.01157863,0.7109249
1007,-0.1780919,-0.009749405,0.7101691
1008,-0.1821254,-0.01207684,0.7114311
1009,-0.1833893,-0.01078044,0.7109784
1010,-0.1854263,-0.01237289,0.7118642
1011,-0.1859215,-0.01166007,0.7115356
1012,-0.1866257,-0.0121994,0.7123295
1013,-0.1284519,-0.06479828,0.7192262
1014,-0.1526818,-0.02305005,0.7086135
1015,-0.1817001,-0.01322398,0.7115679
1016,-0.1854725,-0.01311015,0.7118617
1017,-0.1750611,-0.01352786,0.7113044
1018,-0.1680111,-0.0147864,0.710409
1019,-0.160659,-0.01639572,0.7094041
1020,-0.2165802,-0.07132694,0.723
1021,-0.2132322,-0.05597406,0.7193636
1022,-0.2122915,-0.05845574,0.7197596
1023,-0.1437511,-0.02402061,0.7107277
1024,-0.1261363,-0.05621163,0.7199423
1025,-0.1199084,-0.06451324,0.7257323
1026,-0.1592524,0.02961275,0.7141134
1027,-0.153234,0.03681455,0.7179358
1028,-0.1167915,-0.02455262,0.7268794
1029,-0.1156731,-0.03375518,0.7275
1030,-0.1171028,-0.05510151,0.7273208
1031,-0.1309128,-0.1027242,0.73324
1032,-0.169423,-0.1413019,0.7561044
1033,-0.1637574,-0.1381252,0.7509097
1034,-0.1581352,-0.1335574,0.7461757
1035,-0.1531133,-0.1277916,0.741625
1036,-0.1522327,-0.1337467,0.749988
1037,-0.1462176,-0.127211,0.7456237
1038,-0.1580341,-0.1387302,0.75457
1039,-0.1638873,-0.1422106,0.7597221
1040,-0.147948,-0.1205993,0.7365695
1041,-0.1551731,-0.1216932,0.7322714
1042,-0.1351499,-0.1114103,0.7371243
1043,-0.1403692,-0.1195999,0.7413335
1044,-0.1688936,-0.1227494,0.7264969
1045,-0.1617111,-0.1224199,0.7292112
1046,-0.1509973,-0.1148956,0.727806
1047,-0.1432976,-0.1131466,0.7320348
1048,-0.1604031,0.01179937,0.7108789
1049,-0.1559679,-0.004757755,0.7106951
1050,-0.1557692,0.01697354,0.71252
1051,-0.1536254,0.006438136,0.7122057
1052,-0.1479604,-0.001217529,0.7131144
1053,-0.1419033,0.001530506,0.7154399
1054,-0.1480186,0.01020418,0.7141132
1055,-0.1498494,0.02265263,0.7148384
1056,-0.1416539,0.01409604,0.7165795
1057,-0.1350036,0.004264392,0.7184256
1058,-0.1424074,0.02905261,0.7193743
1059,-0.13304,0.01823884,0.7206101
1060,-0.1260022,0.006734453,0.7231435
1061,-0.1274658,-0.01535532,0.7197099
1062,-0.1356401,-0.01600353,0.7149555
1063,-0.1436567,-0.01667846,0.7115561
1064,-0.1191566,-0.01495556,0.7257128
1065,-0.122082,-0.004680879,0.7247022
1066,-0.1299054,-0.005896181,0.7189299
1067,-0.1524887,-0.01114792,0.7106715
1068,-0.1522409,-0.01705517,0.7097296
1069,-0.1442468,-0.0090819,0.7127262
1070,-0.1374973,-0.007421397,0.7153293
1071,-0.1858202,-0.01259946,0.7124425
1072,-0.222776,-0.09147765,0.7321096
1073,-0.2208682,-0.07974239,0.8253736
1074,-0.1342673,-0.063085,0.7155772
1075,-0.2320542,-0.01973917,0.7619789
1076,-0.2320318,-0.01843135,0.7606643
1077,-0.2313467,-0.01764482,0.7591444
1078,-0.2324165,-0.01507514,0.7552611
1079,-0.2398124,-0.00731314,0.7509609
1080,-0.2390292,-0.005153753,0.7468883
1081,-0.2372379,-0.004332878,0.7430103
1082,-0.2331906,-0.002789862,0.7366742
1083,-0.2277689,-0.001929909,0.7311947
1084,-0.2243295,-0.001504265,0.7281231
1085,-0.2201658,-0.001709588,0.7255069
1086,-0.213009,-0.0103396,0.7308972
1087,-0.2087694,-0.01232327,0.7306592
1088,-0.2074861,-0.01323959,0.7295297
1089,-0.2060069,-0.01445791,0.7291929
1090,-0.1987866,-0.01852824,0.7204953
1091,-0.2004916,-0.01857315,0.7228012
1092,-0.1967703,-0.01872431,0.718254
1093,-0.1903577,-0.01700527,0.7139642
1094,-0.1922559,-0.01764207,0.7149391
1095,-0.2028392,-0.01848792,0.7272655
1096,-0.20177,-0.01875997,0.7249823
1097,-0.2039279,-0.01745095,0.7292849
1098,-0.2044675,-0.01695909,0.7302163
1099,-0.1944505,-0.01823436,0.7163129
1100,-0.188737,-0.01601703,0.7132195
1101,-0.1871188,-0.01480836,0.7127376
1102,-0.1860611,-0.01366672,0.71253
1103,-0.2364425,-0.02542758,0.7679385
1104,-0.2382663,-0.02609824,0.7700664
1105,-0.2399293,-0.02701565,0.772451
1106,-0.2422144,-0.02728868,0.777582
1107,-0.2428028,-0.02714922,0.7797238
1108,-0.2345978,-0.02502641,0.7662143
1109,-0.2326833,-0.02418852,0.7647686
1110,-0.2304301,-0.02199084,0.7628778
1111,-0.2311419,-0.02268934,0.763501
1112,-0.24133,-0.02724808,0.7751119
1113,-0.2432839,-0.02657554,0.7816294
1114,-0.24355,-0.02572922,0.7835288
1115,-0.2436638,-0.02482548,0.7848186
1116,-0.2438343,-0.02386228,0.7852612
1117,-0.1857087,-0.01296841,0.7124284
1118,-0.2345063,-0.06557637,0.7437609
1119,-0.2178881,-0.06232738,0.7223524
1120,-0.2246568,-0.0946464,0.7636671
1121,-0.2244143,-0.09595385,0.7635196
1122,-0.2239555,-0.09352077,0.7603319
1123,-0.2235812,-0.09677103,0.7596524
1124,-0.2236614,-0.09299663,0.7570247
1125,-0.2229289,-0.09684132,0.7565969
1126,-0.2216096,-0.09086259,0.7414736
1127,-0.2207559,-0.09613222,0.7415431
1128,-0.2214329,-0.09630301,0.7449383
1129,-0.22227,-0.09117176,0.74488
1130,-0.2203019,-0.09073918,0.7379631
1131,-0.2194505,-0.09599943,0.737869
1132,-0.2188769,-0.09050296,0.7353714
1133,-0.2181568,-0.09566861,0.735274
1134,-0.2225101,-0.09680677,0.7527959
1135,-0.2233307,-0.092405,0.7531384
1136,-0.2227486,-0.09174792,0.7491103
1137,-0.2218526,-0.0965014,0.7489617
1138,-0.2250617,-0.09513292,0.7637405
1139,-0.1954886,-0.09017569,0.7214088
1140,-0.1986779,-0.09181404,0.7229359
1141,-0.1985939,-0.08827598,0.723052
1142,-0.1956627,-0.08869209,0.721339
1143,-0.2011687,-0.09232198,0.7243566
1144,-0.2014648,-0.08833014,0.7242098
1145,-0.214463,-0.08941244,0.7308099
1146,-0.2117361,-0.0889487,0.7290524
1147,-0.2108846,-0.09398106,0.7291198
1148,-0.2135401,-0.09451455,0.7307907
1149,-0.2163438,-0.09522922,0.7331431
1150,-0.2170792,-0.09009267,0.7331091
1151,-0.2044278,-0.09288386,0.7257283
1152,-0.2075392,-0.09334291,0.7275107
1153,-0.2082658,-0.08865929,0.7273788
1154,-0.2050069,-0.08847165,0.7256871
1155,-0.1956617,-0.08917271,0.7207781
1156,-0.1940572,-0.07100435,0.711102
1157,-0.1990857,-0.06500964,0.7137821
1158,-0.2034115,-0.05936504,0.7179499
1159,-0.2076831,-0.05428716,0.7217371
1160,-0.2126108,-0.05029251,0.7222089
1161,-0.2176005,-0.0467236,0.7225989
1162,-0.2222327,-0.04385375,0.7227784
1163,-0.2264461,-0.041398,0.7231185
1164,-0.2303382,-0.03972546,0.7238154
1165,-0.2339211,-0.03873608,0.7252624
1166,-0.2370744,-0.03847568,0.7281214
1167,-0.2389884,-0.03974891,0.7317935
1168,-0.2393823,-0.04151411,0.7354015
1169,-0.2388871,-0.04383311,0.7390491
1170,-0.2378472,-0.04689929,0.7428448
1171,-0.2365252,-0.05046207,0.7469797
1172,-0.2352994,-0.05482196,0.7512706
1173,-0.2343794,-0.0597911,0.755415
1174,-0.2357359,-0.06633986,0.7592757
1175,-0.2373806,-0.073629,0.7631219
1176,-0.2376107,-0.08086695,0.7674652
1177,-0.2334284,-0.09347507,0.7759131
1178,-0.230455,-0.09862506,0.77795
1179,-0.2275277,-0.1043539,0.7784649
1180,-0.2220579,-0.1147185,0.7747215
1181,-0.2198539,-0.1196213,0.7713311
1182,-0.2177808,-0.1249402,0.767315
1183,-0.2158617,-0.130192,0.7616348
1184,-0.2140748,-0.133645,0.7549863
1185,-0.2116555,-0.1347886,0.7485963
1186,-0.2089553,-0.1347198,0.7434492
1187,-0.2061163,-0.1341685,0.7390814
1188,-0.2027183,-0.133478,0.7353495
1189,-0.1987359,-0.1323288,0.7317175
1190,-0.1938564,-0.1301146,0.728259
1191,-0.1886808,-0.1262259,0.7256175
1192,-0.1844703,-0.120075,0.7233222
1193,-0.1814816,-0.1138797,0.7211341
1194,-0.1790038,-0.1081481,0.7186687
1195,-0.1785861,-0.09653661,0.7133697
1196,-0.1809128,-0.09007175,0.7114537
1197,-0.1840981,-0.08387548,0.7102982
1198,-0.1876012,-0.06174629,0.7060374
1199,-0.1970535,-0.05673863,0.7110747
1200,-0.2025835,-0.05239924,0.7165049
1201,-0.2070331,-0.04848504,0.721059
1202,-0.2116688,-0.04475106,0.7233803
1203,-0.2163196,-0.04111261,0.7244793
1204,-0.2205591,-0.03806967,0.7253158
1205,-0.2245286,-0.03570462,0.7259094
1206,-0.2282324,-0.0339412,0.726566
1207,-0.2318474,-0.03301388,0.727899
1208,-0.2349311,-0.03285652,0.7306904
1209,-0.2442031,-0.07344196,0.7763764
1210,-0.2422348,-0.06609748,0.7668857
1211,-0.2385702,-0.05952933,0.7612284
1212,-0.2355617,-0.05409983,0.7567828
1213,-0.2348613,-0.04922634,0.7528313
1214,-0.2352494,-0.04479064,0.7488509
1215,-0.2358587,-0.04104917,0.7449958
1216,-0.2365845,-0.03804051,0.7413609
1217,-0.2370952,-0.03567617,0.7379225
1218,-0.2368085,-0.03403938,0.734279
1219,-0.2403552,-0.08390977,0.7817851
1220,-0.2351184,-0.09167957,0.7853656
1221,-0.2307687,-0.09830445,0.7872234
1222,-0.2266547,-0.1052204,0.7876021
1223,-0.2195518,-0.1175947,0.7833639
1224,-0.2167626,-0.123416,0.7795475
1225,-0.2142548,-0.128777,0.7746397
1226,-0.2118027,-0.1340141,0.7682987
1227,-0.2088075,-0.1377441,0.7613014
1228,-0.2053776,-0.1397527,0.7546777
1229,-0.2020073,-0.1400431,0.7488131
1230,-0.1986029,-0.1395294,0.7441101
1231,-0.1949317,-0.1387047,0.739725
1232,-0.1903596,-0.1369533,0.7353184
1233,-0.1854071,-0.1335857,0.7311046
1234,-0.1802814,-0.1287589,0.7276176
1235,-0.1755942,-0.1223518,0.7245508
1236,-0.1720616,-0.1158038,0.721685
1237,-0.1695432,-0.1090705,0.7186234
1238,-0.1690541,-0.09546234,0.7123877
1239,-0.1713747,-0.08782023,0.7098523
1240,-0.1750607,-0.0799353,0.7078171
1241,-0.1803683,-0.07173086,0.7060857
1242,-0.1704057,-0.05005493,0.7035782
1243,-0.1602141,-0.04633714,0.7046407
1244,-0.1162876,-0.04114537,0.7274752
1245,-0.1255458,-0.04088046,0.7204542
1246,-0.1486751,-0.04083233,0.7076033
1247,-0.135876,-0.04090941,0.713932
1248,-0.1798665,-0.05264682,0.7040596
1249,-0.2403494,-0.06067458,0.8056233
1250,-0.2435298,-0.06342876,0.7957059
1251,-0.2263794,-0.05828159,0.8279253
1252,-0.2355894,-0.05681119,0.816858
1253,-0.2177136,-0.05869574,0.8364576
1254,-0.2087646,-0.05905507,0.8438431
1255,-0.2454908,-0.06482753,0.7860923
1256,-0.1890398,-0.05300987,0.7067969
1257,-0.2450479,-0.06355994,0.776457
1258,-0.2023634,-0.04799289,0.717102
1259,-0.2069771,-0.04490647,0.7213462
1260,-0.196751,-0.05084114,0.711736
1261,-0.2157422,-0.03808992,0.7252665
1262,-0.2114586,-0.04140216,0.7238274
1263,-0.2196952,-0.03527813,0.7263942
1264,-0.2234926,-0.03257767,0.7273064
1265,-0.2270802,-0.03076325,0.7280853
1266,-0.2306956,-0.02973269,0.7295
1267,-0.2337357,-0.02990418,0.7320946
1268,-0.2356938,-0.05000093,0.7575446
1269,-0.2385014,-0.05457626,0.7622004
1270,-0.234722,-0.04562937,0.7534575
1271,-0.2422448,-0.05940832,0.7682776
1272,-0.2354595,-0.034876,0.7426043
1273,-0.2350045,-0.03817128,0.7460672
1274,-0.2358374,-0.03246111,0.7392738
1275,-0.2354944,-0.03069787,0.7356535
1276,-0.2347407,-0.04171123,0.7496532
1277,-0.240965,-0.07060722,0.798166
1278,-0.2369215,-0.06886637,0.8083442
1279,-0.2441042,-0.07248798,0.7883263
1280,-0.2342016,-0.08786543,0.7696149
1281,-0.236465,-0.08760636,0.7719266
1282,-0.2389988,-0.08609869,0.7758705
1283,-0.155975,-0.05375654,0.705962
1284,-0.1666273,-0.05652355,0.7040869
1285,-0.1456847,-0.05100008,0.7095379
1286,-0.1765217,-0.05936073,0.703751
1287,-0.1940469,-0.08105841,0.7131847
1288,-0.1917233,-0.07924713,0.7117785
1289,-0.1888908,-0.07746783,0.7098899
1290,-0.1854377,-0.0749081,0.7079824
1291,-0.1167541,-0.0478358,0.7274702
1292,-0.1257657,-0.04841645,0.7204894
1293,-0.1352833,-0.04925798,0.7145038
1294,-0.2312546,-0.06719081,0.8177031
1295,-0.2243659,-0.06637418,0.8269126
1296,-0.216557,-0.06595314,0.8349243
1297,-0.2078429,-0.06550492,0.8422059
1298,-0.2325598,-0.08877391,0.7677228
1299,-0.1972217,-0.08457798,0.7156712
1300,-0.1959593,-0.082887,0.7144167
1301,-0.1984584,-0.08711288,0.7182949
1302,-0.1980033,-0.08594503,0.7169485
1303,-0.2295422,-0.09268546,0.762946
1304,-0.2281467,-0.09359781,0.7620688
1305,-0.2308613,-0.09151427,0.7640744
1306,-0.2318243,-0.09014122,0.7657472
1307,-0.2013096,-0.1077387,0.8234928
1308,-0.208419,-0.1098357,0.815591
1309,-0.2141792,-0.1117996,0.8080838
1310,-0.2182555,-0.11278,0.80077
1311,-0.2210395,-0.112362,0.7930205
1312,-0.2228366,-0.1117844,0.7862984
1313,-0.2243805,-0.1111396,0.7813239
1314,-0.2245677,-0.1097199,0.7771703
1315,-0.2244333,-0.1078697,0.7737517
1316,-0.2243218,-0.1058695,0.7712325
1317,-0.2247295,-0.1039696,0.7688753
1318,-0.2250441,-0.1015284,0.7664177
1319,-0.2253709,-0.09912175,0.7642668
1320,-0.2253989,-0.09749613,0.7628543
1321,-0.2256392,-0.09609061,0.7616596
1322,-0.2252525,-0.09521482,0.761418
1323,-0.2240382,-0.09630239,0.761919
1324,-0.2242821,-0.09406462,0.7624985
1325,-0.2258877,-0.09451434,0.7614747
1326,-0.2269707,-0.09420744,0.7616045
1327,-0.1277137,-0.09359932,0.7297036
1328,-0.1367989,-0.09614461,0.7240815
1329,-0.1453548,-0.09885362,0.7199125
1330,-0.1532902,-0.1006542,0.7172303
1331,-0.1611281,-0.1018016,0.7159344
1332,-0.1683961,-0.1024575,0.7153473
1333,-0.1735247,-0.1026355,0.7153491
1334,-0.1779924,-0.1024826,0.7158954
1335,-0.1820114,-0.1016896,0.7166728
1336,-0.1855286,-0.100317,0.7175721
1337,-0.1887651,-0.09848832,0.71831
1338,-0.1917436,-0.09621057,0.7191213
1339,-0.1943724,-0.09382685,0.7198437
1340,-0.1960412,-0.09213166,0.7205356
1341,-0.197474,-0.09064587,0.7207044
1342,-0.1977244,-0.08969714,0.7212191
1343,-0.1967153,-0.09089833,0.7220683
1344,-0.1966836,-0.08839249,0.7221036
1345,-0.1981525,-0.08865616,0.7205583
1346,-0.1984414,-0.08806864,0.7194481
