0,-0.0001342036,-0.1324682,0.7915968
1,0.005141191,-0.1314759,0.7874111
2,0.01774766,-0.1296071,0.7772676
3,0.02590103,-0.1261783,0.7706127
4,0.0318271,-0.1177552,0.7656869
5,0.03327481,-0.1097448,0.7641556
6,0.03354727,-0.1048796,0.7635547
7,0.03678973,-0.09668308,0.7601175
8,0.03988715,-0.09405179,0.7572566
9,0.04074188,-0.08793078,0.7560963
10,0.0403045,-0.08345178,0.7559297
11,0.03891928,-0.005217582,0.7523738
12,0.04611949,-0.01925486,0.7469575
13,0.0512646,-0.02856288,0.7430598
14,0.04377183,-0.05265388,0.7505404
15,0.04385111,-0.06151884,0.7510883
16,0.03791595,0.009000793,0.7526172
17,0.05398353,-0.04245067,0.7413658
18,0.05438613,-0.03824872,0.7408589
19,0.04496916,-0.06670893,0.7504618
20,0.04806937,-0.04964112,0.7466642
21,0.05271058,-0.04586404,0.7425449
22,0.04478119,-0.07085485,0.7508074
23,0.04503468,-0.05071662,0.7493139
24,0.03748026,0.0005801842,0.7533279
25,0.04917821,-0.02486283,0.7446412
26,0.05336468,-0.0332383,0.7415064
27,0.03871554,0.01832615,0.7516055
28,0.03751323,0.04556569,0.7514945
29,0.02825395,0.07436576,0.7580187
30,0.03448486,0.06027029,0.7534098
31,0.05059068,-0.04828104,0.7444426
32,0.04347469,-0.05615687,0.7510814
33,0.03445056,-0.1004796,0.7623708
34,0.0119137,-0.1307619,0.781979
35,0.04123831,-0.01004534,0.7506442
36,-0.07330085,-0.03424201,0.7479598
37,-0.06874047,-0.05539542,0.7494645
38,-0.03534593,-0.109828,0.7591079
39,-0.02259265,-0.1168711,0.7602063
40,-0.02978349,-0.1161524,0.7643227
41,-0.04356787,-0.1085278,0.7639731
42,0.002352774,-0.1148348,0.7514235
43,-0.00901524,-0.1169941,0.7545214
44,-0.0400516,-0.1024902,0.7543328
45,0.01048049,-0.1094763,0.7508309
46,-0.004384674,-0.103132,0.745184
47,-0.01674397,-0.1046609,0.7463757
48,-0.04885519,-0.1007665,0.7594571
49,0.003879063,-0.1000324,0.7455404
50,-0.01880256,-0.09043697,0.7382802
51,-0.00629694,-0.0907309,0.738215
52,-0.04660318,-0.08520877,0.7456352
53,0.006893959,-0.05968139,0.7305443
54,0.01209341,-0.06457859,0.7348121
55,0.00514055,-0.0778328,0.735804
56,-0.002685629,-0.07605069,0.7328773
57,-0.05659309,-0.0834839,0.7513321
58,0.01387507,-0.1057651,0.7507194
59,0.001781031,-0.0895659,0.7399358
60,0.01672041,-0.1019935,0.7500619
61,0.007284947,-0.09740493,0.7455856
62,0.02375313,-0.09131446,0.7468439
63,0.01029004,-0.09449591,0.7452229
64,-0.04463383,-0.02950068,0.7290009
65,-0.06472438,-0.0646017,0.74858
66,0.01623987,-0.08692099,0.7450238
67,0.007921744,-0.08676583,0.7420363
68,0.005040132,-0.08833632,0.741017
69,0.008180566,-0.07846022,0.7371336
70,0.02583763,-0.08768043,0.7466743
71,0.01264057,-0.08351844,0.7430515
72,0.0106045,-0.07888475,0.7384194
73,0.01066973,-0.02318171,0.7400694
74,0.01267827,-0.0278675,0.7390175
75,0.02676684,-0.08476643,0.7467934
76,0.0180774,-0.08461434,0.745159
77,0.01393799,-0.07922763,0.7409605
78,0.0162104,-0.06881696,0.7370186
79,0.01410023,-0.0665798,0.73599
80,0.02648319,-0.08263595,0.7472861
81,0.01923258,-0.08267013,0.7449991
82,0.01404971,-0.08217458,0.7435118
83,0.01919149,-0.07359277,0.7395052
84,0.01900945,-0.06373779,0.7375382
85,0.02097894,-0.0249333,0.7433597
86,0.02406833,-0.03514699,0.7421159
87,-0.003298625,-0.03217549,0.7275661
88,-0.01309217,-0.02223782,0.7268752
89,0.01948907,-0.08152066,0.7452965
90,0.01494568,-0.0810182,0.7439277
91,0.01471922,-0.07934503,0.7421097
92,0.02089292,-0.06719847,0.7381756
93,0.02235014,-0.04389165,0.7418712
94,0.01660544,-0.01747103,0.7455921
95,0.01937656,-0.02141495,0.744377
96,0.009320401,-0.01933434,0.7400954
97,0.01515429,-0.08042827,0.7442191
98,0.01502928,-0.0795171,0.7430731
99,0.02003075,-0.07535929,0.7410481
100,-0.005429007,-0.01973403,0.730239
101,-0.009203482,-0.0178166,0.7292709
102,-0.03788604,-0.001478434,0.72797
103,0.01512357,-0.07960171,0.7438437
104,0.02023449,-0.07679892,0.7423113
105,0.02253615,-0.07077553,0.7393603
106,0.03501233,-0.01208112,0.7469674
107,0.03950235,-0.0216984,0.7431134
108,0.03230923,-0.02693292,0.7424943
109,0.01890389,-0.0139285,0.7477186
110,0.02216254,-0.01764008,0.7462852
111,0.01200201,-0.01776318,0.7430292
112,0.009103037,-0.01438775,0.739507
113,0.009107366,-0.009906463,0.7394348
114,-0.03036493,-0.01675045,0.7268146
115,-0.02374255,-0.01293559,0.7280555
116,0.01990084,-0.07801798,0.744149
117,0.02826235,-0.07134605,0.7408291
118,0.02756115,-0.04046395,0.739246
119,0.0330205,-0.007001415,0.7489628
120,0.0359749,-0.005894169,0.7499044
121,0.01038682,-0.001120694,0.7396201
122,-0.002237581,-0.01417974,0.7311763
123,0.0001331866,-0.01020982,0.7318194
124,-0.02204525,-0.003375754,0.7270213
125,-0.0280201,0.008934595,0.7251226
126,-0.04718123,-0.02203576,0.7297812
127,-0.06470072,-0.02411062,0.7397307
128,-0.05978174,0.005272672,0.7355344
129,-0.04833735,-0.01472038,0.7300432
130,0.02874413,-0.07336621,0.7421542
131,0.03190355,-0.05379977,0.7444551
132,0.02447054,-0.04288384,0.740619
133,0.02925143,-0.04145497,0.7379589
134,0.03174277,-0.03769811,0.7384546
135,0.01712211,-0.008091509,0.749902
136,0.01106962,-0.01341807,0.7422221
137,0.0009023324,-0.002607651,0.7304326
138,-0.01542475,-0.003552474,0.7274753
139,-0.01580191,0.001399845,0.7248966
140,-0.02154821,0.004328787,0.7239097
141,-0.06895157,0.00685025,0.7402689
142,-0.05259371,0.003219344,0.7325352
143,0.02762236,-0.07663778,0.7454319
144,0.03744733,-0.06192129,0.7442549
145,0.02369101,-0.04721889,0.7413593
146,0.0301007,-0.04649568,0.7382263
147,0.03320616,-0.03951279,0.737161
148,0.04044158,-0.03255747,0.7382385
149,0.04434136,-0.03057533,0.7387652
150,0.04303517,-0.0200026,0.7442877
151,0.02252335,-0.009209558,0.7498085
152,0.02819694,-0.003285296,0.7499323
153,0.01143868,-0.001476035,0.7420956
154,-0.04098228,0.02007297,0.7280961
155,0.03786945,-0.0674395,0.7436285
156,0.02522017,-0.05018537,0.7427862
157,0.029378,-0.04864556,0.7410454
158,0.03091262,-0.0476033,0.739682
159,0.03389161,-0.04272119,0.7365978
160,0.03442066,-0.04488606,0.7370477
161,0.02730604,0.00468038,0.747632
162,0.03188406,0.007408582,0.7479428
163,-0.01735619,0.00770133,0.7225331
164,-0.01116235,0.003652558,0.7242961
165,0.03848144,-0.07099508,0.7454452
166,0.04069649,-0.06155729,0.7466377
167,0.04210747,-0.05261868,0.7480177
168,0.03504368,-0.04612301,0.7387319
169,0.04309755,-0.04007806,0.7360274
170,0.04769933,-0.03908989,0.7365726
171,0.04810988,-0.04282517,0.737452
172,0.04391082,-0.04305524,0.7367977
173,0.04804456,-0.02922751,0.7402893
174,-0.01005817,-0.003905922,0.7282347
175,-0.01035719,-0.0001824424,0.7257573
176,-0.02214338,0.01307885,0.7239487
177,-0.03924187,0.03323821,0.7286115
178,-0.0332692,0.02708606,0.7265541
179,0.03724059,-0.07594734,0.748956
180,0.04509944,-0.04530571,0.7385166
181,0.04778612,-0.04579119,0.7392969
182,0.04519276,-0.04897973,0.744074
183,0.03425729,0.008315966,0.7491292
184,0.02187728,-0.001605608,0.7497436
185,0.01169628,-0.007942803,0.74415
186,0.01268001,-0.01176567,0.744612
187,0.01218702,-0.002560347,0.7444984
188,-0.003282219,-0.003700338,0.7292652
189,-0.003577977,0.002323203,0.7260045
190,0.03563035,-0.08308654,0.7515395
191,0.04048231,-0.06658031,0.7454973
192,0.05148069,-0.03859507,0.7382473
193,0.05135499,-0.04259984,0.7389457
194,0.01612932,0.007497095,0.7400531
195,0.01990088,0.01367047,0.7359171
196,0.0143817,-0.007047363,0.7485304
197,0.01309149,-0.005727395,0.7472863
198,-0.005640227,-0.007405706,0.7296591
199,-0.004048616,-0.001284271,0.7270527
200,-0.002709661,0.01385746,0.7228535
201,-0.0008886196,0.008172318,0.7252466
202,0.04138196,-0.07091645,0.7475815
203,0.03791704,-0.05021258,0.7454375
204,0.04197755,-0.04987321,0.7461742
205,0.04155641,-0.04905242,0.745321
206,0.0506084,-0.04596744,0.7406299
207,0.04681645,-0.04953995,0.745297
208,0.02320758,0.01993115,0.7353001
209,0.01389275,0.00361532,0.7413732
210,0.01234234,-0.004488617,0.7474114
211,-0.001024373,-0.003132723,0.7296784
212,-0.001211092,-0.000587523,0.727644
213,0.002423003,0.02205209,0.7249504
214,-0.04627638,0.0399019,0.732026
215,0.04003175,-0.07603995,0.7510487
216,0.04383056,-0.05044264,0.7475237
217,0.0154714,0.01448568,0.732285
218,0.01779685,0.02189128,0.7313267
219,0.01354377,0.008595079,0.7364726
220,0.01483385,-0.00438638,0.7480111
221,0.0008629411,0.003789671,0.7273538
222,0.00284256,0.01694202,0.7246216
223,0.004721187,0.009799369,0.7277141
224,0.009920344,0.02254648,0.7277284
225,0.03844482,-0.08341283,0.753718
226,0.009882048,0.00943882,0.7320041
227,0.009829983,0.01594745,0.7279293
228,0.01231882,0.004703574,0.7375684
229,0.01274544,0.00121785,0.7412885
230,0.01240098,-0.0003327206,0.7415982
231,-0.02072864,0.04584128,0.7283617
232,-0.02706884,0.05435687,0.7309379
233,0.009729259,0.005246252,0.7339566
234,0.00275562,0.0006262511,0.7291768
235,0.005998127,0.004970126,0.7303008
236,0.01149458,0.001744717,0.7382329
237,0.01126106,0.0002765656,0.7388933
238,0.003798015,-0.001651041,0.7319455
239,-0.008838262,0.05104189,0.7291155
240,0.009793285,0.002036914,0.7352108
241,0.00892197,-0.0006525889,0.7368203
242,0.009589329,0.0004750043,0.7359716
243,0.006858252,0.001518562,0.7318841
244,0.006633822,-0.0007986426,0.7341775
245,-0.01579997,0.0605405,0.7320458
246,-0.006085951,0.0653497,0.7348597
247,0.002446033,0.06886405,0.7382785
248,0.01710643,0.05846041,0.7383465
249,0.009817805,0.05645688,0.7344581
250,0.00957996,0.07151097,0.7423961
251,0.02670333,0.04507541,0.7409879
252,0.02080506,0.04451852,0.7362802
253,0.01422194,0.043976,0.7322497
254,0.006461293,0.04305904,0.7294739
255,-0.002753478,0.04072892,0.7271277
256,-0.01434452,0.03648888,0.7255526
257,0.0316974,-0.001468539,0.749902
258,0.03394366,2.297759E-05,0.7507004
259,0.01426987,-0.0150452,0.7456756
260,0.02539843,-0.01351127,0.7478977
261,0.02836733,-0.03067876,0.7423056
262,0.02460337,-0.05293857,0.7431996
263,0.03072783,-0.06524346,0.7405756
264,0.03259158,-0.06951469,0.7413201
265,0.002539042,-0.01057272,0.7331508
266,0.0006588809,-0.01507929,0.7325333
267,-0.001624979,-0.02058082,0.7319357
268,-0.00289277,-0.02532415,0.7299542
269,0.002621923,-0.03186454,0.7309889
270,0.035828,-0.0715153,0.7441792
271,0.03440953,-0.0758708,0.7475397
272,0.03282974,-0.08278944,0.7499838
273,-0.0246349,-0.07098595,0.7314847
274,-0.0155284,-0.07303233,0.7310155
275,-0.04437453,-0.06610055,0.7360032
276,-0.04244198,-0.05799854,0.7328951
277,-0.01283842,-0.063883,0.7278317
278,-0.01540083,-0.012499,0.7291349
279,-0.007500701,-0.01080838,0.7296819
280,-0.07354882,-0.02502275,0.7465931
281,0.001306564,0.05441453,0.731327
282,0.02929738,0.05989338,0.7478756
283,0.03061351,-0.03557473,0.7401433
284,0.03885017,-0.02949852,0.7399127
285,0.0425681,-0.0274712,0.7403992
286,0.0460858,-0.0259188,0.7417846
287,-0.005247809,-0.00420361,0.7292554
288,-0.004980247,-0.0127878,0.7302337
289,-0.01287433,-0.01512574,0.7289209
290,-0.01791372,-0.01943059,0.7268886
291,-0.02770783,-0.02127305,0.7256555
292,0.04225978,-0.03581515,0.7367053
293,0.04664653,-0.03425972,0.7372552
294,0.05040364,-0.03341009,0.7389783
295,0.02250629,0.07404608,0.7523667
296,0.02248273,-0.04946359,0.7430014
297,0.02590065,-0.03983059,0.7404345
298,0.01682375,-0.004148245,0.7494588
299,0.01673557,-0.04579501,0.7367353
300,0.01874041,-0.05137701,0.7393343
301,0.02015504,-0.05458967,0.7394708
302,0.008009207,-0.03031363,0.7350672
303,0.006412763,-0.02470009,0.7364965
304,0.006004617,-0.0202788,0.7371437
305,0.006655462,-0.0149119,0.7368839
306,0.03325286,-0.05124715,0.744794
307,0.02210522,-0.05825406,0.7396455
308,0.02409495,-0.06304924,0.7392331
309,0.02675936,-0.0677989,0.7395972
310,0.0236908,-0.07358582,0.7409353
311,0.02409585,-0.07517824,0.7420285
312,0.02367968,-0.07714961,0.7447681
313,0.02294631,-0.08221824,0.7462093
314,0.01595768,-0.01138142,0.7475975
315,0.01385601,-0.009051003,0.7467499
316,0.01244568,-0.003661893,0.7464411
317,0.04427247,-0.04840968,0.7435054
318,0.03873914,-0.05221197,0.7458122
319,0.03947539,-0.04497059,0.7382085
320,0.02928399,-0.05124955,0.7440392
321,0.04895305,-0.04833268,0.7428557
322,0.04688968,-0.04779075,0.7416875
323,0.04548998,-0.04726058,0.7412837
324,0.0421699,-0.04743493,0.7428936
325,-0.00176828,-0.002463847,0.7285411
326,0.000451088,-0.001995198,0.7291214
327,0.003997508,-0.0008743927,0.7308413
328,0.00717371,0.000136219,0.7331816
329,0.01332761,-0.004350744,0.7472027
330,0.01221212,-0.006367482,0.7462251
331,0.01067981,-0.009350173,0.7419056
332,0.007324453,-0.0102142,0.737129
333,-0.002104256,-0.009617351,0.730835
334,-0.007360425,0.0008815229,0.7256854
335,-0.03702688,0.04729374,0.7311991
336,-0.03045629,0.04020999,0.7281384
337,-0.02483627,0.03259405,0.7257035
338,-0.01389359,0.01645423,0.7229525
339,-0.009709105,0.01104595,0.7219658
340,-0.006059807,0.005927168,0.7243119
341,-0.004004516,-0.003088102,0.7284418
342,-0.006559316,-0.001873173,0.7270083
343,-0.00391043,-0.008655787,0.730134
344,0.03250442,0.01785615,0.7446093
345,0.02791521,0.01763939,0.7400727
346,0.02299079,0.01240907,0.7392771
347,0.01821607,0.006285511,0.7431879
348,0.01474025,0.002006367,0.7442362
349,0.01374028,7.147342E-05,0.7440721
350,0.01307244,-0.001643762,0.7442024
351,0.01710857,-0.06058279,0.7370249
352,0.01548163,-0.05798288,0.7363027
353,0.0125263,-0.05225117,0.7329221
354,0.008660719,-0.03562193,0.7331772
355,0.03915786,-0.08788938,0.7538226
356,0.03821668,-0.09383964,0.7545688
357,0.03496923,-0.09673831,0.7574545
358,0.03106023,-0.1052575,0.7606106
359,0.03088373,-0.110097,0.7613614
360,0.02878882,-0.1179401,0.7623406
361,0.02235204,-0.1261816,0.7664872
362,0.01353895,-0.1294848,0.7721652
363,-1.468509E-05,-0.1313075,0.7813904
364,-0.005804561,-0.1321357,0.7854287
365,0.03681408,-0.08741183,0.7512747
366,0.03597894,-0.09274276,0.7516484
367,0.03275458,-0.09650686,0.7543332
368,0.0281764,-0.1056488,0.7579672
369,0.02772348,-0.110641,0.7583614
370,0.02511931,-0.1176779,0.7588194
371,0.01782512,-0.1255983,0.7624396
372,0.008625384,-0.1286654,0.7674243
373,-0.005535711,-0.1297649,0.7763389
374,-0.01185922,-0.1301224,0.7800318
375,0.03420243,-0.08680242,0.7493864
376,0.03333914,-0.09132825,0.7494193
377,0.03049376,-0.09570036,0.7514724
378,0.02512454,-0.1057992,0.7556552
379,0.02402479,-0.1108088,0.7558965
380,0.02037819,-0.1168849,0.7558444
381,0.01278456,-0.1238435,0.7582675
382,0.00327922,-0.1260472,0.7628274
383,-0.01133476,-0.1264914,0.7707818
384,-0.01802114,-0.12675,0.7749802
385,0.02265006,-0.08358867,0.7460076
386,0.02171814,-0.08584012,0.7461309
387,0.01955152,-0.08877401,0.7456414
388,0.01022457,-0.1016846,0.74821
389,0.006884009,-0.1047155,0.7483112
390,-0.001362137,-0.1087036,0.7486201
391,-0.01353662,-0.1112006,0.7506147
392,-0.02751451,-0.1110495,0.7551653
393,0.03284252,-0.05782105,0.7436541
394,0.03733431,-0.05641894,0.7454776
395,0.04100419,-0.05632864,0.7479932
396,0.01791158,-0.07130162,0.7381542
397,0.01250629,-0.07909273,0.7396827
398,0.0104982,-0.0851857,0.7427181
399,0.01319541,-0.09089962,0.7447624
400,0.01635749,-0.09413366,0.7463214
401,0.01992608,-0.09735191,0.7486627
402,0.026908,-0.1005423,0.75425
403,0.0294915,-0.1009616,0.7568882
404,0.0322036,-0.1006825,0.7596515
405,0.007084835,-0.1304574,0.7763141
406,0.001782443,-0.1292351,0.7715477
407,-0.003834732,-0.1264792,0.7664096
408,-0.01607636,-0.1171627,0.757277
409,-0.02065122,-0.1115685,0.752492
410,-0.02419869,-0.104865,0.7479354
411,-0.02738095,-0.08957177,0.7393486
412,-0.02208104,-0.06174104,0.7284902
413,-0.01330464,-0.0379514,0.7241079
414,-0.009739004,-0.03133024,0.7253113
415,-0.007922009,-0.02427794,0.7279253
416,-0.0317941,-0.1041088,0.7503079
417,-0.03637136,-0.08769031,0.7416862
418,-0.03473067,-0.06878185,0.7334769
419,-0.03235845,-0.05976645,0.7302426
420,-0.02209043,-0.03528892,0.7238129
421,0.008739974,-0.08260016,0.7402357
422,0.005968533,-0.08318646,0.7388247
423,0.002976693,-0.08340964,0.7374206
424,-0.004937373,-0.0834216,0.7352558
425,-0.01762184,-0.08209253,0.7345936
426,-0.02656872,-0.08068384,0.7350972
427,-0.03706437,-0.0783494,0.737227
428,-0.04933631,-0.07410287,0.7408396
429,-0.06028793,-0.07393741,0.7483426
430,0.01101023,-0.08200008,0.741233
431,0.0127164,-0.08121122,0.742048
432,0.01387893,-0.08055163,0.7427533
433,0.01434698,-0.08019903,0.743371
434,0.01465375,-0.07997635,0.7439813
435,-0.02322618,-0.02538887,0.724639
436,-0.009244449,-0.008884944,0.7294639
437,-0.02146816,-0.01637718,0.7273721
438,-0.01715921,-0.009512581,0.7291213
439,-0.0107292,-0.00747142,0.7292482
440,-0.006598942,-0.004629612,0.7296128
441,-0.007081408,-0.006357439,0.7293674
442,-0.007576242,-0.004322886,0.7288282
443,0.03217617,0.04537745,0.7459821
444,0.02360065,0.05928823,0.7427279
445,0.0161999,0.07320307,0.7471161
446,0.03836104,-0.01077005,0.7481292
447,0.02780734,-0.01756996,0.746068
448,0.02438981,-0.02151194,0.7448355
449,0.01360257,-0.0324583,0.7375879
450,0.002339549,-0.03787831,0.7288098
451,-0.005108114,-0.03856269,0.7257155
452,-0.03055423,-0.03134404,0.7249461
453,-0.03573834,-0.02557072,0.7262162
454,-0.005207889,0.01971986,0.7231504
455,-0.05613269,-0.06437293,0.7420734
456,-0.05458203,-0.03139152,0.734224
457,-0.06399387,-0.03269655,0.7406802
458,-0.01678382,-0.02897958,0.7243393
459,-0.03851758,-0.01999953,0.7273827
460,-0.04769239,0.02515319,0.7301268
461,-0.05601361,-0.02330706,0.7340385
462,-0.05596401,0.0308441,0.7343433
463,-0.02947566,-0.002907887,0.7269359
464,0.001881149,-0.02550997,0.7328719
465,0.002178095,-0.02085689,0.7341474
466,0.003785253,-0.01532097,0.7345141
467,0.005076494,-0.01061385,0.7350719
468,0.02977019,-0.0440996,0.7377976
469,-0.007358275,-0.00538443,0.7297586
470,-0.007619135,-0.005579203,0.729205
471,-0.0112836,-0.0061597,0.7289709
472,-0.01780828,-0.00732585,0.7288504
473,-0.02453673,-0.00949616,0.7282036
474,-0.03157884,-0.01220147,0.7274654
475,-0.03981011,-0.01404873,0.7280409
476,-0.05631185,-0.01491222,0.7335724
477,-0.0644327,-0.01503194,0.7384737
478,-0.07261033,-0.01529289,0.7446368
479,0.020002,-0.0400888,0.7407935
480,0.01768676,-0.02887462,0.7410952
481,0.016428,-0.02491593,0.742119
482,0.01399394,-0.02087054,0.7429957
483,0.02800829,-0.05944572,0.7414908
484,0.03417514,-0.06351205,0.7423822
485,0.03555708,-0.06852396,0.7423774
486,0.02715854,-0.04805292,0.7402874
487,0.02642,-0.04356514,0.7391834
488,0.0296216,-0.009320229,0.7486807
489,0.03153484,-0.01418899,0.7467113
490,0.03600936,-0.02386483,0.7427011
491,0.03484368,-0.03238759,0.7399315
492,0.03645486,-0.03500325,0.7383873
493,0.03847287,-0.0374416,0.7368724
494,0.0390358,-0.04109474,0.7361568
495,0.03919232,-0.04349801,0.7366918
496,0.03877728,0.03091876,0.7510284
497,0.03367035,0.03099274,0.7446119
498,0.02863649,0.03129464,0.7390448
499,0.02236292,0.03170593,0.7341089
500,0.01475209,0.03198265,0.7311358
501,0.007513277,0.03168204,0.7284425
502,0.0004192442,0.03060652,0.7257131
503,-0.008975856,0.02719054,0.7237554
504,-0.02019919,0.02391624,0.7244418
505,-0.02870029,0.02061779,0.7253317
506,-0.03563254,0.01533908,0.7267308
507,-0.04625091,0.001129195,0.7302858
508,0.02599656,-0.04612098,0.7397256
509,-0.02374738,-0.1221176,0.7699822
510,-0.01704762,-0.1220607,0.7657079
511,-0.01000948,-0.1222099,0.7619271
512,-0.002816927,-0.1217687,0.758486
513,0.007352266,-0.120459,0.7547706
514,0.01481735,-0.1144405,0.753172
515,0.01877877,-0.1096362,0.7531813
516,0.02104979,-0.1047316,0.7530318
517,0.02339261,-0.09941633,0.7513163
518,0.02763852,-0.09398812,0.7488664
519,0.03023405,-0.0898395,0.7477878
520,0.03045045,-0.08581354,0.7478013
521,0.0296332,-0.0827546,0.7486525
522,0.03107207,-0.07603279,0.7463405
523,0.03258279,-0.0721531,0.742875
524,0.02723432,-0.04977342,0.7433165
525,0.03744841,-0.04715587,0.7428126
526,-0.0513376,-0.05598179,0.7369432
527,-0.05961037,-0.05595525,0.7420741
528,-0.03731332,-0.1155351,0.7688702
529,-0.01100419,-0.1333354,0.7889458
530,-0.0173279,-0.131075,0.7835469
531,-0.004908122,-0.1337309,0.7953423
532,-0.02375406,-0.1272742,0.7786068
533,-0.03059165,-0.1219726,0.7737631
534,0.01315047,-0.0983966,0.7472099
535,-0.04775767,0.01248909,0.7304055
536,-0.05464682,0.01572789,0.7327391
537,-0.0637094,0.01896569,0.7365903
538,-0.005997725,-0.00361333,0.7284852
539,-0.008473244,-0.00298845,0.7276222
540,-0.01316187,-0.001699038,0.7264505
541,-0.0191962,-0.0009302124,0.7259571
542,-0.02573613,0.0008873567,0.7255553
543,-0.03382722,0.004203834,0.7266054
544,-0.0416387,0.009273142,0.7286382
545,-0.04881731,-0.007116675,0.7306032
546,-0.05570893,-0.006169334,0.7332394
547,-0.06337701,-0.005411118,0.7369168
548,-0.07118689,-0.0048251,0.7427785
549,-0.007829174,-0.004947431,0.7291882
550,-0.01107485,-0.005103059,0.7287704
551,-0.01704406,-0.005393684,0.7283175
552,-0.02406146,-0.006250933,0.7279375
553,-0.03207361,-0.007501498,0.7276871
554,-0.04042711,-0.008157536,0.7285243
555,0.04051455,-0.1044261,0.8014421
556,0.03617615,-0.1072418,0.8128657
557,0.0389249,-0.1001531,0.8158238
558,0.04267309,-0.09832276,0.8041092
559,0.02915767,-0.1257896,0.775117
560,0.02178954,-0.1289742,0.7824664
561,0.02531391,-0.1276217,0.7883497
562,0.0321389,-0.1246534,0.7806707
563,0.04170234,-0.1002576,0.7936369
564,0.04306942,-0.09491906,0.7960959
565,0.03607196,-0.1008101,0.8230335
566,0.03212888,-0.100135,0.8298611
567,0.03876765,-0.08217858,0.8348556
568,0.04276588,-0.08382525,0.8264836
569,0.03441354,-0.1176017,0.7695028
570,0.03703887,-0.1168452,0.7740896
571,0.03503446,-0.1220712,0.786797
572,0.0286161,-0.1243599,0.794627
573,0.0315696,-0.1191109,0.8015258
574,0.03729157,-0.1174691,0.7929719
575,0.04200947,-0.09744676,0.7904479
576,0.04333046,-0.09241415,0.7930126
577,0.0477558,-0.08487985,0.8058189
578,0.04537002,-0.08449538,0.8181123
579,0.04882409,-0.07625356,0.8168165
580,0.05066265,-0.07792482,0.8043926
581,0.04245055,-0.07281949,0.835287
582,0.04666264,-0.07485732,0.8256304
583,0.03545497,-0.1097703,0.767269
584,0.03760364,-0.1098308,0.7712127
585,0.03876186,-0.1152405,0.7796875
586,0.03960064,-0.1114479,0.7859518
587,0.03896394,-0.1110505,0.7981006
588,0.04054403,-0.1057236,0.7904216
589,0.04677334,-0.08398749,0.7982119
590,0.05791706,-0.05714264,0.7900102
591,0.05253153,-0.06139988,0.7856803
592,0.05094659,-0.07340506,0.7945404
593,0.05343778,-0.07155808,0.8016174
594,0.0327787,-0.08008642,0.8437147
595,0.02512372,-0.07871716,0.8518746
596,0.02706008,-0.06906877,0.8552273
597,0.0364186,-0.06897385,0.8460938
598,0.03908478,-0.1093679,0.7757537
599,0.04021677,-0.1072399,0.7818196
600,0.04900671,-0.07805104,0.79735
601,0.04504902,-0.08689023,0.7873294
602,0.04471087,-0.09060843,0.7843342
603,0.04346748,-0.09455212,0.7876213
604,0.04421247,-0.0899611,0.7902641
605,0.0460474,-0.08303795,0.7953911
606,0.04806083,-0.07802813,0.7948966
607,0.03655933,-0.1003804,0.7652947
608,0.03576674,-0.1048432,0.7668204
609,0.03770985,-0.1048693,0.7704278
610,0.03860525,-0.1002402,0.7687418
611,0.05003139,-0.07400694,0.7922962
612,0.03928874,-0.05084568,0.8470094
613,0.04064437,-0.02632888,0.8487846
614,0.04754924,-0.02396663,0.8397371
615,0.04496529,-0.05265865,0.8392629
616,0.04057161,-0.09929231,0.7721162
617,0.03921469,-0.1045703,0.7742258
618,0.04060432,-0.1028323,0.7790911
619,0.04239269,-0.09764741,0.7764497
620,0.04197601,-0.09915192,0.7839774
621,0.04384524,-0.09475279,0.7806745
622,0.04548066,-0.08327726,0.7783301
623,0.0457923,-0.08580087,0.7809113
624,0.0451424,-0.08339916,0.7841057
625,0.04515431,-0.08155508,0.7820196
626,0.04576094,-0.08196351,0.7926018
627,0.04560974,-0.08082173,0.7897894
628,0.05149075,-0.06316911,0.7843118
629,0.05613815,-0.05018516,0.7835276
630,0.05148191,-0.05539442,0.7814812
631,0.04196184,-0.09358072,0.7596655
632,0.03883728,-0.09645214,0.7626404
633,0.04130943,-0.09577736,0.7656257
634,0.04412063,-0.0920604,0.7626057
635,0.04774617,-0.07807973,0.7918383
636,0.04729641,-0.07802115,0.7891155
637,0.05105276,-0.05760721,0.7805016
638,0.04947907,-0.04929691,0.77733
639,0.05242875,-0.04397015,0.7784634
640,0.0465545,-0.02078251,0.7832309
641,0.04824653,-0.0252565,0.7816861
642,0.05149937,-0.02720057,0.7871445
643,0.04940689,-0.02184654,0.7881861
644,0.04551846,-0.09024744,0.7658253
645,0.04343916,-0.09452111,0.7687161
646,0.04506009,-0.09225945,0.772236
647,0.04617836,-0.08827946,0.7693958
648,0.04575573,-0.08903197,0.7765489
649,0.04605386,-0.08561671,0.7740525
650,0.04526353,-0.08130183,0.7769951
651,0.04522751,-0.07994282,0.7805495
652,0.04563773,-0.079631,0.7875486
653,0.04534168,-0.07862073,0.7859412
654,0.04877463,-0.07541726,0.7875766
655,0.04952507,-0.07477149,0.7898094
656,0.0510216,-0.06547379,0.7825367
657,0.05028203,-0.06813725,0.7811071
658,0.0495467,-0.05217268,0.7765306
659,0.04242894,-0.08764374,0.7583191
660,0.04415557,-0.0867977,0.7613646
661,0.04480223,-0.08009119,0.7763891
662,0.04477075,-0.0789443,0.7799673
663,0.04662288,-0.07777359,0.7872282
664,0.04594375,-0.077309,0.7860492
665,0.05084319,-0.06442507,0.7774724
666,0.05099639,-0.06078496,0.7790318
667,0.04981732,-0.05587422,0.7750379
668,0.04767571,-0.03384148,0.7703268
669,0.04525229,-0.02324224,0.7726448
670,0.04427107,-0.0202473,0.7689002
671,0.04790427,-0.02957807,0.7660152
672,0.04845832,-0.01775015,0.7882454
673,0.04611661,-0.01712143,0.7843867
674,0.05706579,-0.02416741,0.8134006
675,0.05504907,-0.01813421,0.809
676,0.05512355,-0.02039525,0.8038746
677,0.05765762,-0.02681634,0.806529
678,0.04178972,-0.08318962,0.7584962
679,0.04316557,-0.08251628,0.761925
680,0.04525765,-0.08583633,0.7645453
681,0.04572291,-0.08438773,0.7687267
682,0.04563316,-0.08299078,0.772731
683,0.04494046,-0.07775636,0.7848115
684,0.04771228,-0.07597885,0.7860029
685,0.04946754,-0.07075129,0.780072
686,0.04820155,-0.07296201,0.7793557
687,0.04652476,-0.07625626,0.7851828
688,0.04380171,-0.01976137,0.7737975
689,0.04194076,-0.01590388,0.7760772
690,0.04012641,-0.01265541,0.7732574
691,0.0422834,-0.01636552,0.7705646
692,0.04862151,-0.01261134,0.7873977
693,0.04648172,-0.01232701,0.7844791
694,0.05072698,-0.01796613,0.7925938
695,0.05043022,-0.0127718,0.7906489
696,0.05329477,-0.01435624,0.804482
697,0.05311175,-0.01640407,0.8007011
698,0.04383539,-0.08196513,0.765252
699,0.04422498,-0.0815188,0.7688661
700,0.04473151,-0.08099344,0.7725162
701,0.04470883,-0.0773745,0.7844056
702,0.04531267,-0.0770205,0.7853819
703,0.05031231,-0.0683388,0.7761987
704,0.04912299,-0.0715857,0.775322
705,0.04133495,-0.01349398,0.7782608
706,0.04415459,-0.01889167,0.7792939
707,0.04364122,-0.01589983,0.7811239
708,0.04476958,-0.07685961,0.7848352
709,0.04561546,-0.07645179,0.7846181
710,0.04718492,-0.074407,0.7791004
711,0.04345391,-0.01350501,0.7611369
712,0.04861203,-0.02321794,0.7579937
713,0.04824614,-0.02604567,0.7618833
714,0.04353487,-0.01662052,0.7650917
715,0.04411309,-0.01161524,0.7819706
716,0.04198765,-0.01021808,0.7798666
717,0.05169087,-0.01220712,0.8255508
718,0.05159264,-0.008989863,0.8186885
719,0.0527806,-0.01228818,0.816705
720,0.05337306,-0.01647662,0.8233366
721,0.04488792,-0.07653169,0.7843205
722,0.04544311,-0.07560749,0.7791877
723,0.04825526,-0.07325024,0.7749351
724,0.04125808,-0.006543748,0.75886
725,0.04083016,-0.005645871,0.75573
726,0.04319988,-0.01053823,0.7539716
727,0.04377371,-0.01159257,0.7575498
728,0.04615986,0.0009809285,0.7824199
729,0.04638714,-0.00802397,0.7842971
730,0.04833889,-0.008120328,0.786497
731,0.04861166,0.001627825,0.7843331
732,0.04992832,-0.008329004,0.789095
733,0.05078866,0.001739711,0.7870179
734,0.05164502,-0.006066799,0.8118315
735,0.05208678,-0.008998513,0.8102743
736,0.05261614,0.0002931654,0.8165579
737,0.0514419,-0.002514869,0.8185923
738,0.0502592,-0.003342241,0.82662
739,0.05132011,0.001124695,0.8238738
740,0.04567327,-0.07522293,0.7749704
741,0.04807149,-0.04237446,0.7728427
742,0.04970878,-0.03837928,0.7691889
743,0.05126186,-0.03909799,0.7678102
744,0.04928241,-0.04137771,0.7707163
745,0.05314774,-0.04279244,0.7659709
746,0.05289651,-0.04011015,0.7664071
747,0.05432948,-0.03841403,0.7625543
748,0.05498764,-0.04166679,0.7620704
749,0.05346859,0.0002045482,0.7934518
750,0.05220997,-0.007602289,0.7944861
751,0.05273356,-0.006849863,0.7968038
752,0.05388214,-0.0002039745,0.7954818
753,0.05260435,-0.0043009,0.8053522
754,0.05271769,-0.005769804,0.8039497
755,0.05563997,0.00482516,0.8103836
756,0.05408779,0.002635993,0.8137208
757,0.05325221,0.004765451,0.8201642
758,0.05554678,0.008065172,0.8160686
759,0.05101977,-0.06371913,0.7671392
760,0.05014929,-0.06238525,0.7629657
761,0.05045518,-0.06748311,0.7620196
762,0.05085354,-0.06817645,0.765633
763,0.04865211,-0.04543451,0.7716868
764,0.04690205,-0.04745209,0.7729842
765,0.05415215,-0.03185468,0.7548642
766,0.05428829,-0.03009132,0.750773
767,0.05633337,-0.03382327,0.7489612
768,0.0561531,-0.03514529,0.7534696
769,0.04818822,-0.01977811,0.7505484
770,0.04875065,-0.02122332,0.7543398
771,0.03926763,-0.00258331,0.7632343
772,0.03858178,-0.008249849,0.769062
773,0.0381614,-0.0007280409,0.7692249
774,0.04102301,0.005231261,0.7640998
775,0.04423308,-0.00765346,0.782247
776,0.04390559,0.0003148466,0.7810459
777,0.04170957,-0.0009615198,0.7798926
778,0.04214857,-0.006437346,0.7807344
779,0.05582125,0.00309182,0.8049622
780,0.05472416,0.001643948,0.8077488
781,0.05757613,0.01120622,0.8118832
782,0.05698428,0.006892152,0.8057027
783,0.04760239,-0.04860773,0.7701123
784,0.04742306,-0.04848251,0.7678912
785,0.04713824,-0.05011468,0.7659714
786,0.0470985,-0.0512884,0.771212
787,0.0500112,-0.04741617,0.7660299
788,0.05158899,-0.04645023,0.7646812
789,0.05322298,-0.04519975,0.760734
790,0.05738848,-0.03859199,0.748267
791,0.05713434,-0.0393788,0.7529409
792,0.04141778,0.007739812,0.7594381
793,0.0398673,-0.001019791,0.7597413
794,0.05641422,0.004035994,0.8018698
795,0.04742463,-0.06114628,0.7551848
796,0.04905563,-0.06120466,0.7590892
797,0.0475292,-0.05573722,0.7584578
798,0.04588202,-0.0560136,0.7542171
799,0.05675013,-0.04242516,0.7479069
800,0.0566223,-0.04245502,0.7521881
801,0.05340648,-0.02898989,0.7467892
802,0.05529086,-0.03319082,0.7448924
803,0.04805825,0.01290624,0.7690367
804,0.04788443,0.01815514,0.7640477
805,0.05572819,0.00173872,0.7986074
806,0.05537149,0.001273192,0.8011159
807,0.05780357,0.00884033,0.8005558
808,0.0567328,0.005216196,0.7980022
809,0.04837077,-0.070229,0.7584943
810,0.04487778,-0.07537124,0.7594339
811,0.04543966,-0.07504264,0.7627551
812,0.04874568,-0.07054639,0.7616546
813,0.04877,-0.06605991,0.7560003
814,0.04986654,-0.0666593,0.7591288
815,0.05525358,-0.04481106,0.7508389
816,0.05266459,-0.04693094,0.750071
817,0.05641484,-0.03836532,0.7442108
818,0.04071956,0.008461855,0.7568328
819,0.039462,0.0002564937,0.7572786
820,0.04363917,0.006920896,0.7733119
821,0.0556423,0.002381146,0.7957238
822,0.05586865,-0.04240259,0.744415
823,0.04441766,0.01818472,0.7589085
824,0.04628963,0.008297533,0.7757972
825,0.05070395,0.01442403,0.7725896
826,0.04204897,0.003070794,0.7769418
827,0.04471498,0.00485833,0.7781945
828,0.0593305,0.01417809,0.8041425
829,0.04712146,-0.07056811,0.7549515
830,0.04741225,-0.04956638,0.7529319
831,0.0480869,-0.04871426,0.7534477
832,0.05034333,-0.04810406,0.7509655
833,0.04996085,-0.04874323,0.7499849
834,0.05255239,-0.04753227,0.7486261
835,0.05499072,-0.0454624,0.74804
836,0.05421966,-0.04579008,0.744984
837,0.05182816,-0.04820263,0.7463752
838,0.05152888,0.02064336,0.7692498
839,0.05321932,0.01565772,0.7773872
840,0.04925811,0.009768359,0.7788717
841,0.04214711,0.00148464,0.778168
842,0.04470538,0.002834007,0.7795609
843,0.03893863,-0.003066212,0.7792537
844,0.03920354,-0.004386127,0.7786019
845,0.04011822,-0.004946537,0.7797303
846,0.03987085,-0.002162188,0.7793027
847,0.05762257,0.01080632,0.7950405
848,0.05944886,0.01646887,0.7968398
849,0.05848283,0.0191652,0.790865
850,0.0560645,0.01199244,0.7890075
851,0.04583853,-0.05238888,0.7527506
852,0.04648849,-0.05029642,0.7508658
853,0.04364894,-0.07576822,0.7560017
854,0.0472646,-0.05169046,0.7565143
855,0.04737073,-0.04967552,0.7571102
856,0.04715122,-0.05044411,0.7619515
857,0.04913006,-0.04941779,0.7481821
858,0.05420325,0.02289329,0.7749751
859,0.04808957,0.006382279,0.7803307
860,0.0375264,-0.003004007,0.7743515
861,0.03861225,-0.003134727,0.7766896
862,0.05480255,0.0005692691,0.7961731
863,0.05460656,0.0009746701,0.7939579
864,0.05618441,0.006399356,0.7932756
865,0.05483141,0.003348522,0.7914696
866,0.05645456,0.01770595,0.7835784
867,0.05284333,0.0111322,0.7832432
868,0.05114885,0.007179305,0.7833759
869,0.04748652,0.003682569,0.7813175
870,0.04208772,-7.18683E-05,0.7789882
871,0.04447907,0.001401789,0.7800823
872,0.05407763,0.007164419,0.7876405
873,0.05290727,0.004002132,0.7869406
874,0.05017758,0.004199162,0.7834681
875,0.04695735,0.002312489,0.7816264
876,0.05249598,0.001008853,0.7902594
877,0.05355056,0.001971021,0.7901145
878,0.04557938,0.05788568,0.8179871
879,0.04626317,0.06356415,0.8064776
880,0.0508073,0.05390851,0.8003416
881,0.04968434,0.0492225,0.8123332
882,0.04954541,0.002789758,0.783685
883,0.05184887,0.00279437,0.7865329
884,0.04506953,0.06783177,0.7962576
885,0.05030595,0.05675052,0.7899122
886,0.04313459,0.07085665,0.7872106
887,0.04616484,0.05970375,0.7731224
888,0.04871302,0.05821447,0.7809981
889,0.04029191,0.07301745,0.7793299
890,0.03680144,0.0742065,0.7718909
891,0.03276516,0.07454577,0.7647046
892,0.03899737,0.06030346,0.7594931
893,0.04303781,0.06009743,0.7660108
894,0.04585343,0.04572679,0.7638637
895,0.04858016,0.03179817,0.7629349
896,0.05221076,0.03260928,0.7697313
897,0.04938304,0.04555935,0.7703754
898,0.05376468,0.03334613,0.7774101
899,0.05213218,0.04548883,0.7774369
900,0.0535196,0.0451057,0.7854765
901,0.05515731,0.03356485,0.7849379
902,0.05658806,0.03299334,0.7923872
903,0.05430821,0.04331928,0.7949708
904,0.0570987,0.03013911,0.8021101
905,0.0540055,0.0396771,0.8068087
906,0.05215094,0.03621232,0.8173534
907,0.05470116,0.02734456,0.813269
908,0.0523631,0.02437471,0.821802
909,0.04997366,0.03104365,0.825915
910,0.04099208,-0.1023994,0.787104
911,0.05282529,-0.04520775,0.7656946
912,0.05471487,-0.04386624,0.761545
913,0.05034072,-0.04658214,0.7683302
914,0.04114098,-0.01254459,0.7668706
915,0.0533893,-0.03413461,0.7588985
916,0.05539687,-0.0366334,0.7572742
917,0.05267233,-0.03654936,0.7636902
918,0.05630706,-0.04029058,0.7570065
919,0.05588215,-0.04269567,0.7568644
920,0.05451375,-0.04425434,0.7564333
921,0.05729889,-0.03395975,0.7943391
922,0.05398003,-0.03228865,0.7870936
923,0.05462111,-0.02826629,0.7933368
924,0.05218183,-0.0222675,0.793338
925,0.05134967,-0.008121841,0.7919095
926,0.05257881,-0.0112864,0.7971495
927,0.05182035,-0.01231785,0.7940833
928,0.05218556,-0.01742925,0.7967245
929,0.0504815,-0.06573567,0.8234171
930,0.05293448,-0.06807641,0.8145435
931,0.04623971,-0.0632772,0.8327302
932,0.04986506,-0.05435025,0.8302441
933,0.05404358,-0.05662288,0.8206707
934,0.05158518,-0.02007122,0.8312205
935,0.05399607,-0.02558018,0.8266971
936,0.05716149,-0.05938077,0.8113706
937,0.03286757,-0.1078922,0.8194183
938,0.0587957,-0.03407579,0.8023681
939,0.05690777,-0.02977811,0.8190494
940,0.0586592,-0.03295558,0.8106558
941,0.0501991,-0.0296545,0.7812358
942,0.05062317,-0.03446476,0.7643828
943,0.05145358,-0.03152011,0.7600803
944,0.05144142,-0.02568105,0.7482725
945,0.05221304,-0.02696465,0.7520996
946,0.05293383,-0.009765036,0.7999249
947,0.05286056,-0.01158173,0.8079889
948,0.0529221,-0.007710978,0.8023601
949,0.05400353,-0.01529877,0.8135242
950,0.05683855,-0.02811231,0.7998584
951,0.05064691,0.008330248,0.8277818
952,0.05307051,0.01284178,0.8220111
953,0.05528866,0.01674376,0.8160172
954,0.05764679,0.01977904,0.8076201
955,0.05865893,0.02250318,0.7986975
956,0.05798613,0.02426661,0.7908522
957,0.05641525,0.02415217,0.7830908
958,0.04195623,0.04571193,0.7576831
959,0.04411625,0.03122911,0.7571293
960,0.05069677,-0.0609042,0.7738122
961,0.05110517,-0.06592384,0.7716524
962,0.05209928,-0.02885468,0.7559889
963,0.04918724,-0.07183107,0.7699465
964,0.05033614,-0.06977023,0.7704572
965,0.04939198,-0.07092964,0.7655753
966,0.04588121,-0.07518549,0.7706438
967,0.04583894,-0.07492515,0.7666857
968,0.03744175,-0.007060945,0.7742814
969,0.03960615,-0.01009396,0.7760276
970,0.03998304,-0.007694542,0.7781478
971,0.03823907,-0.005831093,0.7771688
972,0.04099697,-0.008628599,0.762368
973,0.04566704,-0.0228143,0.7772695
974,0.04715204,-0.02661217,0.7764764
975,0.03927512,-0.002990313,0.7783102
976,0.03260178,-0.02781631,0.8569499
977,0.03308482,-0.01922467,0.8573778
978,0.04024841,-0.01832915,0.8498194
979,0.04884665,-0.03853451,0.7744445
980,0.04733358,-0.0527957,0.7637626
981,0.05047353,-0.04703714,0.7531458
982,0.0496999,-0.04650414,0.7577665
983,0.05313361,-0.003317073,0.8016803
984,0.05315074,-0.00445462,0.8003022
985,0.054562,2.95639E-05,0.7984807
986,0.05306336,-0.005804785,0.7986214
987,0.05387696,-0.0007029921,0.7977865
988,0.04380912,0.0512121,0.8280672
989,0.04838689,0.04400534,0.8222246
990,0.05410855,-0.0004929379,0.8004392
991,0.05450549,0.0001977086,0.8030235
992,0.05350854,-0.001150265,0.7997463
993,0.01640164,-0.1299888,0.7878674
994,0.009935047,-0.1307767,0.7936807
995,0.01986742,-0.1282956,0.7940539
996,0.02358059,-0.1249239,0.800634
997,0.02661178,-0.1197907,0.8077909
998,0.01769765,-0.1247971,0.8068516
999,0.02130727,-0.1196841,0.8135592
1000,0.04952755,-0.05782992,0.7689785
1001,0.01363894,-0.1287089,0.8000972
1002,0.05414242,-0.02170506,0.7985881
1003,0.02635009,-0.09856087,0.836697
1004,0.04177157,-0.06077933,0.8414099
1005,0.05534684,-0.02048374,0.8193628
1006,0.05229259,-0.001954019,0.8115465
1007,0.05337579,-0.0001465008,0.8099496
1008,0.05294488,-0.001873672,0.8055981
1009,0.05363788,-0.0006924644,0.8045789
1010,0.05312952,-0.001830831,0.8023029
1011,0.05349124,-0.00117591,0.8019928
1012,0.05294066,-0.001556285,0.8010371
1013,0.03364661,-0.05931074,0.8515573
1014,0.04975972,-0.01487478,0.8335233
1015,0.05272108,-0.002978906,0.8058534
1016,0.05317972,-0.00251364,0.8021525
1017,0.0516431,-0.00386142,0.8123471
1018,0.05114444,-0.005684718,0.819235
1019,0.05072194,-0.007872514,0.8264453
1020,0.04839863,-0.05674272,0.7635095
1021,0.05116259,-0.0420569,0.7690089
1022,0.05063361,-0.04455437,0.7694901
1023,0.04599685,-0.01683926,0.8417435
1024,0.03273708,-0.05093604,0.8541498
1025,0.02568977,-0.05971949,0.8585807
1026,0.04654691,0.03739783,0.8312694
1027,0.04156838,0.04417698,0.8374491
1028,0.02475009,-0.02021405,0.8648731
1029,0.0237831,-0.02945045,0.8648577
1030,0.02377804,-0.05057924,0.8615219
1031,0.01958175,-0.09688474,0.8439529
1032,0.004698843,-0.1315459,0.7983853
1033,0.008603811,-0.1289173,0.805342
1034,0.01212052,-0.1249359,0.8122943
1035,0.01559059,-0.11974,0.8188018
1036,0.007301375,-0.1255098,0.8168451
1037,0.01038538,-0.1196562,0.8242661
1038,0.003946163,-0.1298574,0.8097255
1039,8.350983E-05,-0.132699,0.8025707
1040,0.01952675,-0.1131773,0.8255981
1041,0.02518085,-0.1137905,0.8199763
1042,0.01663854,-0.1051728,0.8383031
1043,0.01349099,-0.1127009,0.8315513
1044,0.03388343,-0.1135266,0.8081715
1045,0.02965372,-0.113919,0.8145614
1046,0.02862644,-0.1075309,0.8252357
1047,0.02306655,-0.1063734,0.8315522
1048,0.0498555,0.01935946,0.8288084
1049,0.048729,0.002811439,0.8318949
1050,0.04726235,0.02433183,0.8337474
1051,0.04708236,0.01347456,0.8347811
1052,0.04483417,0.005597681,0.8395991
1053,0.04136845,0.007819504,0.8453732
1054,0.04400576,0.0169275,0.8404885
1055,0.04375843,0.02961766,0.8398951
1056,0.0402391,0.02037743,0.8468285
1057,0.03696883,0.00997863,0.8518665
1058,0.03781513,0.03543729,0.8471131
1059,0.03466249,0.02377899,0.8548831
1060,0.03057029,0.01170836,0.8599474
1061,0.03403191,-0.01016665,0.8568832
1062,0.04031285,-0.01003874,0.8497893
1063,0.04521758,-0.009829663,0.8425338
1064,0.02648413,-0.01050843,0.8638147
1065,0.02815638,2.928078E-06,0.8622513
1066,0.03536838,-0.0005709827,0.855663
1067,0.04792573,-0.003664546,0.8347138
1068,0.04869739,-0.009277061,0.8344677
1069,0.04434139,-0.002434298,0.8425019
1070,0.04043997,-0.001407139,0.8487955
1071,0.05267445,-0.002003223,0.8017508
1072,0.04209923,-0.07598339,0.7533025
1073,-0.0505578,-0.06222579,0.7382076
1074,0.03837612,-0.05704133,0.8466592
1075,0.01327989,-0.002976485,0.7461528
1076,0.01455599,-0.001648545,0.7463633
1077,0.01570402,-0.0005394071,0.7473727
1078,0.01962916,0.002394021,0.7473749
1079,0.0254724,0.0113761,0.741542
1080,0.02956867,0.01254113,0.7436908
1081,0.03307829,0.01299276,0.7464721
1082,0.03862434,0.01358507,0.7518641
1083,0.04292518,0.01329105,0.7582281
1084,0.04486275,0.01304234,0.762146
1085,0.04605249,0.01172332,0.7664405
1086,0.0398879,0.003127612,0.771542
1087,0.03924204,0.0005189776,0.7756092
1088,0.04009296,-0.0002996922,0.7770866
1089,0.04024215,-0.001527652,0.7784699
1090,0.04731893,-0.006336562,0.7867334
1091,0.0453914,-0.006114334,0.7846251
1092,0.04914796,-0.006799191,0.789135
1093,0.05211096,-0.005900085,0.7964236
1094,0.05153603,-0.006301567,0.7942888
1095,0.04150111,-0.005583301,0.7815089
1096,0.0435122,-0.006054901,0.7829505
1097,0.03976116,-0.004388131,0.7801918
1098,0.03897939,-0.003853701,0.7795553
1099,0.05061742,-0.006634571,0.7918097
1100,0.05253027,-0.005073398,0.798259
1101,0.05267312,-0.004005268,0.8000924
1102,0.05265003,-0.002978928,0.801325
1103,0.008510821,-0.007861286,0.7402291
1104,0.006817386,-0.008299895,0.7379605
1105,0.004797719,-0.008957684,0.7357446
1106,0.0001000352,-0.008865356,0.7324512
1107,-0.001915477,-0.008615628,0.7314847
1108,0.009793844,-0.00769712,0.7423974
1109,0.01077802,-0.007116541,0.7446021
1110,0.01207766,-0.005259655,0.7473557
1111,0.01165781,-0.005844519,0.7464774
1112,0.002393194,-0.008950546,0.733794
1113,-0.003720574,-0.007915035,0.7307017
1114,-0.005552348,-0.00693734,0.7301509
1115,-0.006848037,-0.005997822,0.7298917
1116,-0.00734055,-0.005063199,0.7297635
1117,0.05267967,-0.002339356,0.8017992
1118,0.03221274,-0.04876414,0.7423616
1119,0.04921754,-0.04783067,0.7630521
1120,0.01473224,-0.07939563,0.7447627
1121,0.01480895,-0.08105512,0.7450756
1122,0.01798908,-0.07787181,0.7459866
1123,0.0183407,-0.08250365,0.7468221
1124,0.02145681,-0.07714351,0.7468476
1125,0.02113884,-0.08299857,0.7479107
1126,0.03403052,-0.07535566,0.7523689
1127,0.03278664,-0.08335276,0.7538315
1128,0.03028698,-0.08328235,0.7523635
1129,0.03153174,-0.07550779,0.7509467
1130,0.03655987,-0.07547182,0.7544335
1131,0.03559281,-0.08348448,0.7560191
1132,0.03825178,-0.0754345,0.7564835
1133,0.03737046,-0.08346538,0.7579646
1134,0.02433543,-0.08317098,0.7492502
1135,0.0248089,-0.07643045,0.7480304
1136,0.02805357,-0.07591634,0.7494449
1137,0.02721654,-0.08319903,0.7509156
1138,0.01476121,-0.07999143,0.7443897
1139,0.0438631,-0.07792869,0.7844876
1140,0.04320566,-0.07998852,0.7805998
1141,0.04351696,-0.07526356,0.7807209
1142,0.04402971,-0.07634231,0.7844347
1143,0.04260062,-0.08091792,0.7775791
1144,0.04335742,-0.07503954,0.7771133
1145,0.04092774,-0.07483747,0.761969
1146,0.04171003,-0.07464391,0.7651878
1147,0.04064746,-0.08251964,0.7668222
1148,0.03997074,-0.0828606,0.7638255
1149,0.03859617,-0.0833104,0.7603704
1150,0.03964752,-0.07523326,0.7588335
1151,0.0420812,-0.08164603,0.7738799
1152,0.04120751,-0.08208325,0.7704674
1153,0.04224808,-0.07478792,0.769141
1154,0.04285478,-0.07491782,0.7728087
1155,0.04440009,-0.07695485,0.7846149
1156,0.05476673,-0.06031978,0.7872139
1157,0.05357928,-0.05343916,0.7821118
1158,0.05094839,-0.04684922,0.777788
1159,0.04837666,-0.04106414,0.7739673
1160,0.04840832,-0.03634603,0.7697042
1161,0.04893155,-0.03218321,0.765231
1162,0.04968452,-0.02882792,0.7609514
1163,0.05021048,-0.02594399,0.7570156
1164,0.05031281,-0.02387318,0.7532524
1165,0.04960946,-0.02246222,0.7495778
1166,0.04748798,-0.02177825,0.7459221
1167,0.04435664,-0.02271981,0.7431977
1168,0.04096339,-0.02432314,0.7419168
1169,0.0373776,-0.02659181,0.7414405
1170,0.03356615,-0.02967213,0.7413994
1171,0.02939613,-0.03327843,0.7415572
1172,0.02503648,-0.03768466,0.7415742
1173,0.02086093,-0.04259028,0.7415192
1174,0.01766979,-0.04866082,0.7381146
1175,0.01413901,-0.0555197,0.7347308
1176,0.009710453,-0.06270224,0.7330104
1177,0.001516216,-0.07722644,0.7342239
1178,-0.0006727539,-0.08358835,0.7361575
1179,-0.001959071,-0.09044474,0.7388865
1180,-6.558746E-05,-0.1018789,0.7453271
1181,0.002922833,-0.1070597,0.7482786
1182,0.006413013,-0.1126184,0.7510009
1183,0.01109691,-0.1179845,0.7538186
1184,0.01663757,-0.1209139,0.7567977
1185,0.02174614,-0.1221551,0.7604271
1186,0.02582905,-0.1224234,0.7640761
1187,0.02925944,-0.122307,0.7678183
1188,0.03214184,-0.1220958,0.7721715
1189,0.03486414,-0.1213365,0.7772508
1190,0.03716382,-0.1192559,0.7834004
1191,0.03860223,-0.114924,0.7895448
1192,0.03993409,-0.1088011,0.7942886
1193,0.04137849,-0.1026447,0.7974193
1194,0.0430313,-0.09681924,0.7997753
1195,0.04741766,-0.08459735,0.8016883
1196,0.04974177,-0.07807113,0.8003089
1197,0.05217712,-0.07278533,0.7974905
1198,0.0604369,-0.05125625,0.7957375
1199,0.05735502,-0.04486398,0.7856132
1200,0.05269241,-0.03946333,0.7796983
1201,0.04878337,-0.03495869,0.7751101
1202,0.04723625,-0.03058053,0.7709435
1203,0.04690663,-0.02647651,0.7667191
1204,0.04689372,-0.02303461,0.7627232
1205,0.04712012,-0.02032076,0.7589636
1206,0.04722749,-0.01819679,0.7554035
1207,0.04665538,-0.01691486,0.751712
1208,0.04457651,-0.01631908,0.7481203
1209,0.001839362,-0.05459892,0.7273654
1210,0.01064351,-0.04763114,0.7314175
1211,0.01555248,-0.04179594,0.7362283
1212,0.01933277,-0.03670215,0.7403417
1213,0.02330305,-0.0320573,0.7422953
1214,0.02737399,-0.02761211,0.743019
1215,0.03110345,-0.02393429,0.7435225
1216,0.03465833,-0.02096843,0.7438469
1217,0.03804703,-0.0186562,0.7442782
1218,0.04150127,-0.01714411,0.7454496
1219,-0.004402336,-0.06581978,0.7289664
1220,-0.008097276,-0.07469134,0.7316892
1221,-0.01048959,-0.08291195,0.7346291
1222,-0.01171666,-0.09072845,0.7379671
1223,-0.009589963,-0.1039252,0.7454833
1224,-0.006404422,-0.1100945,0.7491382
1225,-0.002317663,-0.1158818,0.752584
1226,0.003010418,-0.1212897,0.7561858
1227,0.008666344,-0.1250509,0.7600694
1228,0.01402044,-0.1273387,0.7645217
1229,0.01876909,-0.1280625,0.7690049
1230,0.02252985,-0.1279937,0.7733701
1231,0.02599374,-0.1276285,0.7780572
1232,0.02929357,-0.1263528,0.7838178
1233,0.03248442,-0.1233017,0.7901641
1234,0.03507861,-0.1185339,0.7966937
1235,0.03701758,-0.1123417,0.8023148
1236,0.03898721,-0.1060872,0.806361
1237,0.04116812,-0.09924518,0.8091446
1238,0.04680535,-0.08483262,0.8112452
1239,0.05007274,-0.07717684,0.8098149
1240,0.05359963,-0.07005622,0.8069561
1241,0.05797829,-0.06197209,0.8024437
1242,0.05837326,-0.03986742,0.8147735
1243,0.0549428,-0.03687982,0.824538
1244,0.02378511,-0.03674718,0.8634999
1245,0.03252295,-0.03564989,0.8557792
1246,0.04983087,-0.0327896,0.8355936
1247,0.04099336,-0.03466725,0.8468765
1248,0.06040484,-0.04174145,0.8051658
1249,-0.02737623,-0.0427364,0.7252962
1250,-0.01694809,-0.04516562,0.724345
1251,-0.05214236,-0.03970208,0.7346202
1252,-0.03960945,-0.03847568,0.7279933
1253,-0.06244788,-0.04055476,0.7413163
1254,-0.07158858,-0.04150848,0.7485141
1255,-0.007243454,-0.04645997,0.7247324
1256,0.05978658,-0.04126933,0.7952941
1257,0.001936845,-0.04530062,0.7271516
1258,0.05184028,-0.03451192,0.7805312
1259,0.04829169,-0.03082849,0.7757684
1260,0.0563293,-0.03817198,0.7867843
1261,0.04596265,-0.02341099,0.7674158
1262,0.04657849,-0.02697402,0.771444
1263,0.04564281,-0.02025474,0.7636567
1264,0.04554252,-0.01723894,0.7600333
1265,0.04552132,-0.01511091,0.7565819
1266,0.04488239,-0.01370686,0.7528722
1267,0.04297444,-0.01346398,0.749338
1268,0.01870587,-0.03304059,0.7403876
1269,0.01460538,-0.03724388,0.7365324
1270,0.02261649,-0.02863488,0.7425147
1271,0.009382419,-0.04149034,0.7316028
1272,0.03317109,-0.01792963,0.7450406
1273,0.02981723,-0.02116503,0.7444397
1274,0.0364368,-0.01557053,0.7455934
1275,0.03989492,-0.01393635,0.7468258
1276,0.02634454,-0.0246236,0.7436079
1277,-0.01967288,-0.05226906,0.7258615
1278,-0.03024767,-0.05075091,0.7276683
1279,-0.009511415,-0.05385803,0.7252321
1280,0.00846158,-0.07116815,0.7346264
1281,0.005347006,-0.07010268,0.7328827
1282,0.001291901,-0.06821185,0.7308334
1283,0.05279206,-0.04533635,0.8279878
1284,0.05693022,-0.04712288,0.8178013
1285,0.04705625,-0.04370826,0.8373498
1286,0.06004126,-0.04927807,0.8078982
1287,0.0510724,-0.06838432,0.7882034
1288,0.05230513,-0.06724542,0.7901523
1289,0.05467261,-0.06688259,0.7925316
1290,0.05701578,-0.06478091,0.7964818
1291,0.02372769,-0.04336952,0.8624131
1292,0.03228649,-0.04311127,0.8548973
1293,0.0400922,-0.0430996,0.8466112
1294,-0.04088551,-0.04897823,0.7309973
1295,-0.05144461,-0.04816627,0.7358877
1296,-0.06107347,-0.0480837,0.7420008
1297,-0.0701305,-0.04814512,0.749041
1298,0.01110576,-0.07248715,0.7360404
1299,0.04966117,-0.07189006,0.7845849
1300,0.05050521,-0.07010327,0.7861093
1301,0.04736311,-0.07466102,0.7828016
1302,0.04855525,-0.07339005,0.7835968
1303,0.01625285,-0.07651424,0.7400128
1304,0.01698247,-0.07746396,0.7413691
1305,0.01510959,-0.07539175,0.7386803
1306,0.01343158,-0.07399356,0.737348
1307,-0.05316471,-0.09239448,0.755203
1308,-0.04379066,-0.09430688,0.7498994
1309,-0.03480921,-0.09635374,0.7460567
1310,-0.02669503,-0.0975118,0.7434586
1311,-0.01881763,-0.09786288,0.7421984
1312,-0.01149709,-0.09766707,0.7416114
1313,-0.006262679,-0.09721829,0.7415583
1314,-0.001720697,-0.09647384,0.7420253
1315,0.0022288,-0.09498922,0.7426343
1316,0.005508624,-0.09292249,0.7432841
1317,0.008425429,-0.09066585,0.7435077
1318,0.01117441,-0.0880044,0.7437187
1319,0.01365275,-0.0853041,0.7440026
1320,0.01522994,-0.08349377,0.744319
1321,0.01663132,-0.08170819,0.7445072
1322,0.01682802,-0.08070163,0.7449499
1323,0.01616964,-0.08164002,0.7459439
1324,0.01583381,-0.07864262,0.7453036
1325,0.01710821,-0.07884867,0.7437698
1326,0.01717082,-0.07831131,0.7425501
1327,0.02240144,-0.0880262,0.8484457
1328,0.02948619,-0.08988802,0.8406969
1329,0.03526688,-0.0917384,0.8331832
1330,0.03940064,-0.09281158,0.8258145
1331,0.04208435,-0.09265743,0.8179314
1332,0.04378938,-0.09234455,0.8110598
1333,0.0450423,-0.09186698,0.8057957
1334,0.04504146,-0.09094351,0.8012786
1335,0.04480616,-0.08944891,0.7975913
1336,0.04445087,-0.08766493,0.7946965
1337,0.04476267,-0.08581465,0.7920983
1338,0.0450169,-0.08356297,0.789224
1339,0.04508508,-0.08141957,0.7865682
1340,0.04486967,-0.07997963,0.78473
1341,0.04489855,-0.07867359,0.7831524
1342,0.04436824,-0.07784989,0.7826092
1343,0.04352635,-0.07870536,0.7830371
1344,0.04373659,-0.0757414,0.7831386
1345,0.04528762,-0.07604831,0.7822469
1346,0.04632006,-0.07553283,0.7823951
