0,-0.1615769,-0.07602314,0.7392913
1,-0.164099,-0.07200888,0.7343696
2,-0.170577,-0.06271763,0.7226096
3,-0.1740471,-0.05488708,0.7157941
4,-0.1745825,-0.04418442,0.7129274
5,-0.1730332,-0.03635512,0.7142158
6,-0.1719486,-0.03146408,0.7158107
7,-0.1710347,-0.02157103,0.7173946
8,-0.1720263,-0.01647142,0.7161034
9,-0.1707039,-0.01083142,0.717997
10,-0.1695018,-0.007299133,0.7204636
11,-0.1482642,0.06128915,0.7430306
12,-0.1570755,0.0534385,0.7320871
13,-0.1633841,0.04823796,0.7241964
14,-0.1654533,0.02161627,0.725222
15,-0.1674985,0.0136072,0.7234213
16,-0.1448187,0.07046482,0.7465703
17,-0.1696215,0.03730807,0.7172694
18,-0.1685051,0.04146986,0.7181611
19,-0.1695712,0.00954362,0.7211626
20,-0.1677755,0.02701585,0.7213326
21,-0.1698703,0.03339095,0.7175169
22,-0.1706434,0.00527066,0.7203422
23,-0.1658784,0.02409863,0.7243193
24,-0.1460159,0.06486516,0.7456618
25,-0.1608513,0.05028094,0.7273798
26,-0.1662426,0.04532754,0.7206952
27,-0.1416084,0.0794339,0.7494415
28,-0.131431,0.1046529,0.7596174
29,-0.1154884,0.1260541,0.7783771
30,-0.1243573,0.1167697,0.7675706
31,-0.1691633,0.02983513,0.7190417
32,-0.165922,0.01817588,0.7249597
33,-0.1708687,-0.02692983,0.7176823
34,-0.1677096,-0.0673197,0.7279
35,-0.1511124,0.05870776,0.7394812
36,-0.1775638,0.005711913,0.8404871
37,-0.1832798,-0.01202551,0.8292525
38,-0.1888652,-0.05380934,0.7792503
39,-0.1886745,-0.05630179,0.765639
40,-0.1856823,-0.05967732,0.7724196
41,-0.1855109,-0.05716825,0.7877936
42,-0.1919972,-0.04200272,0.7447711
43,-0.1919798,-0.04897566,0.7529459
44,-0.1913239,-0.04681244,0.7860273
45,-0.189265,-0.03524815,0.7410232
46,-0.1937287,-0.03015126,0.7549995
47,-0.1950419,-0.03671297,0.7640539
48,-0.1876555,-0.05002658,0.7953725
49,-0.1901414,-0.02522562,0.7507349
50,-0.1968333,-0.02002926,0.772171
51,-0.1949401,-0.01597084,0.7621169
52,-0.1941467,-0.02925891,0.7987575
53,-0.1926614,0.01480791,0.7565333
54,-0.1862631,0.009662002,0.7545622
55,-0.1911521,-0.0028244,0.7587874
56,-0.1958996,-0.001631252,0.7630858
57,-0.1898389,-0.03361412,0.808513
58,-0.1878284,-0.03150553,0.7395008
59,-0.1911756,-0.0141336,0.7577584
60,-0.1865755,-0.0273488,0.738004
61,-0.1888909,-0.02222849,0.7494993
62,-0.184343,-0.01488783,0.7358429
63,-0.1879939,-0.01921066,0.7484053
64,-0.1888044,0.0272536,0.8148969
65,-0.1868896,-0.01852318,0.8223848
66,-0.1850924,-0.01186663,0.7465218
67,-0.1885608,-0.01162234,0.7547522
68,-0.1896612,-0.0130448,0.7563763
69,-0.1900715,-0.00305669,0.7577349
70,-0.1826265,-0.01061825,0.7355334
71,-0.1863335,-0.008724913,0.7520333
72,-0.1894045,-0.003310557,0.7556372
73,-0.1689749,0.04361905,0.7645931
74,-0.1713073,0.04092009,0.7614505
75,-0.1815318,-0.008492962,0.7362783
76,-0.1840208,-0.009534154,0.7456585
77,-0.1873366,-0.004583735,0.7524524
78,-0.1856038,0.006464321,0.7518054
79,-0.185521,0.008074321,0.7536861
80,-0.1809402,-0.007312335,0.7378047
81,-0.1836305,-0.00779679,0.7453529
82,-0.1854585,-0.007727377,0.7512684
83,-0.1855319,0.001529813,0.7487385
84,-0.1829682,0.01089587,0.749817
85,-0.1653169,0.04356097,0.7544345
86,-0.1702226,0.03578062,0.7481183
87,-0.1857194,0.03748727,0.7755725
88,-0.1839837,0.04281661,0.7875018
89,-0.1832834,-0.006958283,0.7456743
90,-0.1848652,-0.006940685,0.7507852
91,-0.1860282,-0.005227517,0.7519943
92,-0.1838479,0.008039165,0.7474597
93,-0.1739794,0.02805427,0.7481748
94,-0.1612097,0.0476318,0.7605309
95,-0.1633481,0.04563624,0.7568387
96,-0.1679136,0.04617862,0.7668869
97,-0.1842909,-0.006610274,0.7507787
98,-0.1851148,-0.005646326,0.7515103
99,-0.1849712,-0.0009790808,0.747642
100,-0.1792316,0.04544723,0.7808285
101,-0.1800131,0.04630678,0.7849099
102,-0.1795031,0.05232778,0.8164446
103,-0.1845001,-0.005952556,0.7512321
104,-0.1844363,-0.002649851,0.7469922
105,-0.1844531,0.004456975,0.7454587
106,-0.1558181,0.05675939,0.7447202
107,-0.1622928,0.05098169,0.7375903
108,-0.1656022,0.04486524,0.7430543
109,-0.1576809,0.05054332,0.7594033
110,-0.1598932,0.04891957,0.7553393
111,-0.1643352,0.04701525,0.7647762
112,-0.1668739,0.05031489,0.7684868
113,-0.1654868,0.05401251,0.7698103
114,-0.1844773,0.04235123,0.8052727
115,-0.1813835,0.04665078,0.8000917
116,-0.1832915,-0.004258256,0.7468253
117,-0.1832053,0.003826503,0.7392787
118,-0.1742349,0.03340624,0.7435949
119,-0.1524963,0.05982766,0.7481149
120,-0.1509807,0.06095833,0.7455693
121,-0.1620864,0.06163894,0.7710639
122,-0.1761287,0.05044027,0.7792739
123,-0.1738923,0.05408572,0.7781006
124,-0.1788348,0.05534859,0.8007329
125,-0.1773436,0.06537162,0.809348
126,-0.1859455,0.03207944,0.8195277
127,-0.1802839,0.02035605,0.8354819
128,-0.1729509,0.04897378,0.8399377
129,-0.1834153,0.03745174,0.8228564
130,-0.1826936,0.001593027,0.7383258
131,-0.1732743,0.01988471,0.7376599
132,-0.1738271,0.02998358,0.7461519
133,-0.1757147,0.03335166,0.7416271
134,-0.1735433,0.03696881,0.7402598
135,-0.1541294,0.05363103,0.7625923
136,-0.1637849,0.05059956,0.7669378
137,-0.1723303,0.06122956,0.7792886
138,-0.1776754,0.05678131,0.7943973
139,-0.1780749,0.06180479,0.7953803
140,-0.1788393,0.06336112,0.8018234
141,-0.1692272,0.04591888,0.8492
142,-0.1756465,0.05044234,0.8320692
143,-0.1809677,-0.002495967,0.7388924
144,-0.1755686,0.01392833,0.7309099
145,-0.1746971,0.02588831,0.7463136
146,-0.1768034,0.02869692,0.7394334
147,-0.1753404,0.03614872,0.7381999
148,-0.1706053,0.04357052,0.7332829
149,-0.1689054,0.04617287,0.7301511
150,-0.1602156,0.05287093,0.7347456
151,-0.1538114,0.05463101,0.7573018
152,-0.1508806,0.06139906,0.7540433
153,-0.1597747,0.06072234,0.7700585
154,-0.1721556,0.0703201,0.8254564
155,-0.1781539,0.009260163,0.7293559
156,-0.1742628,0.02270968,0.7443498
157,-0.1749686,0.02548406,0.7399413
158,-0.1757273,0.02722374,0.7384575
159,-0.1766497,0.033495,0.7364903
160,-0.1768763,0.03140832,0.7354601
161,-0.1501675,0.06751528,0.7561478
162,-0.149407,0.07001592,0.7529748
163,-0.1783877,0.06792577,0.7980636
164,-0.17711,0.06506748,0.7910729
165,-0.1776412,0.005231146,0.7277659
166,-0.1724341,0.01420113,0.7271442
167,-0.1679963,0.02209361,0.7271635
168,-0.1756346,0.02980174,0.7346632
169,-0.1750745,0.03840652,0.728398
170,-0.1736381,0.04036436,0.724256
171,-0.1741464,0.0367441,0.7227763
172,-0.1753364,0.03559984,0.7267396
173,-0.166546,0.04782502,0.7270219
174,-0.1765029,0.05769967,0.7892383
175,-0.1773019,0.06138334,0.7898078
176,-0.1764615,0.07133847,0.8039731
177,-0.16659,0.08234166,0.8278264
178,-0.1700731,0.07940546,0.8195057
179,-0.1754648,-0.0005377755,0.727721
180,-0.1743643,0.03317335,0.7250842
181,-0.1735201,0.03322098,0.7223
182,-0.1704055,0.02780415,0.7243083
183,-0.1482898,0.07039931,0.7500619
184,-0.1509905,0.0603778,0.7596051
185,-0.1600841,0.05455822,0.767955
186,-0.1607872,0.05147195,0.7658929
187,-0.1578307,0.05908924,0.7691044
188,-0.1743925,0.05947446,0.7829677
189,-0.1751255,0.06505407,0.7831107
190,-0.1750269,-0.006646965,0.7264147
191,-0.1755208,0.01026393,0.7264639
192,-0.1714849,0.04124446,0.7207863
193,-0.1722834,0.03730988,0.7197336
194,-0.1576491,0.06765813,0.7657985
195,-0.1583024,0.07559902,0.7639088
196,-0.1553643,0.05420782,0.7655556
197,-0.1562184,0.05552822,0.7672452
198,-0.1757317,0.05555449,0.784336
199,-0.175665,0.061537,0.7833618
200,-0.1730945,0.07647568,0.784782
201,-0.1726151,0.07065288,0.7816972
202,-0.1747006,0.005474493,0.7242097
203,-0.1704181,0.02412678,0.7316171
204,-0.1690485,0.02525582,0.7276206
205,-0.1696967,0.02623327,0.7281005
206,-0.1719804,0.03340746,0.7195032
207,-0.1692134,0.02728558,0.7225779
208,-0.1560322,0.08223599,0.7630428
209,-0.1581722,0.06387983,0.7676259
210,-0.1557782,0.05634651,0.7683851
211,-0.1734954,0.06048585,0.780977
212,-0.1743083,0.06263416,0.7806233
213,-0.1676559,0.08417168,0.7817022
214,-0.1619112,0.0847239,0.837424
215,-0.1728158,-0.0006724671,0.7242708
216,-0.1676591,0.02472382,0.7256604
217,-0.1613862,0.07685617,0.768417
218,-0.1593159,0.08401531,0.7683219
219,-0.1606154,0.06950572,0.7684121
220,-0.1544778,0.05653003,0.7660393
221,-0.1726986,0.06671566,0.7789747
222,-0.1690696,0.07919385,0.7802432
223,-0.1688043,0.07217821,0.7769914
224,-0.163643,0.08470203,0.7751675
225,-0.1722381,-0.006890554,0.7229313
226,-0.1644494,0.07144468,0.7722104
227,-0.1652278,0.0786978,0.774119
228,-0.1611777,0.06605721,0.7691621
229,-0.1589937,0.06259838,0.7688967
230,-0.1596179,0.06183483,0.7692414
231,-0.159644,0.09890544,0.8134828
232,-0.155028,0.1033858,0.8233533
233,-0.1646481,0.06727628,0.7714494
234,-0.1718815,0.06395797,0.7771892
235,-0.1687175,0.06764996,0.7745587
236,-0.1618499,0.06376985,0.7698635
237,-0.1620136,0.06300353,0.7703094
238,-0.1702195,0.06228898,0.7768742
239,-0.1552058,0.1063427,0.8041742
240,-0.1647912,0.0646674,0.7712564
241,-0.1646846,0.06270732,0.7724787
242,-0.1648346,0.06378432,0.7717486
243,-0.1684812,0.06471074,0.7736676
244,-0.1674841,0.06294465,0.7745233
245,-0.1501593,0.1115328,0.8148627
246,-0.1445369,0.1173573,0.8074172
247,-0.1391106,0.1214753,0.8008941
248,-0.140897,0.1160617,0.7828861
249,-0.1459962,0.1138847,0.7888798
250,-0.1334078,0.1242455,0.7950071
251,-0.1422903,0.1051251,0.7689412
252,-0.1473282,0.1049426,0.7739967
253,-0.1518471,0.104404,0.7797022
254,-0.1556759,0.1028941,0.7863523
255,-0.160017,0.09949458,0.794039
256,-0.1648095,0.09337328,0.8035762
257,-0.1500359,0.06355594,0.751408
258,-0.1489745,0.06458692,0.7487881
259,-0.160653,0.04884042,0.7634225
260,-0.1564746,0.05286197,0.7535812
261,-0.1676871,0.0406414,0.7457234
262,-0.1748702,0.01963471,0.7451094
263,-0.1809317,0.01016396,0.7378988
264,-0.1816713,0.006415047,0.7351461
265,-0.1724534,0.05399536,0.775793
266,-0.174756,0.0500407,0.776274
267,-0.1773966,0.04521826,0.7769728
268,-0.1809597,0.04203594,0.7770084
269,-0.1816932,0.0380605,0.7699346
270,-0.1793166,0.004204154,0.730823
271,-0.1774805,-0.0008462332,0.7311103
272,-0.1770604,-0.006695345,0.7298457
273,-0.1984058,-0.003706858,0.7834663
274,-0.1987611,-0.002274826,0.7746263
275,-0.1952199,-0.008078262,0.8028356
276,-0.1949103,0.0008844137,0.8037992
277,-0.2000225,0.007935118,0.7752708
278,-0.1792593,0.04886498,0.7922596
279,-0.1771464,0.0522051,0.7851967
280,-0.1755281,0.0142203,0.8436181
281,-0.1505361,0.1111772,0.7959927
282,-0.1302331,0.116993,0.7721235
283,-0.1711355,0.03778963,0.7420376
284,-0.168112,0.04522507,0.7358353
285,-0.1664993,0.04778381,0.7328249
286,-0.1642745,0.04952376,0.7299691
287,-0.1748444,0.05857766,0.7847625
288,-0.1769569,0.05110222,0.7822584
289,-0.1799692,0.04756647,0.7891126
290,-0.18365,0.04363599,0.792786
291,-0.1864248,0.03997029,0.8014597
292,-0.1729948,0.04178435,0.7304974
293,-0.1713674,0.0441006,0.7267681
294,-0.1690166,0.04529223,0.7234402
295,-0.1215793,0.1263133,0.7836607
296,-0.1740883,0.02310361,0.747638
297,-0.1729327,0.03311369,0.7454205
298,-0.1526742,0.05703725,0.7637045
299,-0.179756,0.02658145,0.7512774
300,-0.1779359,0.02111462,0.7505069
301,-0.1783855,0.01866096,0.7496538
302,-0.1765544,0.03924754,0.7652072
303,-0.1733899,0.04262248,0.7682442
304,-0.1714219,0.04565245,0.7698046
305,-0.1698259,0.05024669,0.770664
306,-0.1720013,0.02225092,0.7361536
307,-0.1794744,0.01563921,0.7475449
308,-0.1816924,0.01158764,0.7450693
309,-0.1830123,0.007505525,0.7416725
310,-0.1843098,0.001012672,0.7438568
311,-0.1838924,-0.0006735139,0.7431771
312,-0.1820902,-0.003277339,0.7429914
313,-0.1822111,-0.007266562,0.7417588
314,-0.1574472,0.051606,0.7628644
315,-0.1577768,0.05316265,0.7655127
316,-0.1563739,0.05748108,0.7685413
317,-0.1708642,0.02826349,0.7253413
318,-0.1704778,0.02240076,0.7307443
319,-0.1751973,0.03210495,0.7305909
320,-0.173112,0.02179573,0.7400014
321,-0.1708824,0.02993378,0.720586
322,-0.172043,0.0302662,0.7227271
323,-0.1723974,0.03047329,0.724258
324,-0.1713481,0.02879345,0.7276832
325,-0.1742522,0.06112435,0.7816024
326,-0.1732016,0.06188476,0.779541
327,-0.1707627,0.06311633,0.776512
328,-0.1678544,0.06390088,0.7738249
329,-0.1557667,0.05669348,0.7673804
330,-0.1575347,0.05523088,0.7679322
331,-0.1627752,0.05396181,0.7684932
332,-0.1679669,0.05414827,0.7713914
333,-0.1749404,0.05424269,0.7803529
334,-0.1765824,0.06306139,0.7867204
335,-0.1587788,0.09425335,0.830596
336,-0.1633325,0.09129111,0.8209876
337,-0.1676823,0.08702889,0.8125592
338,-0.1749129,0.07710838,0.7960721
339,-0.1764563,0.07299536,0.7910231
340,-0.1753965,0.06813994,0.7862958
341,-0.1749618,0.06007084,0.7837118
342,-0.1763924,0.0604025,0.7858269
343,-0.1755074,0.0547754,0.7823251
344,-0.1483111,0.07968298,0.7547347
345,-0.152457,0.07968065,0.7586578
346,-0.1556172,0.07369137,0.7609262
347,-0.1551867,0.0659783,0.7636744
348,-0.156022,0.06166017,0.7666127
349,-0.1567814,0.06095177,0.7678433
350,-0.1576035,0.0599502,0.7683439
351,-0.1821918,0.01338077,0.7518065
352,-0.1823751,0.01533556,0.7524837
353,-0.1868344,0.02152821,0.7531183
354,-0.1803704,0.03600105,0.7629852
355,-0.1734034,-0.01025978,0.7201918
356,-0.1749803,-0.01545722,0.718308
357,-0.1741905,-0.02088366,0.7195823
358,-0.1756322,-0.03124149,0.7185132
359,-0.1765179,-0.03607232,0.7167148
360,-0.1785674,-0.04379532,0.7159345
361,-0.1786815,-0.05426794,0.7192518
362,-0.1759149,-0.06187198,0.7263972
363,-0.170425,-0.07105881,0.7390428
364,-0.168,-0.07496525,0.7445415
365,-0.1762402,-0.009493869,0.7234275
366,-0.1779491,-0.01385302,0.7213985
367,-0.1777134,-0.02000612,0.7224151
368,-0.1790721,-0.03122392,0.7219033
369,-0.1805019,-0.03615887,0.7202605
370,-0.1828834,-0.04316767,0.7201108
371,-0.1831282,-0.05343235,0.7240681
372,-0.1808392,-0.06071564,0.7312955
373,-0.1754549,-0.06934082,0.7446277
374,-0.1732324,-0.07284338,0.7507818
375,-0.1783249,-0.008922182,0.7268996
376,-0.180133,-0.01252017,0.7251899
377,-0.1806295,-0.01880892,0.7255864
378,-0.1819852,-0.03124333,0.7258217
379,-0.183727,-0.03621247,0.7248935
380,-0.1864551,-0.04226965,0.7261975
381,-0.1873749,-0.05128011,0.7302512
382,-0.1852131,-0.05798695,0.7374783
383,-0.1803889,-0.06589542,0.7511919
384,-0.1777165,-0.06964701,0.7576956
385,-0.1824585,-0.008302759,0.7411492
386,-0.1831634,-0.009905033,0.7410434
387,-0.1849993,-0.01312567,0.7417842
388,-0.1883056,-0.0270112,0.7448142
389,-0.1898002,-0.03036529,0.746108
390,-0.1927028,-0.03616606,0.7502432
391,-0.1938875,-0.04364217,0.7592064
392,-0.1917591,-0.05080999,0.7716419
393,-0.1753809,0.01671507,0.7365363
394,-0.1725301,0.01845312,0.7317513
395,-0.1693669,0.01847264,0.7276486
396,-0.18553,0.004112534,0.750091
397,-0.1885251,-0.003808659,0.7536594
398,-0.1874207,-0.01014168,0.7531488
399,-0.1867534,-0.01566694,0.747416
400,-0.1864418,-0.01858881,0.7426048
401,-0.1856527,-0.02193251,0.7370394
402,-0.1807266,-0.02552567,0.7267578
403,-0.177743,-0.02636514,0.7233508
404,-0.1742121,-0.02653335,0.7202199
405,-0.173538,-0.06618758,0.7323769
406,-0.1783785,-0.06489787,0.7375692
407,-0.183197,-0.06210489,0.7439319
408,-0.1906455,-0.05297545,0.7596103
409,-0.1934738,-0.0476476,0.7653233
410,-0.1955016,-0.04089792,0.7705531
411,-0.1974458,-0.02304902,0.7798873
412,-0.1985364,0.006445348,0.7841845
413,-0.1922846,0.03166518,0.7836564
414,-0.1880942,0.03726237,0.781915
415,-0.1830744,0.04224913,0.7820541
416,-0.1943288,-0.04394105,0.7777058
417,-0.1966852,-0.02587814,0.7885493
418,-0.1968048,-0.005856484,0.7931235
419,-0.1968124,0.004051544,0.794138
420,-0.1920904,0.03162037,0.7925107
421,-0.1892691,-0.007134873,0.7559839
422,-0.1899905,-0.007723846,0.7586149
423,-0.1912697,-0.007972918,0.7597057
424,-0.1955239,-0.008452199,0.7634813
425,-0.197372,-0.01116798,0.7740866
426,-0.1979834,-0.01334728,0.7824008
427,-0.1971573,-0.0163727,0.7921426
428,-0.1947073,-0.01881881,0.8047007
429,-0.1898751,-0.02527829,0.8151087
430,-0.1882672,-0.00683989,0.7539034
431,-0.1870658,-0.006740548,0.7527443
432,-0.1859529,-0.006493285,0.7521549
433,-0.1851791,-0.006360348,0.7517956
434,-0.1845025,-0.006305289,0.7515406
435,-0.1880348,0.03847656,0.796171
436,-0.1769152,0.05339922,0.7873868
437,-0.1827632,0.04481277,0.7969385
438,-0.1784848,0.05080694,0.7947212
439,-0.17682,0.05422357,0.7891821
440,-0.1748581,0.05771231,0.7859753
441,-0.1758029,0.05616847,0.7860111
442,-0.1755461,0.05794998,0.7869399
443,-0.137033,0.104994,0.7641871
444,-0.1358799,0.1168507,0.7772138
445,-0.1275637,0.125799,0.7893152
446,-0.1539875,0.05819556,0.7419309
447,-0.1593055,0.05068229,0.7501959
448,-0.1623758,0.04670821,0.7521717
449,-0.174244,0.03808544,0.7592322
450,-0.1863047,0.0341894,0.7684271
451,-0.1902313,0.03273076,0.7755553
452,-0.1905487,0.03215337,0.8012942
453,-0.1882775,0.03458354,0.8077448
454,-0.1714928,0.08151408,0.7880874
455,-0.1913526,-0.01302543,0.8143482
456,-0.1864708,0.01949594,0.8236341
457,-0.1824015,0.01276595,0.8321168
458,-0.1888558,0.03757032,0.7891712
459,-0.1859833,0.03746888,0.8119532
460,-0.1691817,0.07207532,0.8341562
461,-0.1839727,0.02605296,0.8274973
462,-0.1642613,0.07295668,0.8443323
463,-0.1797485,0.05388245,0.8080617
464,-0.1776775,0.0421067,0.7723687
465,-0.1749201,0.04523323,0.7732815
466,-0.1725769,0.04998735,0.773261
467,-0.1703205,0.05396794,0.773386
468,-0.1765136,0.03104112,0.7403027
469,-0.1751128,0.05679226,0.7865288
470,-0.1757199,0.05673493,0.7867349
471,-0.1766426,0.05524465,0.7900186
472,-0.177847,0.05243297,0.7959068
473,-0.1800534,0.04904976,0.8017335
474,-0.1826995,0.04537557,0.807745
475,-0.1837896,0.04139034,0.8149859
476,-0.1814687,0.03330977,0.8303456
477,-0.1781513,0.02879355,0.8380534
478,-0.1737029,0.02369648,0.8457494
479,-0.174047,0.03118571,0.7498699
480,-0.1691206,0.04056159,0.7564384
481,-0.1668932,0.04303579,0.7586644
482,-0.165076,0.04520331,0.7620644
483,-0.1784368,0.01485573,0.7415382
484,-0.1783838,0.01214051,0.7342461
485,-0.1799417,0.007833704,0.7318254
486,-0.1756923,0.02602356,0.7423223
487,-0.1753331,0.03048725,0.7439027
488,-0.1538898,0.05719648,0.7507636
489,-0.1571782,0.05424657,0.7474679
490,-0.1638592,0.04839291,0.7403304
491,-0.1696497,0.04162674,0.7388619
492,-0.1718973,0.04032141,0.7364411
493,-0.1739794,0.03929311,0.7337254
494,-0.1758259,0.03639804,0.7320209
495,-0.1761616,0.03396709,0.7311752
496,-0.1376468,0.09074521,0.7532378
497,-0.1435949,0.0917242,0.7575275
498,-0.1487822,0.09288035,0.7621571
499,-0.1535659,0.09390295,0.7676659
500,-0.1571466,0.09377542,0.7742865
501,-0.1605954,0.0930309,0.7806699
502,-0.1643125,0.09145616,0.7869123
503,-0.1689811,0.0871162,0.7946413
504,-0.1716803,0.08119312,0.8046103
505,-0.1732059,0.07541239,0.8123898
506,-0.1746574,0.06806402,0.8181614
507,-0.1776225,0.0513123,0.8252549
508,-0.1757081,0.02790886,0.7438381
509,-0.1816552,-0.0652843,0.7647724
510,-0.1846255,-0.06152917,0.7585004
511,-0.1871175,-0.05790345,0.7518704
512,-0.1890643,-0.05350439,0.7453336
513,-0.1905465,-0.04727459,0.7376474
514,-0.1883557,-0.03975186,0.7342966
515,-0.186565,-0.03522535,0.7321728
516,-0.1847695,-0.03051812,0.7314191
517,-0.1837877,-0.02429128,0.7315987
518,-0.1829339,-0.01699845,0.7299272
519,-0.1816842,-0.01156433,0.729605
520,-0.1802022,-0.008631386,0.7316737
521,-0.1790765,-0.007076345,0.7339085
522,-0.1793301,-0.001641877,0.735039
523,-0.1811269,0.003185242,0.7343563
524,-0.173467,0.023132,0.7421834
525,-0.1719114,0.0278504,0.7324274
526,-0.1921162,-0.002041876,0.8126482
527,-0.1888852,-0.006729469,0.8204497
528,-0.1825662,-0.06335074,0.7796444
529,-0.1661794,-0.07889449,0.7493702
530,-0.1713033,-0.07665365,0.755891
531,-0.159523,-0.07997868,0.7436864
532,-0.1755374,-0.07327332,0.7631232
533,-0.1792297,-0.06880725,0.7712321
534,-0.1875941,-0.0232024,0.7435961
535,-0.1736389,0.06073003,0.8300836
536,-0.1710481,0.06068414,0.8383095
537,-0.1675084,0.05945607,0.8479729
538,-0.1753893,0.0591035,0.7855834
539,-0.1766144,0.05897267,0.7877014
540,-0.1776144,0.05921048,0.7925285
541,-0.1784857,0.05854638,0.7983978
542,-0.1791622,0.05864692,0.8052918
543,-0.1782539,0.05900399,0.8139631
544,-0.1758598,0.06019562,0.8225292
545,-0.1805046,0.04340349,0.8253877
546,-0.1786423,0.04115517,0.8323805
547,-0.1759811,0.03808711,0.84002
548,-0.1714359,0.0340407,0.8476748
549,-0.1754955,0.05721379,0.7870564
550,-0.1764632,0.0563145,0.7900197
551,-0.177741,0.05453858,0.7955768
552,-0.179351,0.05206694,0.8020588
553,-0.181001,0.04899987,0.8094548
554,-0.1815711,0.04572433,0.8172389
555,-0.1340506,-0.04310759,0.7099707
556,-0.1260949,-0.05139317,0.7135826
557,-0.1205799,-0.04550461,0.7130581
558,-0.1292044,-0.03801901,0.7094589
559,-0.1689899,-0.05541933,0.7129646
560,-0.1649054,-0.06308234,0.7192386
561,-0.1583569,-0.0632157,0.7165742
562,-0.162819,-0.05573408,0.710714
563,-0.1382842,-0.03678907,0.7100658
564,-0.1341679,-0.03216977,0.7103402
565,-0.1148359,-0.04995879,0.7157264
566,-0.1090312,-0.05333324,0.7201009
567,-0.09684509,-0.03735069,0.7194895
568,-0.1042931,-0.03394122,0.7145615
569,-0.1702944,-0.04495855,0.7104999
570,-0.1649561,-0.04557157,0.7082677
571,-0.1555713,-0.05497639,0.7090648
572,-0.1507534,-0.06185863,0.7146889
573,-0.1418097,-0.05892355,0.7137562
574,-0.1475327,-0.05248517,0.7085696
575,-0.1398517,-0.03334292,0.7109832
576,-0.1357973,-0.02905617,0.7112506
577,-0.1221497,-0.02468419,0.7084206
578,-0.1116194,-0.03008163,0.7113959
579,-0.1094995,-0.02106749,0.7105557
580,-0.1207409,-0.01706565,0.7074389
581,-0.09271066,-0.02818626,0.7187758
582,-0.1014009,-0.02435468,0.7135763
583,-0.1693855,-0.03713044,0.7119472
584,-0.1648577,-0.03829732,0.709784
585,-0.1583953,-0.04601426,0.707347
586,-0.1504923,-0.04480988,0.7081559
587,-0.1399342,-0.0483441,0.7092208
588,-0.143562,-0.04114033,0.7092849
589,-0.1282635,-0.02168128,0.7098796
590,-0.1274565,0.008654777,0.7075202
591,-0.133098,0.004586615,0.712725
592,-0.1281628,-0.0093752,0.7094427
593,-0.121093,-0.009567872,0.7065825
594,-0.08932389,-0.04079328,0.7263023
595,-0.08307438,-0.04498855,0.7343559
596,-0.0765437,-0.03720775,0.7355796
597,-0.08301113,-0.03083447,0.726345
598,-0.1596691,-0.03948808,0.7085811
599,-0.1524307,-0.0397945,0.7085559
600,-0.1268737,-0.0152761,0.7096313
601,-0.1385753,-0.02197277,0.7125835
602,-0.1425561,-0.02447378,0.7117558
603,-0.141101,-0.029362,0.7110605
604,-0.137156,-0.02585599,0.7116987
605,-0.1303782,-0.02009421,0.7112117
606,-0.1288923,-0.01460432,0.7110065
607,-0.1673142,-0.02758267,0.7154307
608,-0.1680844,-0.03224091,0.7134339
609,-0.1637678,-0.03333721,0.7114854
610,-0.1631286,-0.02843249,0.7132748
611,-0.1299485,-0.009268824,0.7106562
612,-0.07596184,-0.0142279,0.7292098
613,-0.06635263,0.006749414,0.7358943
614,-0.07279876,0.01453881,0.7300509
615,-0.08245866,-0.01102897,0.7229235
616,-0.1587674,-0.02847283,0.7117159
617,-0.1592303,-0.03435825,0.7103051
618,-0.1533208,-0.0347237,0.7098853
619,-0.1533141,-0.02840476,0.7107546
620,-0.146547,-0.03271646,0.7104142
621,-0.1476985,-0.02711466,0.7108512
622,-0.1454028,-0.01520427,0.7140598
623,-0.1438162,-0.01881364,0.7126873
624,-0.1401256,-0.01783788,0.7138866
625,-0.1414454,-0.01519391,0.7146954
626,-0.1324352,-0.01832028,0.7120677
627,-0.1346046,-0.0164915,0.7130055
628,-0.1346149,0.003277697,0.7135014
629,-0.1318573,0.01643302,0.7119743
630,-0.1354713,0.01095562,0.7158961
631,-0.1688049,-0.01653942,0.714044
632,-0.1678133,-0.0219432,0.7152207
633,-0.1638366,-0.02205428,0.71292
634,-0.1646785,-0.01589411,0.7122925
635,-0.131683,-0.01367961,0.7115612
636,-0.1342102,-0.01302547,0.7124211
637,-0.13668,0.009101748,0.7161289
638,-0.1379574,0.01728537,0.7197172
639,-0.1353458,0.02241261,0.7181202
640,-0.1242967,0.03878383,0.73166
641,-0.1268288,0.03609727,0.7285213
642,-0.1218788,0.03330491,0.7246638
643,-0.1195879,0.03680177,0.7285539
644,-0.1603213,-0.0155261,0.7114857
645,-0.1596161,-0.02189993,0.7112562
646,-0.1548146,-0.02108191,0.7106554
647,-0.1557938,-0.01536841,0.711612
648,-0.149195,-0.01988498,0.7113363
649,-0.150369,-0.01523158,0.7127945
650,-0.1459361,-0.01315433,0.7147954
651,-0.1422342,-0.01324689,0.7150834
652,-0.1360327,-0.01489803,0.714038
653,-0.137048,-0.01378312,0.715001
654,-0.134735,-0.009566985,0.7123135
655,-0.1325024,-0.009276822,0.711268
656,-0.1367583,0.001598988,0.7135751
657,-0.1388728,-0.0007562786,0.7136748
658,-0.1390758,0.01480765,0.7191477
659,-0.1676275,-0.01119196,0.7161965
660,-0.1635946,-0.0114211,0.7146604
661,-0.1461914,-0.01194806,0.715533
662,-0.1425739,-0.01228142,0.7157936
663,-0.1356808,-0.01262862,0.7137986
664,-0.1365598,-0.01232981,0.7149734
665,-0.141338,0.003624432,0.714437
666,-0.1388154,0.006496735,0.7153701
667,-0.1412993,0.01168493,0.717934
668,-0.1404843,0.03302684,0.7261267
669,-0.1349987,0.04045649,0.7319815
670,-0.1375701,0.04434169,0.7339199
671,-0.1429896,0.03840198,0.7273754
672,-0.1185237,0.03997035,0.730885
673,-0.1222406,0.04130777,0.7333434
674,-0.09556349,0.02739165,0.7205751
675,-0.09812981,0.03353241,0.7244346
676,-0.1036432,0.03365743,0.7235597
677,-0.1026409,0.02798101,0.7189761
678,-0.1662224,-0.007883884,0.7186686
679,-0.1619876,-0.008599684,0.7172276
680,-0.1596937,-0.01174034,0.713825
681,-0.1549251,-0.0122508,0.7137791
682,-0.1505605,-0.01280338,0.7140973
683,-0.1377662,-0.01286367,0.7156906
684,-0.1362529,-0.0102496,0.7135804
685,-0.1403854,-0.00345448,0.7139915
686,-0.1415846,-0.00594772,0.7147807
687,-0.1370975,-0.01085257,0.714981
688,-0.1330718,0.04245304,0.7344724
689,-0.1299555,0.04427435,0.7375324
690,-0.1315761,0.04775928,0.740283
691,-0.1349767,0.04638653,0.7370589
692,-0.1176726,0.04462236,0.7323022
693,-0.120543,0.04538006,0.7344661
694,-0.1142378,0.03874502,0.7286147
695,-0.1144752,0.04376227,0.7304862
696,-0.101499,0.03781769,0.7272803
697,-0.1058028,0.03754832,0.7267859
698,-0.1582427,-0.009461422,0.7164486
699,-0.1541475,-0.01055316,0.7159826
700,-0.1501396,-0.01139238,0.7154683
701,-0.1381333,-0.01243677,0.7163613
702,-0.1371389,-0.01223549,0.7158233
703,-0.143398,-2.117455E-05,0.7139449
704,-0.145051,-0.00336276,0.7143247
705,-0.1272389,0.04527648,0.7389989
706,-0.127683,0.04118492,0.7345507
707,-0.1251777,0.04284867,0.7360857
708,-0.1376484,-0.01213712,0.7164882
709,-0.137759,-0.0113104,0.7158868
710,-0.1421906,-0.007528808,0.7153445
711,-0.1424111,0.05278796,0.7367533
712,-0.1480794,0.04688755,0.7287135
713,-0.1454979,0.04301861,0.7282197
714,-0.1398256,0.04880834,0.7358478
715,-0.1229068,0.0462755,0.7370079
716,-0.1245616,0.04760216,0.7394432
717,-0.08134212,0.03113599,0.7298356
718,-0.08654776,0.03640251,0.7308147
719,-0.08935764,0.03473204,0.7286129
720,-0.08456551,0.0288914,0.7268707
721,-0.1381192,-0.01162236,0.7164655
722,-0.1426996,-0.009206779,0.7165537
723,-0.1458115,-0.00499814,0.714769
724,-0.1424157,0.05872416,0.7407452
725,-0.1451176,0.06032072,0.7412659
726,-0.1480407,0.05758242,0.7375858
727,-0.1450489,0.0556219,0.7368832
728,-0.118421,0.05585949,0.7386771
729,-0.1192907,0.0489729,0.7358889
730,-0.11705,0.04861633,0.7339371
731,-0.1162768,0.05629926,0.7365265
732,-0.1144529,0.04787582,0.7323298
733,-0.1134941,0.05599117,0.7344541
734,-0.09192883,0.04142052,0.7315966
735,-0.09430443,0.03969541,0.7302107
736,-0.08557354,0.0447942,0.732712
737,-0.08451295,0.04162263,0.7329369
738,-0.07754546,0.03774307,0.733894
739,-0.07860687,0.04257923,0.734189
740,-0.1466563,-0.007469643,0.7165102
741,-0.1405896,0.02491631,0.7230601
742,-0.1427752,0.03020336,0.7228647
743,-0.1441086,0.03036775,0.7210953
744,-0.1422565,0.02688828,0.7224356
745,-0.1467806,0.02806254,0.718231
746,-0.1455475,0.03039728,0.7192322
747,-0.1484184,0.03351671,0.7183257
748,-0.149897,0.03086476,0.7167527
749,-0.1075763,0.0529688,0.7314528
750,-0.1088665,0.04687364,0.7303224
751,-0.1063753,0.04663345,0.7301313
752,-0.105619,0.05202404,0.7309869
753,-0.09728873,0.04552194,0.7313248
754,-0.09911709,0.04493763,0.730679
755,-0.09074073,0.05120011,0.7312694
756,-0.08772453,0.04790568,0.7321113
757,-0.08089162,0.04741268,0.7333949
758,-0.08380574,0.05234368,0.7321094
759,-0.1506082,0.006809436,0.7150288
760,-0.1544334,0.009393774,0.7164032
761,-0.1567832,0.005108319,0.7146672
762,-0.1534458,0.003176711,0.7140108
763,-0.1423906,0.0226371,0.7219737
764,-0.1416951,0.01996294,0.7230337
765,-0.1533097,0.04190145,0.7206116
766,-0.1564948,0.04495353,0.7209826
767,-0.1592362,0.04290647,0.7177976
768,-0.1555271,0.04005371,0.7175729
769,-0.153745,0.05226734,0.7300174
770,-0.1507333,0.04990702,0.7291953
771,-0.136799,0.06022809,0.7441269
772,-0.1340064,0.05261123,0.7429132
773,-0.1318665,0.05851377,0.7459049
774,-0.1342833,0.06503746,0.7445126
775,-0.1212602,0.04946925,0.7380761
776,-0.1199245,0.05527881,0.7406147
777,-0.1215307,0.05426498,0.7422623
778,-0.1224321,0.05037427,0.7403998
779,-0.09615662,0.05118401,0.7303903
780,-0.0935159,0.04907064,0.7311843
781,-0.08709425,0.05716411,0.7306121
782,-0.09487435,0.05470403,0.7305469
783,-0.1448781,0.01967952,0.7221752
784,-0.1471009,0.02042884,0.7223312
785,-0.1493568,0.0193522,0.7221194
786,-0.1444033,0.01643634,0.7219354
787,-0.1483947,0.02281006,0.7200447
788,-0.1492523,0.02457902,0.7187355
789,-0.1524299,0.02751416,0.7174112
790,-0.1614151,0.03925483,0.7152772
791,-0.1573652,0.03672616,0.7152833
792,-0.1375513,0.06841643,0.7444102
793,-0.1393769,0.06243543,0.7437391
794,-0.09954781,0.05287203,0.7296035
795,-0.1625427,0.01305381,0.7198495
796,-0.1581081,0.01189214,0.7179852
797,-0.1576235,0.01678188,0.7206799
798,-0.1623913,0.0176635,0.722482
799,-0.1631517,0.03563735,0.7146829
800,-0.1591562,0.03395908,0.7148041
801,-0.1598745,0.04713121,0.7221105
802,-0.162905,0.04470549,0.7189557
803,-0.1289667,0.06983712,0.740501
804,-0.1309546,0.07609691,0.7421432
805,-0.1027621,0.05164526,0.7299384
806,-0.1002022,0.05065633,0.7300902
807,-0.09948227,0.05786276,0.7300028
808,-0.1035924,0.0549041,0.7293395
809,-0.1615622,0.003298476,0.7159507
810,-0.1629498,-0.002175927,0.7186297
811,-0.1592092,-0.003156714,0.7176731
812,-0.1583663,0.001673393,0.7153416
813,-0.1627066,0.00881068,0.7171152
814,-0.1594126,0.007085167,0.7155592
815,-0.1613401,0.03189708,0.7154809
816,-0.1630584,0.02950437,0.7175239
817,-0.1652324,0.04063726,0.716212
818,-0.140632,0.06925409,0.7442271
819,-0.1422052,0.06377499,0.7437198
820,-0.1268778,0.06148969,0.7427045
821,-0.1059435,0.05311622,0.7300937
822,-0.1665087,0.03671075,0.7155206
823,-0.1348506,0.07759169,0.7446526
824,-0.1239809,0.06207883,0.7406607
825,-0.124111,0.07054314,0.738768
826,-0.1247235,0.05638982,0.7431766
827,-0.1231489,0.05788477,0.7409416
828,-0.09396258,0.06293926,0.729917
829,-0.165764,0.004384205,0.7176778
830,-0.1616381,0.02444465,0.722192
831,-0.1608298,0.02522539,0.7216719
832,-0.1628134,0.0274229,0.7195667
833,-0.1640204,0.02708264,0.7197765
834,-0.1646755,0.02947344,0.7174495
835,-0.1642575,0.03226709,0.7155237
836,-0.1673564,0.03293304,0.7161368
837,-0.1671404,0.02952163,0.7179128
838,-0.1249368,0.0774205,0.7396188
839,-0.1192451,0.07069281,0.7373696
840,-0.1204448,0.0630172,0.7383618
841,-0.1232245,0.05564512,0.7426967
842,-0.1217502,0.05645148,0.7406237
843,-0.122967,0.05217086,0.7442133
844,-0.1240625,0.05162862,0.7436324
845,-0.1230526,0.05129355,0.7427055
846,-0.122551,0.05315232,0.7436285
847,-0.1048667,0.06133236,0.7310746
848,-0.1008982,0.06701964,0.7306632
849,-0.1058362,0.07109902,0.7322569
850,-0.1103531,0.06362511,0.7330252
851,-0.1627847,0.02149545,0.7233199
852,-0.1639786,0.02428794,0.7230096
853,-0.1670354,-0.001453806,0.7200717
854,-0.1586823,0.02107131,0.721975
855,-0.157633,0.02276327,0.7221537
856,-0.1531803,0.0202259,0.7220876
857,-0.1660919,0.02693205,0.7203746
858,-0.1192011,0.07794349,0.7380627
859,-0.120862,0.05930711,0.7381824
860,-0.1279157,0.05399906,0.7461877
861,-0.1256098,0.05270132,0.7448655
862,-0.1049277,0.05204052,0.7304343
863,-0.1072905,0.0529675,0.7306849
864,-0.1081753,0.05709525,0.7301696
865,-0.1099843,0.05489545,0.7310272
866,-0.1129648,0.07147084,0.7343769
867,-0.1159276,0.06390387,0.7359064
868,-0.117724,0.05966248,0.7354618
869,-0.1199982,0.05707934,0.7382337
870,-0.1224132,0.05485006,0.7421536
871,-0.1209242,0.05588295,0.7404032
872,-0.1135136,0.05876361,0.7325428
873,-0.1143052,0.05653062,0.7330081
874,-0.117782,0.05734423,0.7356406
875,-0.1191618,0.05669709,0.7382929
876,-0.1104816,0.05458444,0.7325492
877,-0.1108313,0.05489544,0.7319288
878,-0.06475191,0.09367937,0.7571763
879,-0.07301867,0.1032412,0.7583736
880,-0.08274452,0.0984866,0.7507057
881,-0.07371929,0.08964361,0.7500543
882,-0.1171088,0.05699616,0.7359252
883,-0.1142178,0.05654268,0.7337264
884,-0.08082224,0.1105254,0.7608312
885,-0.09108914,0.1046952,0.7521505
886,-0.08786079,0.1159619,0.7635184
887,-0.1054229,0.1120462,0.7566807
888,-0.09865591,0.1086453,0.7539675
889,-0.09472378,0.1200863,0.7667964
890,-0.1016173,0.1230029,0.7703893
891,-0.1086581,0.1249206,0.7742362
892,-0.1183812,0.1156179,0.7633615
893,-0.1119981,0.1141127,0.7595856
894,-0.1197925,0.1022566,0.7520468
895,-0.1262364,0.08964068,0.7450261
896,-0.1198014,0.08931485,0.7420502
897,-0.1138224,0.1008024,0.7488596
898,-0.1131072,0.08827287,0.7407325
899,-0.1073703,0.09910449,0.7464201
900,-0.1002564,0.09657247,0.7449854
901,-0.1059804,0.08644606,0.7393858
902,-0.09918281,0.08387381,0.7380909
903,-0.09222974,0.09195976,0.7435507
904,-0.09102607,0.07828641,0.7363647
905,-0.0826612,0.08437578,0.74255
906,-0.07404217,0.07673717,0.7432181
907,-0.08140834,0.07108855,0.7372937
908,-0.07411519,0.06430197,0.7390025
909,-0.06760456,0.06813191,0.7439438
910,-0.1450393,-0.03707976,0.7099251
911,-0.1477868,0.0257602,0.7179012
912,-0.1511254,0.02888788,0.716342
913,-0.1458865,0.02297735,0.7200088
914,-0.1370501,0.05085085,0.7394
915,-0.1504436,0.03831401,0.7206324
916,-0.1525838,0.03720482,0.7178153
917,-0.1469433,0.03438902,0.7205619
918,-0.1539948,0.03416676,0.7158074
919,-0.1549696,0.03182653,0.715481
920,-0.1559903,0.03018308,0.7164129
921,-0.1161619,0.02669495,0.7165033
922,-0.1230598,0.02979583,0.7204398
923,-0.1159213,0.03094476,0.7212463
924,-0.1145312,0.035268,0.7257265
925,-0.111539,0.04728797,0.7309518
926,-0.1075143,0.04294787,0.7288548
927,-0.110891,0.04319221,0.7292362
928,-0.1099992,0.03801763,0.7273571
929,-0.09984241,-0.01418933,0.7124938
930,-0.1083254,-0.01168059,0.7088029
931,-0.09123275,-0.01744253,0.7179728
932,-0.09007122,-0.007286418,0.7172266
933,-0.09864153,-0.003735863,0.7116207
934,-0.07873207,0.02243513,0.7275038
935,-0.08417867,0.02033389,0.7232988
936,-0.1076371,-0.001211017,0.7072216
937,-0.1211831,-0.05551169,0.7167982
938,-0.108395,0.02404685,0.7151341
939,-0.09192628,0.02059865,0.7188817
940,-0.100339,0.02173424,0.7158397
941,-0.1283038,0.0330696,0.7251201
942,-0.1458363,0.03541862,0.7232412
943,-0.1486964,0.03968759,0.7233784
944,-0.1575601,0.04890099,0.7250403
945,-0.1544031,0.04662608,0.7240005
946,-0.1042794,0.04320516,0.7290576
947,-0.09729441,0.03863705,0.7286111
948,-0.1012191,0.04398844,0.7298068
949,-0.09315023,0.03381391,0.7264156
950,-0.1093852,0.02922245,0.7192057
951,-0.07290569,0.0472254,0.7367547
952,-0.07673664,0.05402246,0.7352894
953,-0.0814909,0.06063883,0.7334869
954,-0.08915566,0.067545,0.7318123
955,-0.09757638,0.07317807,0.7320224
956,-0.1043546,0.0764834,0.7337462
957,-0.1116874,0.0777458,0.7358122
958,-0.1256061,0.1035033,0.7556156
959,-0.1319908,0.08996189,0.7486815
960,-0.1435593,0.007513091,0.7156519
961,-0.1469186,0.003532585,0.7140178
962,-0.1514781,0.04353584,0.7235461
963,-0.1505932,-0.002047308,0.714379
964,-0.1494018,1.804158E-05,0.7138413
965,-0.1546467,6.191432E-05,0.7146586
966,-0.150849,-0.006097987,0.7164931
967,-0.1549909,-0.004619472,0.7169931
968,-0.1291041,0.05080999,0.7442729
969,-0.1282735,0.04848112,0.741569
970,-0.1254949,0.0496412,0.7420016
971,-0.126051,0.05073178,0.7440524
972,-0.1398492,0.05573567,0.7405614
973,-0.1305268,0.03907119,0.7317829
974,-0.1322427,0.03657757,0.7291102
975,-0.1239077,0.05259368,0.7438879
976,-0.0605168,-0.0001714975,0.7431741
977,-0.05701078,0.007221498,0.7455114
978,-0.06267446,0.01308421,0.7389137
979,-0.1380119,0.02772208,0.7233382
980,-0.1517085,0.01750874,0.7214639
981,-0.160362,0.02761815,0.7196617
982,-0.155939,0.026287,0.7205107
983,-0.1003301,0.04772897,0.7310704
984,-0.1020901,0.04737934,0.7306604
985,-0.1023102,0.05108323,0.7305758
986,-0.1042133,0.04685645,0.7301994
987,-0.1034227,0.05089332,0.730966
988,-0.05806961,0.08339946,0.7567701
989,-0.06652182,0.08084205,0.7496356
990,-0.1005392,0.05003768,0.7310932
991,-0.09829596,0.04932541,0.7306087
992,-0.1015736,0.04986989,0.7313678
993,-0.1613025,-0.06772667,0.7241496
994,-0.1573486,-0.07250535,0.7302872
995,-0.1543601,-0.06764705,0.7216942
996,-0.1464172,-0.06614989,0.7195297
997,-0.137286,-0.06347277,0.7184889
998,-0.1417606,-0.07020957,0.7253205
999,-0.1330194,-0.06720737,0.723772
1000,-0.1473037,0.01146806,0.7178541
1001,-0.1500701,-0.07216182,0.7276755
1002,-0.1091249,0.03430378,0.7240219
1003,-0.103424,-0.05627606,0.7263907
1004,-0.08358003,-0.0200723,0.7235249
1005,-0.08920351,0.02766083,0.7235838
1006,-0.09085621,0.04480368,0.7324049
1007,-0.09184429,0.0469317,0.7319357
1008,-0.09625395,0.04717521,0.7317759
1009,-0.09691931,0.04828247,0.7313403
1010,-0.09918565,0.04843061,0.7316772
1011,-0.09921502,0.04891273,0.7316328
1012,-0.1003679,0.04906411,0.731829
1013,-0.0754763,-0.02519095,0.7321905
1014,-0.07518005,0.02532677,0.7309254
1015,-0.09638718,0.04629721,0.7316994
1016,-0.09958366,0.04808368,0.7313313
1017,-0.09078121,0.0428796,0.732608
1018,-0.08508953,0.03881425,0.7324995
1019,-0.07911691,0.03419117,0.7321067
1020,-0.1525533,0.01416133,0.7194145
1021,-0.1438966,0.02734306,0.7204069
1022,-0.1441668,0.02467008,0.7202803
1023,-0.06880341,0.01932956,0.7338855
1024,-0.07060869,-0.01907517,0.7357005
1025,-0.07068767,-0.03062993,0.7398527
1026,-0.06017907,0.07081743,0.749659
1027,-0.05190285,0.07284011,0.7569504
1028,-0.05157889,0.0009761006,0.7532411
1029,-0.05499591,-0.007327229,0.7512274
1030,-0.06525272,-0.02435016,0.7445382
1031,-0.09754571,-0.05952907,0.7336301
1032,-0.1542643,-0.07650205,0.7352625
1033,-0.1462861,-0.07580725,0.7327123
1034,-0.1378695,-0.07402058,0.7308415
1035,-0.1294082,-0.07095977,0.7294235
1036,-0.1349305,-0.07767227,0.735468
1037,-0.1255118,-0.07450721,0.7346479
1038,-0.1435652,-0.07964839,0.7370734
1039,-0.1517446,-0.08043359,0.7395501
1040,-0.120117,-0.06664896,0.7280232
1041,-0.1243052,-0.06327701,0.722277
1042,-0.10627,-0.06540893,0.7336968
1043,-0.1157433,-0.07030934,0.7341152
1044,-0.1331857,-0.05578586,0.7135783
1045,-0.128327,-0.05994533,0.7176598
1046,-0.1167034,-0.05877979,0.7212129
1047,-0.1116513,-0.06191381,0.727015
1048,-0.06904606,0.05626512,0.7403164
1049,-0.07098603,0.0403648,0.7371077
1050,-0.0623824,0.05826593,0.7448804
1051,-0.06551263,0.04797158,0.7414171
1052,-0.06336501,0.03878535,0.7416591
1053,-0.05756959,0.03760247,0.7457805
1054,-0.05874272,0.04811887,0.7459773
1055,-0.05459826,0.05960742,0.7503507
1056,-0.05155481,0.04767343,0.7511324
1057,-0.05109105,0.03573772,0.751029
1058,-0.04615445,0.06016248,0.7581686
1059,-0.04363708,0.04605208,0.7576122
1060,-0.04385891,0.03236841,0.7577496
1061,-0.05410787,0.01551164,0.7474988
1062,-0.05975657,0.02020612,0.7415154
1063,-0.06570938,0.02467278,0.7368798
1064,-0.04886145,0.01033272,0.7546408
1065,-0.04628394,0.02060501,0.7563651
1066,-0.05161083,0.0246767,0.7492581
1067,-0.07045082,0.03360336,0.7360642
1068,-0.07248449,0.02933273,0.7336893
1069,-0.06343632,0.03071207,0.7398059
1070,-0.0576593,0.02806477,0.7439927
1071,-0.09989251,0.04840705,0.7319511
1072,-0.1701558,-0.0008742325,0.7217931
1073,-0.1930497,-0.007733047,0.809891
1074,-0.07832582,-0.01984546,0.7281624
1075,-0.1562351,0.0581933,0.7677988
1076,-0.1550783,0.05916526,0.7668597
1077,-0.1538906,0.05927552,0.765384
1078,-0.1524231,0.06235274,0.7621263
1079,-0.153356,0.07236483,0.7586033
1080,-0.1509606,0.07512598,0.7561489
1081,-0.1487368,0.07529308,0.7525504
1082,-0.1436562,0.07545157,0.7471883
1083,-0.1374232,0.07366161,0.7440738
1084,-0.1338009,0.07236048,0.743772
1085,-0.1314854,0.06870324,0.7431343
1086,-0.1293508,0.05954826,0.745215
1087,-0.1262633,0.05527819,0.7450006
1088,-0.1244626,0.05484432,0.7441698
1089,-0.1233553,0.05376172,0.7434386
1090,-0.1164647,0.04904974,0.7353916
1091,-0.1185379,0.04952501,0.7373445
1092,-0.114114,0.04827444,0.7334446
1093,-0.106654,0.04702221,0.730984
1094,-0.1088906,0.04739963,0.731317
1095,-0.1215435,0.050212,0.7411821
1096,-0.1202035,0.04978009,0.7391521
1097,-0.1224736,0.05122491,0.7431571
1098,-0.1229437,0.05161664,0.7439801
1099,-0.1114524,0.04778038,0.732047
1100,-0.1045585,0.0472343,0.7308924
1101,-0.102339,0.04756852,0.731207
1102,-0.1007347,0.04793517,0.7316449
1103,-0.1641756,0.0551957,0.7709626
1104,-0.1666781,0.05517028,0.7724014
1105,-0.1692566,0.05485949,0.774097
1106,-0.1728696,0.05485812,0.778383
1107,-0.1739545,0.05486362,0.7803485
1108,-0.1619196,0.05487157,0.7698112
1109,-0.1595253,0.05480517,0.7690802
1110,-0.1561324,0.05567579,0.768415
1111,-0.1572133,0.05541663,0.7686427
1112,-0.1713578,0.05493297,0.7762507
1113,-0.1746681,0.0552627,0.7822751
1114,-0.1750735,0.05580933,0.7843218
1115,-0.1751448,0.05635732,0.7858527
1116,-0.1749831,0.0570686,0.7865837
1117,-0.09998473,0.04823866,0.7318311
1118,-0.1735179,0.02537853,0.7371524
1119,-0.1514338,0.02312009,0.720628
1120,-0.1836664,-0.006179363,0.7515614
1121,-0.1839517,-0.007580783,0.7509712
1122,-0.1817407,-0.005039513,0.7486368
1123,-0.1827523,-0.008946769,0.7469137
1124,-0.1803192,-0.004533499,0.7458118
1125,-0.1813126,-0.00957001,0.7440323
1126,-0.1724793,-0.002247285,0.7312444
1127,-0.1737479,-0.009090174,0.7295523
1128,-0.1757997,-0.009237159,0.7328107
1129,-0.1744712,-0.002604429,0.7343844
1130,-0.1698555,-0.002405006,0.7280681
1131,-0.170927,-0.009248886,0.7261384
1132,-0.1673001,-0.002713189,0.7259157
1133,-0.1683811,-0.00954764,0.7238942
1134,-0.1798314,-0.009739023,0.7403647
1135,-0.1786689,-0.003997456,0.7420686
1136,-0.176552,-0.003370073,0.7382497
1137,-0.1777918,-0.009639654,0.7366767
1138,-0.1841697,-0.006496634,0.7514684
1139,-0.1384134,-0.01339895,0.7170609
1140,-0.1426228,-0.0140899,0.7171366
1141,-0.1412462,-0.01010866,0.7184529
1142,-0.1380121,-0.01190261,0.7174617
1143,-0.1456461,-0.01414329,0.7176976
1144,-0.1443999,-0.009026334,0.7190256
1145,-0.160661,-0.003845949,0.7226444
1146,-0.1570224,-0.004840866,0.7215484
1147,-0.1577151,-0.01182084,0.7196826
1148,-0.1613085,-0.01092497,0.7206375
1149,-0.1654159,-0.01015474,0.7222438
1150,-0.164434,-0.003153294,0.7241853
1151,-0.1495601,-0.01366863,0.7180531
1152,-0.1535093,-0.01292256,0.7189384
1153,-0.1527233,-0.006386735,0.7206423
1154,-0.1485609,-0.007748928,0.7196776
1155,-0.1378882,-0.01233465,0.7168587
1156,-0.1315483,0.005645327,0.7101292
1157,-0.1344285,0.01307972,0.7140133
1158,-0.1368667,0.01962669,0.7189066
1159,-0.1391606,0.02569163,0.723017
1160,-0.1417855,0.03136791,0.7246784
1161,-0.1444817,0.0367208,0.7255985
1162,-0.1471792,0.04127179,0.7259184
1163,-0.149724,0.04527155,0.7263183
1164,-0.1524623,0.04842369,0.7268286
1165,-0.1554098,0.05070996,0.7278199
1166,-0.1587714,0.05200583,0.7299739
1167,-0.162003,0.05134408,0.7326615
1168,-0.1641318,0.04955296,0.7353894
1169,-0.1658292,0.04683129,0.7381822
1170,-0.1674517,0.04318517,0.7409853
1171,-0.1691508,0.03896827,0.7439421
1172,-0.171355,0.03417737,0.74668
1173,-0.1742884,0.02910899,0.7491352
1174,-0.1787535,0.02357978,0.7507943
1175,-0.1842057,0.01765078,0.7521809
1176,-0.1890161,0.01104523,0.7543441
1177,-0.1929648,-0.002354208,0.7600368
1178,-0.1928202,-0.008166309,0.7609645
1179,-0.1929726,-0.01500585,0.7595299
1180,-0.1919725,-0.02767791,0.7524318
1181,-0.1914822,-0.03321585,0.747867
1182,-0.1908597,-0.03878675,0.7426946
1183,-0.189542,-0.04373471,0.7358238
1184,-0.1873,-0.04722124,0.7281089
1185,-0.1833043,-0.04864051,0.7216561
1186,-0.1790198,-0.04917637,0.7172176
1187,-0.1746525,-0.04959074,0.7138948
1188,-0.1698215,-0.05037445,0.7113056
1189,-0.1641833,-0.05094258,0.7091138
1190,-0.1570407,-0.05087454,0.7078263
1191,-0.1491116,-0.04885671,0.7081462
1192,-0.141938,-0.04492756,0.708989
1193,-0.1364045,-0.03998166,0.7096168
1194,-0.1320709,-0.03492792,0.7096353
1195,-0.1255613,-0.02314725,0.7089306
1196,-0.1244374,-0.01606459,0.7086643
1197,-0.1254341,-0.009554837,0.7079783
1198,-0.1195937,0.01282711,0.7068112
1199,-0.1279243,0.02091751,0.7123904
1200,-0.1325991,0.02604215,0.7192222
1201,-0.1362104,0.03038822,0.7246748
1202,-0.1388501,0.03549992,0.7275912
1203,-0.1413922,0.04057072,0.7293046
1204,-0.1438525,0.04499739,0.7304719
1205,-0.1463843,0.04867095,0.7310477
1206,-0.1488892,0.0517249,0.7315832
1207,-0.1518582,0.05389915,0.7323691
1208,-0.1551671,0.05513049,0.7344562
1209,-0.1955996,0.01998691,0.7630076
1210,-0.1872527,0.02659404,0.7564309
1211,-0.1791468,0.03075917,0.7537982
1212,-0.1728655,0.03403554,0.7517903
1213,-0.1690172,0.03833079,0.7499579
1214,-0.1660326,0.04285657,0.7476447
1215,-0.1637172,0.04679292,0.7451176
1216,-0.1619236,0.05015646,0.7424854
1217,-0.1602855,0.05282783,0.7399166
1218,-0.158307,0.05450787,0.7370669
1219,-0.1987268,0.008319847,0.7663665
1220,-0.1974989,-0.001656719,0.7676585
1221,-0.1963431,-0.009436138,0.7680605
1222,-0.1956667,-0.01780826,0.7664896
1223,-0.1942852,-0.03311253,0.7588007
1224,-0.1936763,-0.03970962,0.7538928
1225,-0.1922406,-0.04519683,0.7480155
1226,-0.1903444,-0.05023305,0.7407075
1227,-0.186745,-0.05424633,0.7331609
1228,-0.1823221,-0.05684052,0.7268615
1229,-0.1775698,-0.05791745,0.7219853
1230,-0.1727854,-0.05845601,0.7184194
1231,-0.1675945,-0.0590359,0.7154626
1232,-0.1611496,-0.05923164,0.7130132
1233,-0.1535864,-0.05806942,0.7111848
1234,-0.1452019,-0.05553064,0.7103848
1235,-0.137196,-0.05169638,0.7107264
1236,-0.1307789,-0.04708107,0.7109172
1237,-0.1255631,-0.04139097,0.7107824
1238,-0.117586,-0.02711332,0.7095309
1239,-0.1158995,-0.0186713,0.7084681
1240,-0.1157627,-0.01020303,0.7066807
1241,-0.1169121,0.0002524555,0.7050545
1242,-0.09840992,0.01444709,0.7135152
1243,-0.08917648,0.01190947,0.718295
1244,-0.05877447,-0.01311726,0.7488828
1245,-0.06429128,-0.006470539,0.740694
1246,-0.07895361,0.009333052,0.7248307
1247,-0.07077218,0.0003884211,0.7327607
1248,-0.1076571,0.01731681,0.7106306
1249,-0.194284,0.02335086,0.7953762
1250,-0.1957056,0.02463218,0.7852151
1251,-0.1887031,0.01285719,0.8188562
1252,-0.1920991,0.0216704,0.8075871
1253,-0.1844279,0.006138831,0.8281646
1254,-0.1794678,-0.0003727078,0.8365319
1255,-0.1953769,0.02629015,0.7752048
1256,-0.1170153,0.02120858,0.7112978
1257,-0.1914464,0.02875752,0.7662657
1258,-0.1303058,0.02966925,0.7218872
1259,-0.1341262,0.03352156,0.7266107
1260,-0.1248089,0.02577863,0.7159495
1261,-0.1398038,0.04264794,0.7312239
1262,-0.1371487,0.03816638,0.7294869
1263,-0.1421917,0.04672948,0.7326109
1264,-0.144531,0.05055094,0.7335703
1265,-0.146971,0.05349948,0.7341486
1266,-0.1499044,0.05577628,0.7350417
1267,-0.1532642,0.0567251,0.7368259
1268,-0.171215,0.0374599,0.7541681
1269,-0.1770274,0.03470517,0.7565545
1270,-0.1672881,0.04115055,0.7518753
1271,-0.184422,0.03194052,0.7601504
1272,-0.1598841,0.05199432,0.7447939
1273,-0.1619481,0.04859927,0.7471581
1274,-0.1581633,0.05461961,0.7423292
1275,-0.1560987,0.05637054,0.7395687
1276,-0.1644284,0.04495389,0.7494707
1277,-0.1976027,0.01673336,0.7857001
1278,-0.196238,0.01376272,0.7955276
1279,-0.1984215,0.01870755,0.7751837
1280,-0.1893642,0.003940135,0.7568342
1281,-0.1923693,0.004508767,0.7571086
1282,-0.1962285,0.006775811,0.7605332
1283,-0.08883874,0.002477884,0.7173352
1284,-0.09788169,0.006729208,0.7122027
1285,-0.08110116,-0.001781441,0.7238016
1286,-0.1072785,0.009887915,0.7081028
1287,-0.1323818,-0.002531651,0.7117893
1288,-0.1305222,-0.002013594,0.7104849
1289,-0.1283793,-0.001884211,0.7077769
1290,-0.1235845,-0.0005443171,0.7054992
1291,-0.06203001,-0.01844102,0.7468348
1292,-0.06750749,-0.01262845,0.7385847
1293,-0.07380041,-0.007066019,0.7308943
1294,-0.1935505,0.01015291,0.8054901
1295,-0.1903638,0.005208958,0.8154273
1296,-0.1863256,-0.0002413131,0.8244053
1297,-0.181208,-0.005955368,0.8329747
1298,-0.1880164,0.002987958,0.7557886
1299,-0.1365596,-0.00518319,0.7130157
1300,-0.1347559,-0.003612615,0.7122191
1301,-0.1388933,-0.00863893,0.7148789
1302,-0.1377703,-0.007025272,0.713838
1303,-0.1864673,-0.001771949,0.751236
1304,-0.1856518,-0.003428992,0.7503887
1305,-0.1870115,0.000136368,0.7522342
1306,-0.1876177,0.001745582,0.7537665
1307,-0.1890393,-0.04214179,0.8022416
1308,-0.1930469,-0.03878793,0.7924268
1309,-0.1958874,-0.03586499,0.783522
1310,-0.1970626,-0.03289641,0.7758623
1311,-0.1962258,-0.02896699,0.7686781
1312,-0.1950256,-0.02604227,0.7631971
1313,-0.1944323,-0.02359368,0.7590854
1314,-0.1924541,-0.02169485,0.7563692
1315,-0.190598,-0.01975587,0.7545993
1316,-0.1891292,-0.01768807,0.7534524
1317,-0.1881187,-0.01552891,0.7522401
1318,-0.1866882,-0.0130107,0.7511004
1319,-0.1855645,-0.01052234,0.7501436
1320,-0.1847005,-0.008902643,0.749471
1321,-0.1843829,-0.007408567,0.7487065
1322,-0.1837834,-0.006685764,0.748756
1323,-0.1835063,-0.008021045,0.7492
1324,-0.1828421,-0.005615905,0.7506033
1325,-0.1841643,-0.005152341,0.7495106
1326,-0.1848915,-0.004434355,0.7498124
1327,-0.08982819,-0.0526805,0.7338994
1328,-0.09610379,-0.04932022,0.7262242
1329,-0.1022744,-0.0464103,0.7196325
1330,-0.1086832,-0.04301749,0.7148592
1331,-0.115383,-0.03859498,0.7121142
1332,-0.1208941,-0.03503689,0.7102263
1333,-0.125068,-0.03200784,0.7089965
1334,-0.1284886,-0.02954311,0.70929
1335,-0.1309052,-0.02708772,0.7101125
1336,-0.1326604,-0.02479891,0.7114401
1337,-0.134085,-0.02232439,0.7122238
1338,-0.1359103,-0.01936488,0.7133052
1339,-0.1373881,-0.01672773,0.7143172
1340,-0.1384535,-0.01488176,0.7151463
1341,-0.1394169,-0.01319027,0.715449
1342,-0.1398287,-0.01233306,0.7162262
1343,-0.1400672,-0.01359634,0.7170383
1344,-0.1391057,-0.01107479,0.7179757
1345,-0.1399486,-0.01048584,0.7163871
1346,-0.1395584,-0.00969933,0.7156612
