0,-0.02215227,-0.06715901,0.7477149
1,-0.01973381,-0.06236742,0.7431457
2,-0.01387808,-0.05099038,0.7323807
3,-0.01096898,-0.04195942,0.7264193
4,-0.01125049,-0.03039781,0.7248302
5,-0.01362281,-0.02259471,0.7271156
6,-0.0152915,-0.01832582,0.7292429
7,-0.01651561,-0.008853965,0.7303066
8,-0.01575569,-0.004175439,0.7288321
9,-0.01749452,0.001603212,0.7307821
10,-0.01913262,0.004827738,0.7331508
11,-0.04702656,0.06540251,0.7648075
12,-0.03780635,0.05915263,0.7526883
13,-0.03138325,0.05517299,0.7441908
14,-0.02682323,0.02967016,0.7415867
15,-0.02357503,0.02229114,0.7381156
16,-0.05225227,0.07554371,0.7706125
17,-0.02459116,0.0455284,0.7360525
18,-0.02596192,0.04937048,0.7374059
19,-0.02103896,0.01879206,0.7350668
20,-0.02532025,0.03526448,0.7386876
21,-0.02402942,0.04175723,0.7358257
22,-0.01962658,0.01517459,0.7335871
23,-0.02673008,0.03215744,0.7411239
24,-0.04982404,0.06893792,0.7682069
25,-0.03396124,0.05672985,0.7476035
26,-0.02842934,0.05280892,0.7403699
27,-0.05554594,0.0839313,0.7739894
28,-0.06672203,0.1063417,0.7864009
29,-0.08307344,0.1239344,0.8068667
30,-0.07411967,0.1166214,0.7952944
31,-0.02435209,0.03821041,0.7368451
32,-0.02575564,0.02650961,0.7405768
33,-0.0163899,-0.01396425,0.7306092
34,-0.01651896,-0.05627229,0.7372618
35,-0.04398129,0.06320199,0.7608278
36,-0.1348469,-0.01049266,0.7686678
37,-0.1232895,-0.0259685,0.7601765
38,-0.07295473,-0.05617759,0.7375895
39,-0.05984337,-0.05559745,0.7324209
40,-0.06409945,-0.06018512,0.7378686
41,-0.0782067,-0.06100024,0.7440349
42,-0.04401632,-0.03773219,0.7208145
43,-0.05105326,-0.04636244,0.7245635
44,-0.08149818,-0.05114612,0.7378137
45,-0.03962427,-0.02914483,0.7217296
46,-0.05595141,-0.02913034,0.72298
47,-0.06500146,-0.0376625,0.7254142
48,-0.08731279,-0.0559189,0.7447407
49,-0.05006834,-0.02247112,0.7238628
50,-0.07485803,-0.02406142,0.7260432
51,-0.06400001,-0.01754177,0.7238266
52,-0.09686878,-0.03758535,0.7395514
53,-0.06310721,0.01498063,0.727223
54,-0.05594259,0.01181909,0.7294235
55,-0.05860151,-0.001648977,0.7256181
56,-0.06659766,-0.002795454,0.72458
57,-0.1030796,-0.04318111,0.7472808
58,-0.03811814,-0.02473719,0.7227991
59,-0.05698518,-0.0135095,0.724749
60,-0.03687368,-0.02023378,0.7235379
61,-0.04804131,-0.01900468,0.7246093
62,-0.03532771,-0.007015631,0.7248378
63,-0.04655815,-0.01535393,0.7250639
64,-0.1190398,0.01393356,0.749276
65,-0.1171104,-0.03114321,0.754778
66,-0.04404022,-0.00661115,0.7274241
67,-0.05211683,-0.009504102,0.7265693
68,-0.05442064,-0.01157663,0.7256595
69,-0.05584014,-0.001321759,0.7260702
70,-0.03467213,-0.00290709,0.7262622
71,-0.04862466,-0.005370468,0.7281528
72,-0.05305012,-0.001039274,0.7264358
73,-0.06954156,0.04170734,0.7515773
74,-0.06661034,0.03947344,0.748311
75,-0.03465129,-0.0002560243,0.7277812
76,-0.04304124,-0.004001919,0.7283666
77,-0.04911081,-0.001146562,0.7279177
78,-0.05089237,0.009360749,0.7288731
79,-0.05353615,0.01064805,0.7293787
80,-0.03522395,0.0009542629,0.7293903
81,-0.04264253,-0.001974795,0.7290056
82,-0.04763873,-0.003956262,0.7289549
83,-0.04614794,0.005461205,0.7284174
84,-0.04973669,0.01413386,0.7309834
85,-0.05878269,0.04423179,0.7518847
86,-0.05275953,0.03783273,0.7455273
87,-0.08331017,0.03215749,0.7392482
88,-0.09525502,0.03531062,0.7448104
89,-0.04262759,-0.001142319,0.7297602
90,-0.04703636,-0.002898429,0.7296721
91,-0.04805442,-0.001468778,0.7289071
92,-0.04680568,0.01183333,0.7296013
93,-0.05145684,0.03007565,0.7416626
94,-0.06430309,0.04727501,0.757832
95,-0.06099648,0.04589679,0.7545794
96,-0.07201503,0.04395459,0.7534215
97,-0.04692271,-0.002480827,0.7301514
98,-0.0473394,-0.001784507,0.7296457
99,-0.04448027,0.003533151,0.7287175
100,-0.08824927,0.03969904,0.7472668
101,-0.09245718,0.03973509,0.747929
102,-0.1229172,0.03980691,0.7588964
103,-0.04701803,-0.002053495,0.7302042
104,-0.04345541,0.002032589,0.7291133
105,-0.04390048,0.008961666,0.7286848
106,-0.04990651,0.05987178,0.7579637
107,-0.04397761,0.05529091,0.7495203
108,-0.04856745,0.0480207,0.748069
109,-0.06281053,0.05066594,0.7608683
110,-0.05927216,0.04970325,0.7574243
111,-0.06914988,0.04553567,0.7562078
112,-0.0741661,0.04792476,0.7550412
113,-0.0758163,0.05151886,0.7568743
114,-0.1118199,0.0313968,0.7502237
115,-0.1069942,0.03708767,0.7516372
116,-0.04284174,0.0004030503,0.7301342
117,-0.03802554,0.009881187,0.7283737
118,-0.04898128,0.03589897,0.7400312
119,-0.05270109,0.06245693,0.7622628
120,-0.05017403,0.06430982,0.762956
121,-0.07778397,0.05975922,0.7607254
122,-0.08704631,0.04529472,0.749846
123,-0.08610541,0.04939575,0.7516973
124,-0.1088189,0.04610615,0.7544103
125,-0.118656,0.05420437,0.758782
126,-0.1233892,0.01825321,0.7535554
127,-0.1340315,0.004570488,0.764344
128,-0.1418385,0.03228002,0.7725852
129,-0.1267904,0.02335446,0.7570804
130,-0.03655464,0.008029923,0.7285284
131,-0.03898983,0.02496555,0.738099
132,-0.0502669,0.03208493,0.7408981
133,-0.0476302,0.03617959,0.738083
134,-0.04663979,0.04023401,0.7397423
135,-0.06541669,0.05359869,0.7655043
136,-0.07180817,0.04879109,0.7574975
137,-0.08850752,0.0569131,0.7537321
138,-0.1029327,0.04898629,0.75344
139,-0.1054192,0.05374333,0.7533687
140,-0.1117921,0.05380802,0.754758
141,-0.148608,0.02768999,0.7790949
142,-0.135749,0.03508651,0.7675936
143,-0.03547407,0.003861755,0.7301245
144,-0.03160998,0.02095958,0.7333293
145,-0.04930395,0.02798788,0.7398221
146,-0.04489633,0.03222213,0.7360312
147,-0.04516291,0.03975598,0.737449
148,-0.04096336,0.04839149,0.7402443
149,-0.03813327,0.05163117,0.7408544
150,-0.04113556,0.05788475,0.7505988
151,-0.06055103,0.0554836,0.7639971
152,-0.0579412,0.06296863,0.7656919
153,-0.07583661,0.05907645,0.7625535
154,-0.1329361,0.05607593,0.768791
155,-0.02961596,0.01671561,0.7302935
156,-0.04643523,0.02561689,0.7394829
157,-0.04380508,0.02922495,0.7377363
158,-0.04328442,0.03117543,0.7366748
159,-0.04351316,0.03752683,0.7354907
160,-0.04212389,0.03580625,0.7348513
161,-0.06162079,0.06918974,0.767167
162,-0.0588099,0.07291479,0.7673851
163,-0.1093607,0.05902973,0.7540683
164,-0.1020494,0.05799095,0.752928
165,-0.02723341,0.01347733,0.7302203
166,-0.02795846,0.02205128,0.7348804
167,-0.02918615,0.02964699,0.7397568
168,-0.04056473,0.03454125,0.7356878
169,-0.03674217,0.04407968,0.7344347
170,-0.03293089,0.04684345,0.7344952
171,-0.03091726,0.04367689,0.7335248
172,-0.03468372,0.04174688,0.733632
173,-0.03488987,0.05397525,0.7420949
174,-0.09798335,0.05107459,0.7529316
175,-0.0999101,0.05477497,0.7524101
176,-0.1149021,0.06107868,0.7580628
177,-0.1359506,0.06765617,0.7747656
178,-0.1288835,0.06622245,0.7689112
179,-0.02539283,0.007764984,0.7314871
180,-0.03228176,0.03986133,0.733951
181,-0.02949095,0.04047231,0.7339054
182,-0.02897849,0.035205,0.7372739
183,-0.05633099,0.07425117,0.7679886
184,-0.06335464,0.06119565,0.7674429
185,-0.07247328,0.05293167,0.7614481
186,-0.07008389,0.05015009,0.7600439
187,-0.0738961,0.05771782,0.7640809
188,-0.09204309,0.05427646,0.7529176
189,-0.0943804,0.06008417,0.752543
190,-0.02516441,0.003979269,0.7306792
191,-0.02687318,0.01818422,0.7316946
192,-0.02926111,0.04850709,0.7354857
193,-0.02767549,0.04489761,0.7343361
194,-0.07329689,0.06768159,0.7632061
195,-0.07354532,0.07556709,0.7617862
196,-0.06868482,0.05357814,0.76527
197,-0.07079461,0.05450869,0.7649822
198,-0.09271342,0.04967584,0.7520254
199,-0.09360261,0.05658448,0.7519858
200,-0.09770246,0.07059232,0.7547238
201,-0.09362701,0.0659776,0.7541673
202,-0.02382632,0.01437262,0.7314682
203,-0.03445306,0.03035695,0.7393062
204,-0.03079684,0.03232397,0.7393458
205,-0.03171721,0.03304616,0.7390236
206,-0.02650361,0.04125529,0.7344826
207,-0.02693317,0.03515058,0.7377867
208,-0.07349759,0.08241054,0.7637957
209,-0.07442455,0.06356337,0.7634684
210,-0.07189033,0.05523878,0.7657856
211,-0.09021609,0.05577632,0.753162
212,-0.09117773,0.05837066,0.7524311
213,-0.09493834,0.07897221,0.7591047
214,-0.1436864,0.06843789,0.7821851
215,-0.02200791,0.008473806,0.7326432
216,-0.02851094,0.03234219,0.7399263
217,-0.0788058,0.07553846,0.760262
218,-0.07977231,0.0827061,0.7623878
219,-0.07710222,0.06876113,0.7612292
220,-0.06939806,0.05603876,0.7662194
221,-0.09035426,0.06288794,0.7535502
222,-0.09301551,0.074682,0.7570043
223,-0.08841998,0.06887715,0.7561908
224,-0.08772011,0.08136583,0.7606677
225,-0.02168018,0.00450531,0.7317533
226,-0.08236267,0.06949441,0.7587075
227,-0.0858186,0.07583363,0.7584372
228,-0.07750287,0.06525046,0.761157
229,-0.07533707,0.06177926,0.7629653
230,-0.07544683,0.06061351,0.7624791
231,-0.1241834,0.08711965,0.7766949
232,-0.1325435,0.08992378,0.7841059
233,-0.08103756,0.06575822,0.7586581
234,-0.08764191,0.06069632,0.7536526
235,-0.08526321,0.06513766,0.7558881
236,-0.0776215,0.06269309,0.7606596
237,-0.07759412,0.06152131,0.7605666
238,-0.08586068,0.05861507,0.7549627
239,-0.1157032,0.09661507,0.7777695
240,-0.08014126,0.06315414,0.7583808
241,-0.08019233,0.06034723,0.7587412
242,-0.08006519,0.06188437,0.7583894
243,-0.08354685,0.06246354,0.7557257
244,-0.0830043,0.05999071,0.7567884
245,-0.1248291,0.09993885,0.7858931
246,-0.1173447,0.107528,0.7887605
247,-0.1103655,0.1132848,0.7917763
248,-0.09334041,0.1115373,0.7843946
249,-0.1000992,0.1077987,0.7814901
250,-0.1037112,0.1175727,0.7952674
251,-0.07895103,0.1038869,0.7788582
252,-0.08515293,0.102198,0.7756236
253,-0.09175415,0.1001118,0.7731396
254,-0.09887801,0.09692266,0.7716861
255,-0.1066756,0.0916687,0.7701261
256,-0.115697,0.08338214,0.7687524
257,-0.05563369,0.06586169,0.7657194
258,-0.05354564,0.06769181,0.7662941
259,-0.06714651,0.04797681,0.7593269
260,-0.05741628,0.05413159,0.7600952
261,-0.05069347,0.04326672,0.7469777
262,-0.04611671,0.0228644,0.738853
263,-0.0378438,0.01622725,0.7301431
264,-0.03459949,0.01314782,0.7286497
265,-0.08347994,0.04979554,0.752286
266,-0.08375495,0.04552663,0.7501346
267,-0.08406919,0.04032739,0.7477012
268,-0.08435415,0.03677876,0.7442119
269,-0.07700643,0.03414846,0.7412503
270,-0.0299517,0.01209084,0.7295287
271,-0.02857039,0.006864864,0.7309145
272,-0.02840705,0.003261369,0.7301083
273,-0.08826378,-0.0100073,0.7296094
274,-0.07979514,-0.006575514,0.7264804
275,-0.1046813,-0.01798039,0.7396181
276,-0.1068062,-0.009483136,0.7400511
277,-0.08086775,0.003243759,0.7266877
278,-0.09957573,0.04102801,0.7511763
279,-0.09319226,0.04595386,0.7509073
280,-0.1387942,-0.002640925,0.7715226
281,-0.1076121,0.1033396,0.7794806
282,-0.08027972,0.1154989,0.7911531
283,-0.04774579,0.04093549,0.7424895
284,-0.04286469,0.04966012,0.7433972
285,-0.0402028,0.05284693,0.7439973
286,-0.03725459,0.05527584,0.7452199
287,-0.09355065,0.05290715,0.7530262
288,-0.09020132,0.04538333,0.7500916
289,-0.09661946,0.04022796,0.7494248
290,-0.1002644,0.03517881,0.7469036
291,-0.1084294,0.0295297,0.7469488
292,-0.03876372,0.04703183,0.7370928
293,-0.03534301,0.0501261,0.737449
294,-0.03181015,0.05204581,0.7386365
295,-0.08993156,0.1226996,0.8028017
296,-0.04922746,0.02526592,0.7406171
297,-0.05020266,0.03540056,0.7417595
298,-0.06691393,0.05698016,0.7671816
299,-0.05695092,0.02803128,0.7373699
300,-0.05283868,0.0234374,0.7373198
301,-0.05086622,0.02132485,0.7361038
302,-0.07132094,0.03664179,0.7445587
303,-0.07405692,0.03963643,0.7485277
304,-0.07566953,0.04256866,0.7510067
305,-0.07707269,0.04716509,0.7529415
306,-0.03837294,0.02755637,0.7391759
307,-0.04804683,0.01892272,0.7342998
308,-0.04494368,0.01581244,0.7314463
309,-0.04096138,0.01278842,0.7291279
310,-0.04153422,0.006326959,0.7285306
311,-0.04037687,0.004823808,0.7286702
312,-0.03927002,0.002164874,0.7301456
313,-0.03898647,-0.0001576915,0.7294758
314,-0.0662118,0.05116109,0.762292
315,-0.0691624,0.05224898,0.7628944
316,-0.07250425,0.05630288,0.7652824
317,-0.030174,0.03540324,0.7371981
318,-0.03303299,0.02903106,0.7386448
319,-0.03734003,0.03766089,0.7348911
320,-0.04204077,0.02604596,0.7392941
321,-0.02631975,0.03786615,0.7357435
322,-0.0287232,0.03768249,0.7353486
323,-0.03026936,0.03758527,0.735487
324,-0.0325579,0.03539722,0.7374724
325,-0.09120479,0.05648122,0.7526413
326,-0.08932703,0.05776193,0.7530139
327,-0.08612423,0.05984003,0.7543752
328,-0.08297226,0.06141642,0.7562606
329,-0.07107574,0.05579495,0.7654961
330,-0.07177372,0.05386358,0.7639034
331,-0.07371578,0.05196948,0.7590193
332,-0.07809637,0.05113525,0.7550483
333,-0.08856606,0.04914523,0.7514775
334,-0.09746481,0.05721617,0.7522504
335,-0.1384811,0.07929393,0.7829496
336,-0.1306505,0.07792688,0.7756776
337,-0.1234835,0.07517903,0.7689648
338,-0.1086102,0.0683175,0.7570734
339,-0.1035735,0.06557692,0.7536404
340,-0.0980171,0.06220122,0.7530428
341,-0.09297334,0.05486245,0.7525925
342,-0.0957002,0.05481855,0.7520733
343,-0.09065889,0.04930169,0.7515908
344,-0.06273016,0.08248126,0.7689006
345,-0.06773824,0.08134157,0.765942
346,-0.0696445,0.07472194,0.7634991
347,-0.07019413,0.06663055,0.7649536
348,-0.07216009,0.06164957,0.7651414
349,-0.07310949,0.06034084,0.7647212
350,-0.07343498,0.05894238,0.7640941
351,-0.05240569,0.016174,0.7322836
352,-0.05452234,0.01783329,0.7328232
353,-0.05977777,0.02246463,0.7316138
354,-0.06961529,0.03362387,0.7403535
355,-0.01984853,0.001466263,0.7292787
356,-0.01839461,-0.004054166,0.7270414
357,-0.01916692,-0.009013347,0.7284197
358,-0.01849592,-0.01898768,0.7271052
359,-0.01673257,-0.02323041,0.7250853
360,-0.01525568,-0.03107454,0.7224489
361,-0.01581269,-0.04246396,0.7235698
362,-0.01952664,-0.05136345,0.728938
363,-0.02650461,-0.06288056,0.7390674
364,-0.02942257,-0.06775767,0.7436838
365,-0.02316228,0.001438119,0.7278938
366,-0.02199481,-0.003384866,0.7255945
367,-0.02250124,-0.008976556,0.7263755
368,-0.02199838,-0.01993608,0.7253297
369,-0.02055483,-0.02432646,0.7230447
370,-0.02002499,-0.03158198,0.72041
371,-0.02175437,-0.04298774,0.7213061
372,-0.02596825,-0.05167696,0.7262809
373,-0.0337617,-0.06278555,0.7365563
374,-0.03738713,-0.06748421,0.7411783
375,-0.02652396,0.001144148,0.7271853
376,-0.02581526,-0.002906594,0.7249786
377,-0.02605934,-0.008594833,0.7248875
378,-0.02568348,-0.02091817,0.7240521
379,-0.02489467,-0.02553938,0.7218517
380,-0.02589996,-0.03225602,0.7194647
381,-0.02867211,-0.04263863,0.7197664
382,-0.0335046,-0.05076616,0.7246428
383,-0.04216101,-0.06125769,0.734496
384,-0.04588574,-0.06623828,0.7396259
385,-0.03901714,-0.001170736,0.7286673
386,-0.03917889,-0.003325161,0.7276827
387,-0.04034629,-0.006618217,0.7261271
388,-0.04344063,-0.02213021,0.723851
389,-0.04518501,-0.02595937,0.722923
390,-0.05034834,-0.0334907,0.7223256
391,-0.05855622,-0.04284839,0.7250078
392,-0.06793854,-0.05185863,0.7319119
393,-0.03723596,0.02242506,0.7355453
394,-0.03308413,0.02509434,0.7368249
395,-0.0289603,0.02609472,0.7383346
396,-0.0483439,0.007520139,0.728512
397,-0.05080353,-0.0009492449,0.7270419
398,-0.05006253,-0.007397994,0.7274293
399,-0.0453434,-0.01109459,0.7258874
400,-0.04112732,-0.0126629,0.7248053
401,-0.03609804,-0.01439962,0.7240689
402,-0.02638593,-0.01529389,0.7253771
403,-0.0227901,-0.01514031,0.7267591
404,-0.01934068,-0.01442512,0.7286713
405,-0.0228947,-0.05670493,0.7334965
406,-0.02972049,-0.05693303,0.7310603
407,-0.03767985,-0.05591798,0.7291028
408,-0.05581182,-0.05137046,0.7282402
409,-0.06344207,-0.04770317,0.7278945
410,-0.07053406,-0.04269831,0.7278617
411,-0.08212488,-0.02856407,0.728705
412,-0.0901787,-0.0003781617,0.7302986
413,-0.09131806,0.0241889,0.7356246
414,-0.08998583,0.03043857,0.7389606
415,-0.08978807,0.03584323,0.7438608
416,-0.07596233,-0.04692313,0.7317703
417,-0.08942191,-0.03283597,0.7330801
418,-0.09683997,-0.01422718,0.7344277
419,-0.09889951,-0.004786164,0.7349836
420,-0.09990577,0.02217209,0.7384201
421,-0.05318703,-0.005404845,0.7264743
422,-0.05611627,-0.006650709,0.7259882
423,-0.05876109,-0.007649213,0.7252253
424,-0.06595314,-0.01025765,0.7241932
425,-0.07771094,-0.01566405,0.7264507
426,-0.08574621,-0.01962521,0.729039
427,-0.0944258,-0.02430673,0.7337945
428,-0.104303,-0.02857105,0.7411354
429,-0.1104656,-0.03641813,0.7496363
430,-0.05083298,-0.004369542,0.727114
431,-0.04929077,-0.003532268,0.7280331
432,-0.0483221,-0.002858736,0.7289459
433,-0.04779091,-0.00258027,0.729634
434,-0.04740798,-0.002452914,0.7301922
435,-0.103646,0.02884978,0.743571
436,-0.09538291,0.0467672,0.7518643
437,-0.104105,0.03569034,0.7492123
438,-0.1020541,0.04258992,0.7527513
439,-0.09717952,0.04729978,0.7525535
440,-0.09441842,0.05175059,0.7533735
441,-0.09438054,0.04998785,0.7524856
442,-0.09549479,0.0518617,0.7529827
443,-0.07288655,0.1052293,0.7824064
444,-0.08669838,0.1138737,0.7873774
445,-0.09693597,0.1206427,0.7989601
446,-0.04707411,0.06205045,0.7588658
447,-0.05459012,0.05251984,0.7562921
448,-0.05651057,0.0480726,0.7540358
449,-0.06473643,0.03693777,0.7448521
450,-0.0760316,0.0302729,0.7366008
451,-0.0834541,0.02712222,0.7351053
452,-0.1079026,0.0209207,0.7427234
453,-0.1137003,0.02241633,0.7471349
454,-0.1014216,0.07460038,0.7576119
455,-0.1126495,-0.02458291,0.7476712
456,-0.1249621,0.005401,0.7546192
457,-0.1301417,-0.002387129,0.7613311
458,-0.09712558,0.02923302,0.7405394
459,-0.117511,0.02490411,0.7508865
460,-0.1402658,0.05625691,0.7742963
461,-0.1289535,0.01131941,0.758195
462,-0.1482165,0.0554571,0.7821645
463,-0.115545,0.04304568,0.7559282
464,-0.07907388,0.03799581,0.7458009
465,-0.07988007,0.04122636,0.7488192
466,-0.08026884,0.04620462,0.7512005
467,-0.08061202,0.050377,0.7534909
468,-0.04619736,0.0342298,0.7367349
469,-0.09478754,0.05062296,0.7533
470,-0.0951205,0.05048198,0.752777
471,-0.09814115,0.0482432,0.7529831
472,-0.1033327,0.04413453,0.753721
473,-0.108666,0.03931974,0.7534585
474,-0.1142195,0.0341673,0.7528591
475,-0.1204341,0.02865972,0.7541174
476,-0.1323022,0.01812129,0.7614738
477,-0.1374393,0.01250672,0.7671259
478,-0.1421424,0.006365471,0.7738611
479,-0.05478559,0.03264613,0.742721
480,-0.06111557,0.04041927,0.7488208
481,-0.06318796,0.04251798,0.7516565
482,-0.06635865,0.04415388,0.7545512
483,-0.04178863,0.01961496,0.7339616
484,-0.03464282,0.01867667,0.7316972
485,-0.03182828,0.01504653,0.7293109
486,-0.04624457,0.02903267,0.7377779
487,-0.04884242,0.03283905,0.738886
488,-0.05495794,0.05917399,0.761721
489,-0.052279,0.05671558,0.7575279
490,-0.04637313,0.0521028,0.7488811
491,-0.04528904,0.04547486,0.7429024
492,-0.0434957,0.04452542,0.7400361
493,-0.04142272,0.04391823,0.73721
494,-0.03983933,0.04135924,0.7348623
495,-0.03863531,0.03924191,0.7342347
496,-0.0602293,0.09450231,0.7790136
497,-0.06643307,0.09386171,0.7743633
498,-0.07249447,0.09339166,0.7706729
499,-0.07927914,0.09258384,0.7677916
500,-0.08648867,0.09061774,0.766575
501,-0.09339704,0.08822038,0.7653883
502,-0.1000264,0.08508759,0.763859
503,-0.1076778,0.07883886,0.7620244
504,-0.1163226,0.07080531,0.7628142
505,-0.1225932,0.06356531,0.7638133
506,-0.1266494,0.05521194,0.7642099
507,-0.1302585,0.03715927,0.7635291
508,-0.04813515,0.03035875,0.7383376
509,-0.05452456,-0.06375886,0.7386641
510,-0.05092937,-0.05886024,0.7334126
511,-0.04670591,-0.05400032,0.7285331
512,-0.04238795,-0.04870505,0.7241871
513,-0.03633796,-0.04103278,0.7196876
514,-0.03309023,-0.03189487,0.7201986
515,-0.03129612,-0.02629426,0.7216219
516,-0.03082984,-0.02138343,0.723393
517,-0.031139,-0.01526811,0.724274
518,-0.03026318,-0.007854804,0.7242243
519,-0.02975428,-0.002768863,0.7250819
520,-0.03071531,0.0004836842,0.7272339
521,-0.0317863,0.002045318,0.7297363
522,-0.03207791,0.005528122,0.7304802
523,-0.03314656,0.01042672,0.7288378
524,-0.04453835,0.02660982,0.7396879
525,-0.03676616,0.03346345,0.7383966
526,-0.1133412,-0.01372954,0.7459921
527,-0.1183406,-0.0195352,0.751888
528,-0.06844777,-0.06512238,0.7437052
529,-0.03185795,-0.07261164,0.7475985
530,-0.04005454,-0.07222837,0.7452595
531,-0.02412879,-0.07196809,0.7517107
532,-0.04880112,-0.07081688,0.7440059
533,-0.05841979,-0.06840815,0.7436228
534,-0.0422575,-0.01790299,0.7240199
535,-0.1355299,0.04571094,0.7688519
536,-0.1421811,0.04420707,0.7738497
537,-0.1497207,0.04129643,0.7803442
538,-0.09450753,0.05337624,0.7527405
539,-0.09698698,0.05281836,0.7524128
540,-0.1018257,0.05191882,0.7528946
541,-0.1073856,0.04989194,0.7539591
542,-0.1139276,0.0484392,0.7555847
543,-0.1217339,0.04698228,0.7593155
544,-0.1292737,0.04658947,0.7644427
545,-0.1295532,0.02908778,0.7607725
546,-0.1349476,0.02567013,0.7647955
547,-0.1405534,0.02137369,0.7697822
548,-0.1453829,0.01622574,0.7765696
549,-0.09545193,0.05099171,0.7530819
550,-0.09833385,0.04939274,0.7531658
551,-0.1034793,0.0463823,0.7537652
552,-0.1093926,0.04242854,0.7543634
553,-0.1161068,0.03768757,0.7551229
554,-0.122789,0.03288489,0.7570805
555,0.005987085,-0.02647368,0.7610584
556,0.007974602,-0.03487807,0.7702807
557,0.00908304,-0.02861123,0.7760615
558,0.006673127,-0.02110355,0.7663866
559,-0.006486546,-0.04140198,0.7298363
560,-0.008603234,-0.05012127,0.7362858
561,-0.003767338,-0.04914523,0.7412372
562,-0.002141677,-0.0407253,0.7345288
563,0.002372168,-0.01979776,0.7559633
564,0.002769135,-0.01550787,0.7608001
565,0.009601809,-0.03319849,0.7824271
566,0.008626632,-0.03711477,0.7892799
567,0.01005027,-0.0210037,0.8015104
568,0.01072253,-0.01713076,0.7928659
569,-0.007523775,-0.03010364,0.7276742
570,-0.003695138,-0.02959966,0.7314501
571,0.001817651,-0.03909869,0.7404431
572,0.000347361,-0.04685719,0.7475184
573,0.003718682,-0.0432677,0.7554198
574,0.004516654,-0.03611836,0.7475725
575,0.0004586354,-0.0163666,0.7543331
576,0.0009831786,-0.01242499,0.7589658
577,0.00702285,-0.007955376,0.7738518
578,0.009879604,-0.01326407,0.7849454
579,0.009358145,-0.004563972,0.7873169
580,0.006452315,-0.0004735887,0.7754791
581,0.009837359,-0.01194315,0.8059746
582,0.01030838,-0.007787734,0.7959177
583,-0.01050274,-0.02245873,0.7292976
584,-0.007025935,-0.0226443,0.7322165
585,-0.0004984811,-0.02917444,0.7367505
586,0.00134775,-0.02762466,0.7439286
587,0.005738094,-0.03165789,0.7548692
588,0.001934297,-0.0239054,0.75049
589,0.003301755,-0.005249269,0.7676275
590,3.804266E-05,0.02326191,0.771706
591,-0.00430432,0.01884034,0.7665615
592,0.001739733,0.006700721,0.7689712
593,0.005495541,0.006804291,0.7756804
594,0.007602222,-0.02548373,0.8114061
595,0.003497794,-0.03109488,0.820699
596,0.002852745,-0.02362368,0.8280385
597,0.00730747,-0.01573239,0.8183612
598,-0.004097119,-0.0229194,0.7360926
599,-0.001395218,-0.02257032,0.7422717
600,0.002734087,0.0008673966,0.7693697
601,-0.001884006,-0.005118713,0.7564149
602,-0.002217136,-0.007485718,0.7519726
603,-0.000600256,-0.01243038,0.7530297
604,-0.0003306791,-0.009069502,0.7574854
605,0.001535863,-0.003738876,0.7653927
606,0.00125993,0.00148914,0.7671539
607,-0.01349026,-0.01374666,0.7326953
608,-0.01212198,-0.01818971,0.7315565
609,-0.009037141,-0.01835639,0.7342179
610,-0.01043971,-0.01371538,0.7352834
611,0.0005785748,0.006715804,0.7665827
612,0.003587447,-0.0004059747,0.8277609
613,-0.003365003,0.01904394,0.8402836
614,-0.00166925,0.02732214,0.8320892
615,0.00616423,0.003613632,0.819086
616,-0.007817678,-0.01300664,0.7382212
617,-0.006339803,-0.01851951,0.7373309
618,-0.003722131,-0.01800314,0.7420664
619,-0.005065773,-0.01207551,0.7423179
620,-0.001787022,-0.0157896,0.7478275
621,-0.003009249,-0.01018239,0.7468957
622,-0.006467111,0.001097653,0.7505803
623,-0.004430652,-0.001797169,0.751306
624,-0.004266061,-0.001046512,0.7555687
625,-0.005647071,0.001231328,0.7548599
626,-0.0003312156,-0.002118569,0.7634062
627,-0.001950219,-0.0005113035,0.7618032
628,-0.004725516,0.01738835,0.7644599
629,-0.006191395,0.02939745,0.7694003
630,-0.008777659,0.02383896,0.7657527
631,-0.0131672,-0.00343021,0.730633
632,-0.01382408,-0.008395895,0.7321022
633,-0.01078843,-0.007542409,0.7344311
634,-0.0107167,-0.00198533,0.7333461
635,-0.000246726,0.002227318,0.7643763
636,-0.001614295,0.002718087,0.76243
637,-0.008540567,0.02203424,0.7637725
638,-0.01404984,0.02837706,0.7650861
639,-0.01318574,0.03359079,0.7682162
640,-0.02387466,0.04686391,0.7838377
641,-0.02155033,0.04470689,0.7801893
642,-0.01619089,0.0431036,0.7835868
643,-0.01931148,0.04588757,0.7872488
644,-0.008876473,-0.0007410496,0.7366289
645,-0.00821479,-0.0063967,0.7372
646,-0.006172702,-0.004788384,0.7409015
647,-0.007573731,0.0001199841,0.740424
648,-0.004958399,-0.003109276,0.7459724
649,-0.006866485,0.0007571876,0.7456648
650,-0.007540949,0.003247797,0.7507651
651,-0.006479681,0.003147122,0.7546372
652,-0.003232859,0.001116697,0.7606456
653,-0.004439935,0.002254739,0.7599549
654,-0.001913019,0.006085433,0.7622759
655,-0.0006745681,0.006492883,0.7640733
656,-0.004870616,0.01579382,0.7620108
657,-0.005073395,0.01359995,0.7598147
658,-0.01319135,0.02615482,0.7630044
659,-0.01523468,0.002077051,0.7324038
660,-0.01282929,0.002771121,0.734973
661,-0.008199122,0.004215926,0.7512242
662,-0.007099576,0.003959022,0.7550303
663,-0.002967492,0.003085021,0.7612513
664,-0.004154738,0.003460832,0.7606832
665,-0.007088773,0.01721857,0.7581905
666,-0.0078252,0.01980237,0.7610769
667,-0.01200806,0.02363495,0.7600278
668,-0.02325502,0.04127508,0.7662305
669,-0.02803982,0.04771443,0.7735764
670,-0.03131618,0.0508769,0.7717608
671,-0.02602367,0.0460647,0.7643504
672,-0.02144273,0.04861637,0.7892588
673,-0.02504284,0.04917231,0.7865379
674,-0.003033567,0.04012316,0.8071137
675,-0.008398708,0.04518214,0.8062133
676,-0.009366516,0.04501847,0.8007259
677,-0.004056808,0.0404687,0.7997946
678,-0.01691212,0.005087432,0.7350744
679,-0.01462189,0.005369462,0.73795
680,-0.01094417,0.00322929,0.7379164
681,-0.009424441,0.003371868,0.7420269
682,-0.008414432,0.003313769,0.7461247
683,-0.005391039,0.003109779,0.7596089
684,-0.003089614,0.005431667,0.7610492
685,-0.005205341,0.01126757,0.7579585
686,-0.005714212,0.009010885,0.7565746
687,-0.004230395,0.004795846,0.760484
688,-0.03002409,0.04935028,0.7764022
689,-0.03211987,0.05079868,0.7804663
690,-0.03591123,0.05351819,0.7797317
691,-0.03374857,0.05245709,0.7753319
692,-0.02340186,0.05308972,0.7907493
693,-0.02638187,0.05318951,0.7886766
694,-0.01787421,0.04819769,0.7926074
695,-0.020638,0.0528169,0.7932287
696,-0.01274562,0.04866102,0.8041791
697,-0.01351235,0.04809714,0.8000204
698,-0.01285654,0.005291294,0.7408631
699,-0.01119921,0.004867602,0.7440778
700,-0.009520382,0.004557434,0.747414
701,-0.005757287,0.003449585,0.7596702
702,-0.004965365,0.003586683,0.7604262
703,-0.00662443,0.01414714,0.7554402
704,-0.006776892,0.01116302,0.7533639
705,-0.03266157,0.05173825,0.7835664
706,-0.02799414,0.04842988,0.7816049
707,-0.02877371,0.04998509,0.784629
708,-0.005560052,0.00361459,0.760238
709,-0.005083293,0.004315227,0.7600704
710,-0.006166119,0.007355038,0.7558584
711,-0.03719836,0.05833306,0.7681113
712,-0.03040259,0.05384626,0.7600832
713,-0.02837352,0.05025538,0.7622958
714,-0.03462643,0.05465656,0.7701848
715,-0.02957323,0.05342625,0.7871963
716,-0.03267544,0.05422545,0.7863207
717,-0.007412128,0.04313557,0.8239058
718,-0.01106867,0.04778617,0.8192645
719,-0.009611703,0.04631665,0.8158847
720,-0.005290717,0.0412428,0.8198184
721,-0.005722843,0.003947277,0.7599416
722,-0.007125691,0.005554568,0.7557747
723,-0.007026397,0.009539224,0.7524666
724,-0.04234389,0.06358787,0.7695378
725,-0.04410671,0.06499451,0.7672309
726,-0.0409608,0.06272743,0.7631518
727,-0.03885004,0.0610776,0.7657234
728,-0.03232101,0.06501807,0.7928894
729,-0.02807546,0.05674572,0.7904552
730,-0.02557795,0.05690215,0.792017
731,-0.02976351,0.0661451,0.7944385
732,-0.02321587,0.05667307,0.7939071
733,-0.02698834,0.0664186,0.7964447
734,-0.01448007,0.0523053,0.8144595
735,-0.01361267,0.0506045,0.8117529
736,-0.01427396,0.05663375,0.8211527
737,-0.01354961,0.05307568,0.8219495
738,-0.0113823,0.04930592,0.8289295
739,-0.01308193,0.05440827,0.8282321
740,-0.0083891,0.006603166,0.7521867
741,-0.01905409,0.03409018,0.7644629
742,-0.02024968,0.0389338,0.7628499
743,-0.01899743,0.0393325,0.761097
744,-0.01896629,0.03577483,0.7629597
745,-0.01659875,0.03760018,0.7575757
746,-0.01766389,0.03962963,0.7591636
747,-0.01836276,0.04278991,0.7562857
748,-0.0167826,0.04052834,0.754314
749,-0.0218489,0.06441402,0.8008693
750,-0.01962664,0.05672241,0.798534
751,-0.01861205,0.05688498,0.8007793
752,-0.02060759,0.06363409,0.8023642
753,-0.01656631,0.05625375,0.8093483
754,-0.01643703,0.05552041,0.8074814
755,-0.01545229,0.06384052,0.8172081
756,-0.01484165,0.06023383,0.8194097
757,-0.01404875,0.05952878,0.8261824
758,-0.01471376,0.06460829,0.8235798
759,-0.01096122,0.01975679,0.7492314
760,-0.01357327,0.02144453,0.7465327
761,-0.01183482,0.01766952,0.7434539
762,-0.01007324,0.016468,0.7460508
763,-0.01771764,0.03181703,0.7621376
764,-0.01819467,0.02918387,0.7625715
765,-0.02360139,0.05031073,0.7524862
766,-0.02554374,0.05302759,0.7496686
767,-0.02306119,0.05147797,0.7460597
768,-0.02116404,0.04896913,0.7494444
769,-0.03457329,0.05861498,0.755188
770,-0.03226783,0.05660157,0.7577582
771,-0.04393116,0.06456054,0.7755759
772,-0.04035847,0.05771074,0.7782431
773,-0.04346735,0.06362217,0.7816718
774,-0.0449095,0.07122459,0.7791343
775,-0.03080329,0.05666236,0.7891763
776,-0.03453007,0.06377871,0.7917378
777,-0.03637872,0.06197198,0.7905311
778,-0.03361188,0.05717266,0.7887363
779,-0.01663494,0.06431966,0.8116292
780,-0.0160362,0.06164182,0.8136211
781,-0.01561687,0.06946245,0.8208854
782,-0.01673496,0.06767028,0.8137565
783,-0.01794998,0.02907187,0.7596147
784,-0.01886268,0.02964757,0.7578138
785,-0.01922449,0.02876145,0.7554392
786,-0.01717199,0.02646827,0.7593818
787,-0.01763255,0.03227217,0.7561916
788,-0.0170688,0.03418674,0.7551474
789,-0.01750683,0.03716403,0.751915
790,-0.0206495,0.0482557,0.7431567
791,-0.01894649,0.04609407,0.7469383
792,-0.04686541,0.07458857,0.7760381
793,-0.04515686,0.06707616,0.7730968
794,-0.01764228,0.06644044,0.8092994
795,-0.01911831,0.0231376,0.7411051
796,-0.0162883,0.02288175,0.7440744
797,-0.0197359,0.02678364,0.7462555
798,-0.02258977,0.02689192,0.7428287
799,-0.01991098,0.04488253,0.7412698
800,-0.01851958,0.04352053,0.7450122
801,-0.02808426,0.05470758,0.7468511
802,-0.02561127,0.0527383,0.7429825
803,-0.0398341,0.07921696,0.7852869
804,-0.04374487,0.08470272,0.7832603
805,-0.01860286,0.06532057,0.805522
806,-0.0177954,0.06386652,0.8075471
807,-0.0186228,0.07132816,0.8099348
808,-0.01925696,0.06882688,0.8064405
809,-0.01383001,0.01532259,0.7396957
810,-0.01470323,0.009228997,0.7390257
811,-0.01308883,0.008994382,0.7418449
812,-0.01227496,0.01448319,0.7420977
813,-0.01591954,0.01954056,0.7394243
814,-0.01361826,0.01875702,0.7415619
815,-0.01934041,0.04135791,0.743025
816,-0.02108202,0.03862973,0.741925
817,-0.02297094,0.04919721,0.7398959
818,-0.04842774,0.07537771,0.7738347
819,-0.0466793,0.06851254,0.7712374
820,-0.03987826,0.07118262,0.7873577
821,-0.01998148,0.06674794,0.8034019
822,-0.02190205,0.04554578,0.7383929
823,-0.04834187,0.08445568,0.7793825
824,-0.03721805,0.07294603,0.7897342
825,-0.03688846,0.08083426,0.7887555
826,-0.03861038,0.06632167,0.7895041
827,-0.03653449,0.06886542,0.7910674
828,-0.01801011,0.0751775,0.815024
829,-0.01612308,0.01537909,0.7368016
830,-0.02377744,0.03319571,0.7442603
831,-0.02329135,0.03405717,0.7449362
832,-0.02237271,0.036344,0.7426134
833,-0.02282101,0.03591919,0.7415686
834,-0.02145841,0.03850749,0.7404287
835,-0.02027877,0.0415112,0.7403725
836,-0.02189354,0.04179313,0.7377087
837,-0.02263372,0.03828876,0.7383239
838,-0.03974717,0.08717721,0.7884412
839,-0.03342929,0.08171351,0.7931588
840,-0.03413607,0.07478224,0.7926612
841,-0.03755578,0.06485174,0.7900519
842,-0.0353441,0.066867,0.791476
843,-0.03824147,0.05904677,0.7894793
844,-0.03773881,0.05821636,0.7882679
845,-0.03629797,0.05778304,0.7888561
846,-0.0377416,0.06024196,0.7897817
847,-0.0215597,0.07459619,0.8059767
848,-0.02140875,0.07935163,0.8095644
849,-0.02537809,0.0829848,0.8057387
850,-0.0254975,0.07674917,0.8014717
851,-0.02433283,0.03024631,0.7431805
852,-0.02506302,0.03276435,0.742346
853,-0.01694341,0.009180028,0.7361847
854,-0.02197213,0.03038521,0.7464342
855,-0.02229562,0.03182938,0.7478511
856,-0.02050351,0.02965607,0.7517908
857,-0.02394269,0.03551004,0.7398864
858,-0.03619185,0.08873548,0.7941263
859,-0.03347663,0.0711809,0.7931067
860,-0.04138854,0.05989223,0.7853794
861,-0.03948331,0.05957482,0.7872398
862,-0.01985989,0.06463728,0.8031057
863,-0.02098778,0.06560921,0.8014483
864,-0.02192153,0.07108366,0.8029589
865,-0.02260241,0.06854827,0.8003233
866,-0.02916608,0.08306881,0.7989811
867,-0.02996936,0.07629699,0.7965584
868,-0.03007522,0.07240982,0.7956035
869,-0.03263963,0.06844068,0.7929404
870,-0.03672676,0.06326752,0.7900854
871,-0.03479944,0.06539843,0.7913096
872,-0.02606502,0.07249787,0.7987707
873,-0.02611458,0.06958664,0.7970247
874,-0.02975871,0.06953833,0.7945971
875,-0.03242564,0.06692995,0.7926742
876,-0.02412906,0.06561079,0.7986352
877,-0.02363417,0.06713525,0.7987578
878,-0.04065835,0.09993064,0.8491098
879,-0.04627001,0.1085081,0.841388
880,-0.04110676,0.1047149,0.8308509
881,-0.03604796,0.09660461,0.8395071
882,-0.02964475,0.06794762,0.7942612
883,-0.02666912,0.06813551,0.7963293
884,-0.05250698,0.1146222,0.8345112
885,-0.04631218,0.1100465,0.8230498
886,-0.05850984,0.119009,0.8282743
887,-0.05693695,0.1157024,0.8103698
888,-0.05139164,0.1132435,0.8161618
889,-0.06457133,0.1218955,0.822817
890,-0.07067853,0.1235367,0.8174369
891,-0.07685596,0.1241405,0.8120033
892,-0.06813155,0.1169287,0.7998366
893,-0.06228872,0.1167073,0.8048012
894,-0.05543041,0.1068084,0.795896
895,-0.04837922,0.09671249,0.7882813
896,-0.0432196,0.0972776,0.7940977
897,-0.05006645,0.1064417,0.8010048
898,-0.03942463,0.09639127,0.8010001
899,-0.04516333,0.1055527,0.8067424
900,-0.04096039,0.1034277,0.8133724
901,-0.03560949,0.09491769,0.8074601
902,-0.03150547,0.09282797,0.8134941
903,-0.0362246,0.09940257,0.820769
904,-0.02649963,0.08773608,0.8206655
905,-0.03088909,0.09258897,0.829609
906,-0.02740815,0.0855682,0.8376934
907,-0.0234782,0.0808337,0.8296767
908,-0.02131951,0.07459339,0.8363298
909,-0.02430879,0.07759491,0.8433691
910,-0.0001712888,-0.01992104,0.749078
911,-0.01609413,0.0355064,0.7563472
912,-0.01639455,0.03870494,0.7529421
913,-0.01686242,0.03247458,0.7585021
914,-0.03746621,0.0562157,0.774007
915,-0.02203535,0.04692898,0.7551516
916,-0.01994911,0.04630239,0.7522473
917,-0.02011079,0.04324577,0.7583967
918,-0.01791562,0.04375977,0.7502382
919,-0.01744181,0.04158601,0.749133
920,-0.01824544,0.03982636,0.7483132
921,-0.00643244,0.03872444,0.7858547
922,-0.01247448,0.04055632,0.7807999
923,-0.01095527,0.04193441,0.7880338
924,-0.01496541,0.04533622,0.7911394
925,-0.02108527,0.05664732,0.7962106
926,-0.01702209,0.05305424,0.799199
927,-0.01839904,0.05277949,0.7961984
928,-0.01535378,0.048059,0.7962357
929,0.009332597,0.001897454,0.7978652
930,0.008964293,0.004562248,0.7886899
931,0.008518197,-0.0017327,0.8078347
932,0.007492371,0.007814944,0.8094521
933,0.008265063,0.01161171,0.7993108
934,-0.002730317,0.03513696,0.8255433
935,-0.0003771856,0.03343135,0.8187672
936,0.008145399,0.01433332,0.7893399
937,0.007787406,-0.03935071,0.7762904
938,-0.002135381,0.03689893,0.7926469
939,0.0008309111,0.03399812,0.8096891
940,0.0003964528,0.03507863,0.8005387
941,-0.01867018,0.04246832,0.7774603
942,-0.02245423,0.04382288,0.7602786
943,-0.02425868,0.04781634,0.7576969
944,-0.0304488,0.05603897,0.7499792
945,-0.02799773,0.05421077,0.7525979
946,-0.01626559,0.05360457,0.8022106
947,-0.01285311,0.04960538,0.808509
948,-0.01613433,0.05451814,0.8052209
949,-0.008667361,0.04551414,0.8115925
950,-0.00675172,0.04115099,0.7934611
951,-0.01484573,0.05876148,0.8349341
952,-0.01645525,0.06543352,0.8313651
953,-0.01811622,0.07160547,0.8273566
954,-0.02026875,0.07785932,0.8208311
955,-0.02366382,0.08332018,0.8139861
956,-0.02773749,0.08683782,0.8080146
957,-0.03184869,0.08836899,0.8014283
958,-0.06090213,0.1067334,0.7910841
959,-0.05389574,0.09561906,0.7835568
960,-0.009849526,0.02042069,0.7565311
961,-0.00850679,0.01718833,0.7522686
962,-0.02606232,0.05146109,0.7551746
963,-0.008567818,0.0119488,0.7484729
964,-0.00820028,0.01394485,0.7496022
965,-0.01025348,0.01357973,0.7450475
966,-0.009724505,0.007509362,0.7484511
967,-0.01135528,0.008421674,0.7451391
968,-0.03986529,0.0564523,0.7835638
969,-0.03620825,0.05441118,0.7833914
970,-0.03598151,0.05591776,0.7862614
971,-0.03856421,0.05697545,0.7865282
972,-0.04059066,0.06072132,0.7717859
973,-0.02612127,0.0467204,0.7778265
974,-0.02394133,0.04477415,0.7751294
975,-0.03831971,0.0595528,0.7886223
976,-0.006752338,0.01133052,0.8482059
977,-0.009302583,0.01841399,0.8521756
978,-0.006237015,0.02501273,0.8446513
979,-0.01930965,0.03702965,0.767576
980,-0.01897359,0.02739795,0.7522463
981,-0.02190467,0.03664668,0.744948
982,-0.02115003,0.03532972,0.7493731
983,-0.01778576,0.05849882,0.8064539
984,-0.01785434,0.05797487,0.8047708
985,-0.01901692,0.06327984,0.8048415
986,-0.01805751,0.05734129,0.8027475
987,-0.0195688,0.06246333,0.804124
988,-0.03612725,0.09045266,0.8553451
989,-0.03169991,0.08860842,0.8461335
990,-0.01846418,0.06194826,0.80638
991,-0.01742668,0.06188273,0.8088685
992,-0.01898574,0.06124876,0.8056551
993,-0.01071829,-0.05527569,0.7417671
994,-0.01347083,-0.06140904,0.7479085
995,-0.005975142,-0.05419738,0.747134
996,-0.001468077,-0.05172443,0.7536297
997,0.002037123,-0.04831013,0.7616576
998,-0.003895763,-0.0568646,0.7604803
999,-0.0001036972,-0.05301338,0.7679767
1000,-0.01364342,0.02325895,0.753941
1001,-0.008578606,-0.05991709,0.753634
1002,-0.01161539,0.04512338,0.7956736
1003,0.005731635,-0.0412178,0.7972817
1004,0.007120289,-0.005014058,0.8174464
1005,-0.003655545,0.0403114,0.8142626
1006,-0.01549318,0.05617685,0.8158317
1007,-0.01576155,0.05874927,0.8150151
1008,-0.01706751,0.05844337,0.8105068
1009,-0.01727151,0.06015105,0.8100052
1010,-0.01811871,0.0596283,0.8075829
1011,-0.01814698,0.06052898,0.8075052
1012,-0.01884995,0.06018279,0.8066718
1013,0.003539838,-0.01139507,0.8284289
1014,-0.005262367,0.03760765,0.8301176
1015,-0.01677019,0.05728853,0.8103237
1016,-0.01787581,0.0590798,0.8071832
1017,-0.01510344,0.05398101,0.8158461
1018,-0.01242872,0.05006256,0.821234
1019,-0.009421561,0.04586805,0.8267381
1020,-0.01687767,0.0250143,0.7499483
1021,-0.01757949,0.03647584,0.7608859
1022,-0.01695928,0.03399312,0.760334
1023,-0.004800502,0.0316046,0.8371793
1024,0.0007603019,-0.006123263,0.8350337
1025,-0.0005067512,-0.0180782,0.8358581
1026,-0.02762455,0.07945729,0.8515432
1027,-0.03212612,0.08066017,0.860917
1028,-0.01335327,0.01121873,0.8597811
1029,-0.01081992,0.003232922,0.8558805
1030,-0.004304275,-0.01270475,0.8432897
1031,0.002225243,-0.04583769,0.806033
1032,-0.01576614,-0.0662082,0.7529845
1033,-0.01063836,-0.06445858,0.7593575
1034,-0.006365471,-0.06175211,0.766522
1035,-0.002754606,-0.05789269,0.7739186
1036,-0.008481055,-0.06628601,0.7715474
1037,-0.00507221,-0.06244124,0.7800488
1038,-0.01251095,-0.06913941,0.7640568
1039,-0.01751094,-0.07100913,0.7573966
1040,0.0008728132,-0.05283894,0.7821125
1041,0.003530107,-0.04828516,0.7755215
1042,0.0004255995,-0.05219473,0.7977782
1043,-0.002089374,-0.05770541,0.7890235
1044,0.006185442,-0.03954272,0.7634227
1045,0.005215384,-0.04420377,0.7697604
1046,0.006385058,-0.0433064,0.7823596
1047,0.003671676,-0.04751121,0.7897549
1048,-0.0191209,0.06705649,0.8407737
1049,-0.01302505,0.05199816,0.8365065
1050,-0.02137686,0.06831557,0.8478311
1051,-0.01722268,0.05901807,0.8439734
1052,-0.01459356,0.04996719,0.8452141
1053,-0.01628181,0.04828724,0.8519015
1054,-0.01906109,0.05854435,0.8511165
1055,-0.02409209,0.06901362,0.8562519
1056,-0.02127055,0.05755363,0.8589381
1057,-0.01845452,0.04589084,0.859409
1058,-0.02870931,0.06864821,0.8662715
1059,-0.02444561,0.05512132,0.8685083
1060,-0.0216482,0.04168958,0.8684374
1061,-0.01193635,0.02640714,0.8555009
1062,-0.00917615,0.03179475,0.8481954
1063,-0.00767751,0.03663729,0.8410351
1064,-0.01576594,0.02030283,0.8628085
1065,-0.01867545,0.03020293,0.8657473
1066,-0.01467848,0.03527845,0.8583881
1067,-0.01036799,0.04540525,0.8363336
1068,-0.007797271,0.04128297,0.8335573
1069,-0.01107562,0.0422456,0.8443618
1070,-0.01252066,0.03921223,0.8510506
1071,-0.0186539,0.05943818,0.8071501
1072,-0.01928329,0.008946612,0.7341313
1073,-0.1102133,-0.01875975,0.7442893
1074,0.004880078,-0.005581424,0.8244867
1075,-0.07201082,0.0572753,0.7652068
1076,-0.07109945,0.05866832,0.7659613
1077,-0.06957299,0.05934312,0.7667792
1078,-0.06686454,0.06320468,0.7670968
1079,-0.06653141,0.07407466,0.7649126
1080,-0.06368255,0.07722782,0.7665682
1081,-0.05988522,0.07840591,0.7680762
1082,-0.05357967,0.08009004,0.771838
1083,-0.04794213,0.08003799,0.7768176
1084,-0.04513479,0.07970063,0.7799956
1085,-0.04209512,0.07788936,0.7828915
1086,-0.04245263,0.06669059,0.7849154
1087,-0.04064133,0.06318863,0.7876784
1088,-0.03908395,0.06258763,0.788597
1089,-0.03797346,0.06124295,0.78927
1090,-0.02706133,0.05798897,0.7932254
1091,-0.02955587,0.05791465,0.7917973
1092,-0.02447422,0.05770781,0.7947936
1093,-0.01966415,0.05760574,0.8009894
1094,-0.02078135,0.05765369,0.7990631
1095,-0.03424191,0.05743458,0.7899308
1096,-0.0318052,0.05757078,0.7906569
1097,-0.03666625,0.05799752,0.7895856
1098,-0.0377888,0.05827748,0.7893864
1099,-0.02233746,0.05771422,0.7969328
1100,-0.01893225,0.05788808,0.802866
1101,-0.01851668,0.05823379,0.8048876
1102,-0.0184571,0.05869412,0.8063924
1103,-0.07676962,0.05277004,0.7585987
1104,-0.0789174,0.05230565,0.7567205
1105,-0.08120225,0.05147778,0.7548583
1106,-0.08631404,0.05041619,0.7528562
1107,-0.08846325,0.04998729,0.7524695
1108,-0.07490126,0.05284993,0.7603508
1109,-0.07341577,0.05312932,0.7623943
1110,-0.07186165,0.05446314,0.7654275
1111,-0.07237762,0.05403385,0.7644678
1112,-0.08386694,0.0509666,0.7535875
1113,-0.09051497,0.04994642,0.7524005
1114,-0.0926026,0.05002197,0.7526582
1115,-0.09411084,0.05029149,0.7530662
1116,-0.09485482,0.05095031,0.7534404
1117,-0.01849834,0.05910722,0.8070602
1118,-0.04084861,0.02993754,0.7382839
1119,-0.01921543,0.03242612,0.7535303
1120,-0.04723309,-0.002363645,0.7310534
1121,-0.0466959,-0.003410395,0.7305557
1122,-0.04420412,-0.0008461066,0.7321461
1123,-0.0425917,-0.003181115,0.7308053
1124,-0.04094004,0.0004848056,0.7324758
1125,-0.03951768,-0.002514701,0.7310783
1126,-0.02733311,0.00563496,0.7353711
1127,-0.0259406,0.001495447,0.733327
1128,-0.02890448,0.0006706193,0.7326445
1129,-0.03027188,0.004697423,0.7345818
1130,-0.02412396,0.006219614,0.7365621
1131,-0.02257554,0.002169635,0.7344789
1132,-0.02172965,0.006574001,0.737932
1133,-0.02019981,0.002588436,0.735742
1134,-0.03589745,-0.001482397,0.7313997
1135,-0.03749433,0.001869328,0.7330091
1136,-0.03397617,0.003192924,0.733779
1137,-0.03242381,-0.0004553199,0.7321462
1138,-0.04725437,-0.002535582,0.7304537
1139,-0.005991906,0.002541296,0.7597702
1140,-0.00738313,0.001944222,0.755737
1141,-0.008473583,0.004401438,0.75775
1142,-0.006398819,0.00361672,0.7603996
1143,-0.008844208,0.001883127,0.7528925
1144,-0.009831056,0.004960064,0.7548253
1145,-0.01736858,0.006994683,0.7423549
1146,-0.01551514,0.006774265,0.7450244
1147,-0.01415022,0.002674546,0.7429002
1148,-0.01587833,0.002826303,0.7402874
1149,-0.01817926,0.002718177,0.7375188
1150,-0.01960785,0.006837919,0.7397364
1151,-0.01041314,0.002128623,0.7493784
1152,-0.01235913,0.002322514,0.7462147
1153,-0.01352448,0.0060663,0.7482304
1154,-0.01163617,0.005587429,0.7512947
1155,-0.005829223,0.003470987,0.7601942
1156,-0.00248383,0.02027857,0.7682269
1157,-0.007677633,0.02611979,0.7671028
1158,-0.01368473,0.03083885,0.7666197
1159,-0.01897777,0.03498202,0.7660897
1160,-0.02196337,0.03981843,0.7644342
1161,-0.02447663,0.04466724,0.7623276
1162,-0.02645781,0.04893998,0.7599769
1163,-0.02839104,0.0526691,0.7577256
1164,-0.03035429,0.05551033,0.7553369
1165,-0.03272601,0.05740044,0.7528903
1166,-0.03607891,0.05805682,0.7504057
1167,-0.03941308,0.05665242,0.7482107
1168,-0.04219814,0.05421076,0.7470421
1169,-0.0446532,0.05089719,0.7463109
1170,-0.04687148,0.04669429,0.7456543
1171,-0.0491331,0.04185899,0.7449949
1172,-0.051262,0.03640516,0.743827
1173,-0.05315549,0.03075356,0.7421097
1174,-0.05488652,0.0255799,0.7374541
1175,-0.05662999,0.01974805,0.7322583
1176,-0.05856777,0.0128651,0.7283157
1177,-0.06195019,-0.002142675,0.7250941
1178,-0.06183378,-0.00881914,0.7247739
1179,-0.06017112,-0.01549349,0.7241376
1180,-0.05272925,-0.02579322,0.7232198
1181,-0.04761297,-0.02977641,0.7222363
1182,-0.04174225,-0.03370237,0.7209203
1183,-0.034609,-0.03682293,0.719579
1184,-0.02722905,-0.03789511,0.7190852
1185,-0.02059756,-0.03758223,0.7203143
1186,-0.01529855,-0.0368849,0.7224616
1187,-0.01072087,-0.03617167,0.7250639
1188,-0.006554905,-0.03586645,0.728344
1189,-0.002482809,-0.03547958,0.732535
1190,0.001176514,-0.03454542,0.7383916
1191,0.003224835,-0.03218993,0.7455242
1192,0.004172273,-0.02799872,0.7524857
1193,0.004504241,-0.02318531,0.7582331
1194,0.004757844,-0.01831309,0.7632716
1195,0.005087323,-0.006616067,0.7704133
1196,0.004200809,0.0002282523,0.7719092
1197,0.003297791,0.006716475,0.7716772
1198,0.002436481,0.02695923,0.7788326
1199,-0.006070435,0.03336065,0.7733228
1200,-0.01395389,0.03678321,0.7712142
1201,-0.02031334,0.03952649,0.7697827
1202,-0.02452738,0.04346165,0.7683325
1203,-0.02770783,0.04786763,0.766532
1204,-0.03031027,0.05180491,0.7646102
1205,-0.03237858,0.05519888,0.7624867
1206,-0.03428265,0.05800614,0.7603021
1207,-0.03651116,0.05986691,0.7577547
1208,-0.03977765,0.06045928,0.7552825
1209,-0.07093649,0.01766741,0.7272747
1210,-0.06392674,0.02592412,0.7325491
1211,-0.05984519,0.03101963,0.7388716
1212,-0.05680349,0.03513386,0.7441366
1213,-0.05455331,0.03993726,0.7472029
1214,-0.0524206,0.0450886,0.7491401
1215,-0.05032634,0.04958313,0.7505234
1216,-0.04816916,0.05348109,0.7514199
1217,-0.04591765,0.05672995,0.7521629
1218,-0.04306595,0.05913899,0.7531621
1219,-0.07195443,0.005845487,0.7250406
1220,-0.07228587,-0.004155695,0.72492
1221,-0.07119511,-0.01248667,0.7249362
1222,-0.06878395,-0.02040242,0.7246031
1223,-0.05981814,-0.03287284,0.7237567
1224,-0.05380918,-0.03771674,0.7228915
1225,-0.04692419,-0.04153957,0.7220315
1226,-0.03888171,-0.04454894,0.7212
1227,-0.03070978,-0.04629084,0.7215437
1228,-0.02328197,-0.04699371,0.723152
1229,-0.01701313,-0.04662443,0.7256719
1230,-0.01199371,-0.04605359,0.7286938
1231,-0.00728295,-0.04551297,0.7322059
1232,-0.002627164,-0.0446437,0.7370701
1233,0.001490757,-0.04257267,0.743318
1234,0.004608706,-0.03942239,0.7507439
1235,0.006294906,-0.03513109,0.7582858
1236,0.007482268,-0.03025692,0.764785
1237,0.008004144,-0.0243643,0.7704256
1238,0.008440636,-0.01026748,0.7786745
1239,0.007959791,-0.002057437,0.7806731
1240,0.007407509,0.006189913,0.7810518
1241,0.006489113,0.01598987,0.7801535
1242,0.004128702,0.02838974,0.8011743
1243,0.003728777,0.02577061,0.8118098
1244,-0.008626137,-0.002247095,0.8514434
1245,-0.004347928,0.005333476,0.8437884
1246,0.001951121,0.02280111,0.8242839
1247,-0.0006948262,0.01313297,0.8350595
1248,0.002826832,0.03099304,0.7914208
1249,-0.1017335,0.01329117,0.7373062
1250,-0.09214343,0.01681796,0.7330592
1251,-0.1201622,-0.0003393032,0.7509392
1252,-0.1123492,0.009571046,0.7436604
1253,-0.1260117,-0.008241549,0.7582287
1254,-0.1306977,-0.01578409,0.7657191
1255,-0.08307878,0.02049691,0.7307075
1256,-0.001526341,0.0341929,0.7829496
1257,-0.07434489,0.0251136,0.7315394
1258,-0.0159553,0.03983415,0.7743191
1259,-0.02185704,0.0422731,0.7723607
1260,-0.008661799,0.0374412,0.7774178
1261,-0.02930263,0.04963564,0.7687186
1262,-0.02611465,0.04579595,0.7705643
1263,-0.03203304,0.05316604,0.7668934
1264,-0.03445951,0.05663064,0.765086
1265,-0.03644234,0.05935875,0.763007
1266,-0.03877631,0.06128257,0.7605046
1267,-0.04174392,0.06165736,0.7578905
1268,-0.05894343,0.03784397,0.7461503
1269,-0.06241745,0.03409053,0.7415072
1270,-0.05636268,0.04231501,0.7492071
1271,-0.06737328,0.03007673,0.7359428
1272,-0.05011466,0.05491412,0.7540958
1273,-0.05210409,0.05098268,0.7528285
1274,-0.047933,0.05810415,0.7549708
1275,-0.04511122,0.06058287,0.7560725
1276,-0.0541585,0.04683436,0.7511963
1277,-0.09162303,0.009241942,0.7316341
1278,-0.1009955,0.004298151,0.7361665
1279,-0.0824161,0.01337579,0.7280433
1280,-0.05738255,0.005403336,0.7269575
1281,-0.06051767,0.005486,0.7257006
1282,-0.06528458,0.006077152,0.724874
1283,0.006059818,0.01693825,0.8114018
1284,0.006481357,0.02115188,0.800871
1285,0.004067987,0.01223075,0.8214076
1286,0.006026305,0.02427857,0.7905093
1287,-0.00193584,0.01248245,0.7654206
1288,-0.0008102357,0.01323114,0.7677597
1289,0.001650095,0.01386739,0.7698063
1290,0.00421425,0.01533108,0.7738627
1291,-0.006637115,-0.007254299,0.8474789
1292,-0.002086267,-0.0004414991,0.8395497
1293,0.001425661,0.006139487,0.8310901
1294,-0.1090821,-0.0008418001,0.7419559
1295,-0.1163828,-0.007208873,0.7483751
1296,-0.1221855,-0.01389112,0.7553858
1297,-0.1270403,-0.02064635,0.7631031
1298,-0.05457114,0.00501537,0.7273978
1299,-0.003341898,0.009824265,0.7612085
1300,-0.002626769,0.01137956,0.7629095
1301,-0.004775494,0.006735746,0.7589586
1302,-0.00401625,0.008213416,0.760003
1303,-0.04805591,0.001949489,0.728165
1304,-0.04665032,0.0008069277,0.7287636
1305,-0.04971346,0.003196083,0.7276946
1306,-0.051832,0.004292727,0.7273896
1307,-0.09559331,-0.04992264,0.7458394
1308,-0.08942116,-0.0450478,0.738465
1309,-0.08320077,-0.04078919,0.7323023
1310,-0.07713425,-0.03649626,0.7280722
1311,-0.0707409,-0.03161005,0.7256717
1312,-0.06495266,-0.02732726,0.7242026
1313,-0.06065009,-0.02397432,0.7234306
1314,-0.0569469,-0.02114103,0.7237556
1315,-0.05395942,-0.01830816,0.7243968
1316,-0.051708,-0.015569,0.7253091
1317,-0.04989903,-0.01270994,0.7259948
1318,-0.04833635,-0.009478148,0.726981
1319,-0.0470299,-0.006394263,0.7280267
1320,-0.04608731,-0.004435159,0.7288527
1321,-0.04531384,-0.002600275,0.7295142
1322,-0.04520819,-0.001915719,0.730329
1323,-0.04501191,-0.003408305,0.7307545
1324,-0.0462063,-0.001772691,0.7316654
1325,-0.04539441,-0.0009369925,0.7301073
1326,-0.0457817,-0.0001682155,0.7293669
1327,0.003229074,-0.03874634,0.8136597
1328,0.007084943,-0.03399106,0.8044326
1329,0.009791151,-0.02989135,0.7958261
1330,0.01078677,-0.02592362,0.7883416
1331,0.009900123,-0.02151131,0.7812025
1332,0.008468814,-0.01785509,0.7751662
1333,0.007126234,-0.01504933,0.7707799
1334,0.005061924,-0.01286104,0.7673526
1335,0.003141411,-0.01061674,0.7646807
1336,0.001304865,-0.008314896,0.7626601
1337,-0.0003179982,-0.005775515,0.7610245
1338,-0.002051197,-0.002962649,0.7598419
1339,-0.003726013,-0.0002605766,0.7588801
1340,-0.005064033,0.001418881,0.7582403
1341,-0.005912546,0.003029078,0.7576839
1342,-0.006658945,0.003650744,0.757908
1343,-0.006596602,0.002237625,0.7581886
1344,-0.007338487,0.003943291,0.7595595
1345,-0.006195083,0.004733577,0.7582906
1346,-0.00547605,0.00560312,0.7583907
