0,0.1152316,-0.07770203,0.7832853
1,0.1106589,-0.07659307,0.7779611
2,0.09976035,-0.07373594,0.7654381
3,0.09299174,-0.0698429,0.7573076
4,0.08874601,-0.06100075,0.7511228
5,0.08817968,-0.05285524,0.7492903
6,0.08834015,-0.04793228,0.7489423
7,0.0861806,-0.03906707,0.7458425
8,0.08363417,-0.03597923,0.7429605
9,0.08338577,-0.02989929,0.742017
10,0.08403137,-0.0258816,0.7425017
11,0.08965506,0.04610464,0.7371798
12,0.08235875,0.03233694,0.7318373
13,0.07710105,0.02308953,0.7278651
14,0.08253071,-0.0008614827,0.7378993
15,0.0821353,-0.00990583,0.7390566
16,0.09114862,0.05880707,0.7366124
17,0.07369835,0.009280935,0.7266434
18,0.07361715,0.01350609,0.7258281
19,0.08087994,-0.01510974,0.7386209
20,0.07867433,0.002166698,0.7331883
21,0.07461317,0.005898366,0.7282009
22,0.08083983,-0.01935428,0.7393214
23,0.0814492,0.001078919,0.7363603
24,0.09120749,0.05148716,0.7379165
25,0.07922678,0.02677006,0.7294871
26,0.07489491,0.01843417,0.7263256
27,0.09132185,0.06830881,0.7351473
28,0.09431848,0.09604108,0.7335309
29,0.1047266,0.1252337,0.7395263
30,0.09809723,0.1109977,0.7349662
31,0.07641545,0.003503751,0.7305499
32,0.08274729,-0.004449241,0.7387404
33,0.08799452,-0.04331138,0.7481953
34,0.1047016,-0.07508902,0.7711246
35,0.08728593,0.04147334,0.7354701
36,0.09002776,0.02820133,0.8519792
37,0.0889053,0.006822629,0.8494356
38,0.08909152,-0.04915167,0.8187614
39,0.08781958,-0.05682289,0.8066159
40,0.09274813,-0.05633181,0.8134413
41,0.09468298,-0.0482117,0.8268325
42,0.07739706,-0.0539308,0.7821297
43,0.08111186,-0.0561938,0.7929558
44,0.08575536,-0.04116598,0.8233384
45,0.07709897,-0.04898837,0.7742336
46,0.07381393,-0.04217516,0.7889126
47,0.07589668,-0.0433206,0.8008797
48,0.09159681,-0.03972547,0.831916
49,0.07450347,-0.0391311,0.7809496
50,0.07042166,-0.02903077,0.8033327
51,0.06954715,-0.03049601,0.7912565
52,0.07971697,-0.02303265,0.8298544
53,0.06423592,-0.002863225,0.7768283
54,0.06861001,-0.008525363,0.772788
55,0.06862058,-0.02021221,0.780545
56,0.06582104,-0.01729474,0.7872995
57,0.08648904,-0.02147042,0.8391383
58,0.07719766,-0.04567983,0.7708182
59,0.07143237,-0.0298648,0.7836921
60,0.07711295,-0.04216378,0.7677689
61,0.07469767,-0.03682385,0.7778918
62,0.07504287,-0.03128625,0.7604384
63,0.07453954,-0.03444168,0.7750639
64,0.06989427,0.03254873,0.8240055
65,0.08678367,-0.002382793,0.8461074
66,0.07518187,-0.02775463,0.7690828
67,0.07346573,-0.02834539,0.7785553
68,0.0727508,-0.02922683,0.7811301
69,0.07014225,-0.02133421,0.7784513
70,0.07539231,-0.02761969,0.7586145
71,0.07448266,-0.02586873,0.7735082
72,0.07073624,-0.02204618,0.7762536
73,0.07773493,0.03279967,0.76768
74,0.07600724,0.02810099,0.7664214
75,0.07632588,-0.02531687,0.7581833
76,0.07569808,-0.0257051,0.7673134
77,0.07275084,-0.02289348,0.7725318
78,0.07036287,-0.01328235,0.7698811
79,0.07001127,-0.01084346,0.7716179
80,0.07723411,-0.02381204,0.7588636
81,0.07586828,-0.02415321,0.7664179
82,0.075065,-0.02482817,0.7721013
83,0.07187686,-0.01850398,0.7674033
84,0.07105322,-0.008382038,0.7665077
85,0.08006333,0.02946194,0.7578039
86,0.07725953,0.01904397,0.7564883
87,0.06526178,0.0264249,0.7835574
88,0.06631745,0.03715435,0.7921271
89,0.07625947,-0.02339602,0.7665293
90,0.07551571,-0.02392845,0.7713049
91,0.07397151,-0.02305255,0.7717557
92,0.07115179,-0.01213835,0.7650427
93,0.07603929,0.01067667,0.7596518
94,0.08339369,0.03714814,0.76086
95,0.08156566,0.03309093,0.7587464
96,0.07823135,0.03663564,0.7686194
97,0.07582727,-0.02345509,0.7712766
98,0.07491814,-0.02325295,0.7714102
99,0.07317342,-0.02056607,0.7666779
100,0.0693653,0.03855991,0.7840271
101,0.06884036,0.04085913,0.7876292
102,0.07116884,0.05951137,0.8142522
103,0.07560863,-0.02336432,0.7714078
104,0.07430847,-0.02199331,0.7665089
105,0.07176955,-0.01617979,0.7638676
106,0.08393467,0.04050088,0.7421228
107,0.07874381,0.03092434,0.7390226
108,0.07807127,0.02648097,0.7470325
109,0.08570846,0.04027651,0.758064
110,0.08364943,0.03640411,0.755489
111,0.08112429,0.03756857,0.7656149
112,0.07816435,0.04151268,0.7683852
113,0.07853727,0.04589874,0.7679611
114,0.0679808,0.04399128,0.8086921
115,0.06912114,0.04700683,0.8016647
116,0.07595208,-0.02314294,0.7668846
117,0.07271454,-0.01770148,0.7582319
118,0.07360938,0.01406326,0.7535461
119,0.08656722,0.04546876,0.7433913
120,0.08739591,0.04603273,0.7403
121,0.07956184,0.05420494,0.7657185
122,0.07064758,0.04361073,0.7801991
123,0.07153705,0.04725388,0.7773573
124,0.06905128,0.05627456,0.7987339
125,0.06855007,0.06913721,0.8030078
126,0.07157224,0.03999121,0.8257135
127,0.08238994,0.03832167,0.8428559
128,0.08097258,0.06763217,0.8352311
129,0.07265715,0.04726314,0.8261349
130,0.07383958,-0.01983572,0.7578359
131,0.07727753,-0.0002109203,0.7510288
132,0.07500087,0.01176186,0.7570159
133,0.07211653,0.01307293,0.7519011
134,0.07284973,0.01646299,0.7489439
135,0.08855765,0.04558396,0.7590758
136,0.08082798,0.04200638,0.7661726
137,0.0709464,0.05465598,0.7756919
138,0.06899584,0.05542437,0.7921855
139,0.06713025,0.06036805,0.7916738
140,0.06673193,0.06404948,0.7971604
141,0.08646369,0.06949972,0.8439215
142,0.07720539,0.06508134,0.8282224
143,0.07692055,-0.02297816,0.7590471
144,0.07579946,-0.008891496,0.7466208
145,0.07541201,0.007574297,0.758405
146,0.07193496,0.00794781,0.7514871
147,0.07125936,0.01464984,0.7476689
148,0.07267021,0.02070554,0.7394994
149,0.07313054,0.02222615,0.7353224
150,0.07984803,0.03212304,0.7352216
151,0.08794945,0.04422051,0.7538465
152,0.08828712,0.04959667,0.747768
153,0.08191172,0.0535163,0.764594
154,0.07371806,0.08110707,0.8147402
155,0.07461599,-0.01448924,0.7470822
156,0.07647659,0.004343353,0.7570825
157,0.07458469,0.005605243,0.7524146
158,0.07322773,0.006603116,0.7507265
159,0.07040585,0.0114374,0.7472831
160,0.0706239,0.009186413,0.7469748
161,0.08715225,0.05688579,0.7476841
162,0.08712021,0.05865983,0.7432985
163,0.06536894,0.06685326,0.7922715
164,0.06652121,0.06193114,0.7865538
165,0.07606138,-0.01840843,0.7467914
166,0.07799292,-0.009170577,0.7428394
167,0.08020417,-0.0003937092,0.739879
168,0.07213311,0.007718384,0.7464367
169,0.06947915,0.01322621,0.737735
170,0.06978175,0.0136894,0.7329547
171,0.07021218,0.009857729,0.732877
172,0.06986244,0.01010319,0.7371798
173,0.07452783,0.02302929,0.7313532
174,0.06927065,0.05451806,0.7868791
175,0.06738164,0.05805022,0.7865047
176,0.06710097,0.072607,0.7961572
177,0.07555644,0.09399082,0.81154
178,0.07228735,0.08736246,0.8059448
179,0.07939345,-0.02329845,0.7483557
180,0.07125461,0.007569797,0.7362047
181,0.07175914,0.006757405,0.7334368
182,0.07636963,0.003374549,0.7362467
183,0.08797935,0.05879878,0.7405342
184,0.0889621,0.05132897,0.7534915
185,0.08325779,0.04703338,0.7648865
186,0.08327363,0.04317822,0.76425
187,0.08413737,0.05213305,0.7638461
188,0.06995566,0.05407158,0.7800809
189,0.06751496,0.05940758,0.7789277
190,0.08026341,-0.024643,0.7480764
191,0.07626451,-0.01400461,0.7438514
192,0.07119848,0.01364964,0.7289891
193,0.07147237,0.009600788,0.7294955
194,0.08103805,0.05973451,0.7582692
195,0.07755944,0.06592635,0.7540384
196,0.08754355,0.04699093,0.7618006
197,0.08652866,0.04860678,0.7630545
198,0.07006858,0.05072772,0.7829229
199,0.06813597,0.05609702,0.7802333
200,0.06595266,0.07078873,0.7763675
201,0.06775138,0.06459967,0.7753207
202,0.07791553,-0.01876346,0.7432991
203,0.0781488,0.002671834,0.7439182
204,0.07862394,0.002549104,0.7396589
205,0.07786968,0.003496042,0.7399951
206,0.07285495,0.00617736,0.7304981
207,0.07741619,0.002531722,0.7345658
208,0.07750525,0.07207743,0.7503706
209,0.08198705,0.05660607,0.7611684
210,0.08682792,0.04989351,0.7636945
211,0.07026833,0.05439129,0.7777311
212,0.06871584,0.05636221,0.7771441
213,0.06845044,0.07784189,0.7698882
214,0.08028021,0.1009688,0.8181717
215,0.08115357,-0.02388453,0.7450315
216,0.07978259,0.001666883,0.7377189
217,0.07473809,0.06781851,0.7583891
218,0.07446358,0.07478951,0.7553901
219,0.07792862,0.06156754,0.7607283
220,0.0875843,0.0495192,0.7611957
221,0.06878801,0.05997695,0.7741235
222,0.06816722,0.07260767,0.7704096
223,0.07023236,0.06512947,0.7695861
224,0.07114364,0.07688462,0.7626564
225,0.08209682,-0.0254166,0.7448105
226,0.07404561,0.06367899,0.7644278
227,0.07112124,0.07063568,0.7638978
228,0.07858644,0.05838392,0.7625997
229,0.08173911,0.05532069,0.762825
230,0.08157644,0.05435283,0.7634671
231,0.07540828,0.1046797,0.7914066
232,0.07945812,0.1135812,0.7974557
233,0.07521003,0.05955438,0.7651255
234,0.07017396,0.05684467,0.7730096
235,0.07167271,0.06011298,0.7688398
236,0.07880941,0.05614775,0.7640193
237,0.07906184,0.05528829,0.764609
238,0.07234429,0.05514938,0.7726479
239,0.07614641,0.1086362,0.7792513
240,0.07592871,0.05684361,0.765703
241,0.07693947,0.05510343,0.7672391
242,0.07631397,0.0559117,0.7663218
243,0.07272781,0.05696591,0.7687545
244,0.07445753,0.0554619,0.769653
245,0.08054878,0.1185726,0.7857333
246,0.08321669,0.1221174,0.7755997
247,0.08635896,0.1244551,0.7668762
248,0.08428094,0.1123137,0.7529463
249,0.08077951,0.1115145,0.7603987
250,0.09023158,0.1259388,0.7592831
251,0.08474652,0.09731048,0.7445211
252,0.08054827,0.09778472,0.750396
253,0.07705359,0.09837728,0.7568834
254,0.07468186,0.09868141,0.7644868
255,0.07257452,0.09762321,0.7737555
256,0.07111788,0.09478842,0.7856838
257,0.08816487,0.05086084,0.7442628
258,0.0887778,0.05157511,0.7415723
259,0.08389684,0.03975146,0.7629125
260,0.08546653,0.04011258,0.7517242
261,0.0777079,0.02309295,0.7516409
262,0.07672191,0.001522684,0.7585722
263,0.07239778,-0.01137888,0.7548605
264,0.07276145,-0.01607661,0.7536831
265,0.07265626,0.04655532,0.7749561
266,0.07171333,0.04234586,0.7773144
267,0.07072711,0.03723789,0.7801995
268,0.06835346,0.03294087,0.7821206
269,0.06822202,0.02585902,0.7774252
270,0.07516792,-0.01866816,0.7500081
271,0.07833699,-0.02288075,0.7516515
272,0.07908645,-0.02406454,0.7512969
273,0.06596135,-0.009945346,0.8084644
274,0.06481647,-0.01277157,0.7996703
275,0.07284132,-0.003948351,0.8269004
276,0.0705885,0.003976831,0.8246169
277,0.06185605,-0.004040992,0.7965984
278,0.06965064,0.04659081,0.7932581
279,0.06985378,0.04750407,0.7851835
280,0.08967616,0.03752862,0.8513367
281,0.07810074,0.1107857,0.7689605
282,0.09293905,0.1115976,0.7403986
283,0.07487841,0.01843217,0.7498606
284,0.07477878,0.02368133,0.7407181
285,0.0752095,0.02526955,0.7366882
286,0.07649794,0.02629945,0.732919
287,0.07001415,0.05383641,0.7821128
288,0.07002249,0.04527993,0.7828545
289,0.06900066,0.04382378,0.7910264
290,0.06694254,0.04029103,0.7966105
291,0.06627209,0.03946073,0.8065773
292,0.07066772,0.01748072,0.7380876
293,0.07106479,0.01851072,0.7334803
294,0.07258034,0.01881902,0.7294987
295,0.09948988,0.126101,0.7456014
296,0.07694444,0.005293088,0.7603502
297,0.07497729,0.01465708,0.7552617
298,0.08884296,0.04947083,0.7587435
299,0.07145867,0.009344243,0.7655057
300,0.07347252,0.003555927,0.7646859
301,0.07349318,0.0005099066,0.763987
302,0.07207851,0.02653281,0.7716098
303,0.0743091,0.03209081,0.7723147
304,0.07541618,0.03634306,0.7722238
305,0.07565202,0.04151943,0.7710476
306,0.07774948,0.002158437,0.7489181
307,0.07314147,-0.003219699,0.7625276
308,0.07208537,-0.008258549,0.7612788
309,0.07174817,-0.01358537,0.7593665
310,0.07300839,-0.01940874,0.7629126
311,0.0739411,-0.02099144,0.762565
312,0.07645713,-0.02307542,0.7630315
313,0.07668501,-0.0236413,0.7627386
314,0.08604757,0.04291452,0.7607248
315,0.08558293,0.0453992,0.7626532
316,0.08593901,0.05081856,0.7635727
317,0.07592884,0.004073631,0.7371684
318,0.07828501,0.0005318616,0.7435028
319,0.07139843,0.008468375,0.7418431
320,0.07731004,0.002667164,0.7529698
321,0.0749483,0.003779108,0.7323236
322,0.07398874,0.004631894,0.7344398
323,0.07375681,0.005321946,0.7358493
324,0.075592,0.005279018,0.7392673
325,0.06937455,0.05510432,0.7783117
326,0.06988262,0.05524387,0.77597
327,0.0714643,0.05575666,0.7722403
328,0.07366772,0.05612019,0.7688667
329,0.08660287,0.04985566,0.7626755
330,0.08545741,0.04825727,0.7640718
331,0.08095275,0.04601349,0.7661832
332,0.07633369,0.0460261,0.7699069
333,0.07076423,0.04807375,0.7795837
334,0.06720497,0.05860472,0.7831045
335,0.07956912,0.1074732,0.8080547
336,0.0751541,0.1000313,0.8016894
337,0.07143328,0.09199514,0.7966383
338,0.0659033,0.07506448,0.7869555
339,0.06477585,0.06917724,0.7838944
340,0.06658319,0.06334549,0.7809166
341,0.06929751,0.05478851,0.7807046
342,0.06811763,0.05584389,0.7829549
343,0.07029527,0.04928668,0.7813118
344,0.08508077,0.06878573,0.7415788
345,0.08130521,0.0691973,0.7462165
346,0.08037245,0.06400883,0.751274
347,0.08370309,0.05809268,0.7563215
348,0.08456904,0.05476639,0.7604868
349,0.08424705,0.053901,0.7618944
350,0.0839628,0.05276548,0.7628311
351,0.07108255,-0.005184731,0.7679682
352,0.07030784,-0.002595352,0.7688323
353,0.06708308,0.003542135,0.7705007
354,0.06950152,0.02126383,0.7719081
355,0.08134206,-0.02940296,0.7440057
356,0.08116437,-0.03520121,0.7449465
357,0.08367272,-0.03855893,0.7479602
358,0.0855483,-0.04767547,0.7517329
359,0.08551685,-0.05260297,0.7519572
360,0.08560002,-0.06050858,0.7544212
361,0.08914424,-0.06904109,0.7611367
362,0.09503727,-0.07267044,0.7699107
363,0.1050861,-0.07529035,0.7833948
364,0.1096106,-0.0762422,0.7891898
365,0.07915221,-0.02839762,0.7468211
366,0.07859614,-0.0334971,0.7475056
367,0.0807531,-0.03769224,0.7505503
368,0.08305626,-0.04742864,0.7549995
369,0.08267929,-0.05250836,0.7555349
370,0.08234075,-0.05947436,0.758489
371,0.08551511,-0.06756034,0.7659917
372,0.09083733,-0.07090944,0.7750799
373,0.1006681,-0.07280548,0.7890913
374,0.1049722,-0.07326843,0.7953939
375,0.07768589,-0.02738169,0.7498819
376,0.07683078,-0.03159793,0.7504986
377,0.07821913,-0.03630255,0.753164
378,0.08100255,-0.0470043,0.7584844
379,0.08048853,-0.05201186,0.7597353
380,0.07987589,-0.05782158,0.7637093
381,0.08200198,-0.06475544,0.771395
382,0.08698819,-0.0673949,0.7806441
383,0.09601531,-0.06850445,0.7950552
384,0.1008749,-0.06889501,0.8016528
385,0.07636634,-0.02448048,0.7625937
386,0.07571116,-0.02609883,0.7631961
387,0.07456973,-0.02896366,0.7652105
388,0.07603431,-0.04135065,0.7746274
389,0.07587367,-0.04398939,0.7778452
390,0.07575084,-0.04779474,0.785735
391,0.07855179,-0.05014908,0.7976472
392,0.08423705,-0.05028551,0.811487
393,0.07599036,-0.004212212,0.7508798
394,0.07758524,-0.003447754,0.7457306
395,0.07988928,-0.004056759,0.7416308
396,0.07100982,-0.01597073,0.7684891
397,0.07152434,-0.02255355,0.7740573
398,0.07410008,-0.02720301,0.7757896
399,0.07455495,-0.03131391,0.7721677
400,0.07490815,-0.03429119,0.7684866
401,0.0763423,-0.03753357,0.7644357
402,0.08038197,-0.04151266,0.7566678
403,0.08276378,-0.04256628,0.7537619
404,0.08542591,-0.04293051,0.7507146
405,0.0995238,-0.07378029,0.776207
406,0.09533068,-0.07188898,0.7817512
407,0.09099211,-0.06823584,0.7876182
408,0.08421434,-0.05684786,0.8001723
409,0.08093904,-0.05067775,0.8047612
410,0.0778515,-0.04356086,0.8083891
411,0.07186629,-0.02762338,0.8117438
412,0.06394242,-0.001088049,0.8054196
413,0.06210469,0.02202693,0.794377
414,0.06368367,0.02814139,0.789883
415,0.06680204,0.03460697,0.7871366
416,0.08083682,-0.04271779,0.8156381
417,0.0746388,-0.02541636,0.820222
418,0.06923327,-0.00680745,0.8176902
419,0.06675332,0.001870014,0.8150351
420,0.06282146,0.02562341,0.8026113
421,0.07197431,-0.02527747,0.7780516
422,0.07141037,-0.02524889,0.7806304
423,0.0698649,-0.02501464,0.7828853
424,0.06751411,-0.02393893,0.7898916
425,0.06780808,-0.02113716,0.8020514
426,0.06861408,-0.01903862,0.8107867
427,0.07185715,-0.01606491,0.8204836
428,0.07695755,-0.01177405,0.8320284
429,0.08505891,-0.01170555,0.8423885
430,0.07277294,-0.02504211,0.7754335
431,0.07369166,-0.02447913,0.7735985
432,0.07450084,-0.02391648,0.7724435
433,0.07512055,-0.02363009,0.7720159
434,0.07568052,-0.02348619,0.7718319
435,0.0645998,0.03520603,0.8026298
436,0.06996077,0.0495804,0.786711
437,0.06793953,0.04349433,0.7997912
438,0.07008578,0.04966567,0.7946568
439,0.06999733,0.05112147,0.7880386
440,0.07040816,0.05352845,0.7835063
441,0.06999987,0.05192413,0.7842534
442,0.06977284,0.05397599,0.784461
443,0.0892844,0.09671536,0.738983
444,0.0881837,0.1120535,0.746348
445,0.09463302,0.126456,0.7522599
446,0.08496032,0.04127023,0.7385891
447,0.08304709,0.03595183,0.7501035
448,0.08161527,0.03233342,0.7540428
449,0.07394153,0.0235263,0.7663186
450,0.06538361,0.02003708,0.7787235
451,0.06295484,0.02040461,0.7863472
452,0.06490433,0.03014428,0.8104005
453,0.06700618,0.03603761,0.8148651
454,0.06654983,0.0768916,0.777585
455,0.07974163,-0.002108922,0.8380902
456,0.0754787,0.03073635,0.8339508
457,0.08235253,0.02960612,0.8430457
458,0.06348885,0.0311627,0.7966632
459,0.06882693,0.0415279,0.8170186
460,0.07690612,0.08672718,0.8211958
461,0.07624978,0.03893198,0.8344546
462,0.08239112,0.09269594,0.8289139
463,0.06948274,0.05751333,0.8061147
464,0.07091222,0.03206455,0.7771723
465,0.07264127,0.0364243,0.7762943
466,0.07344134,0.04162513,0.7741061
467,0.074396,0.04607436,0.7723099
468,0.07172837,0.0103974,0.7515913
469,0.07051658,0.05285654,0.7843698
470,0.0699776,0.05274417,0.7847013
471,0.06993441,0.05248086,0.7884219
472,0.07026315,0.05188145,0.7950386
473,0.06984369,0.05038708,0.8020284
474,0.06916223,0.04849896,0.8093973
475,0.07014154,0.04738671,0.8177114
476,0.07668919,0.04737683,0.8338907
477,0.08208924,0.04748139,0.8417082
478,0.08871071,0.0473143,0.8495178
479,0.07564545,0.01455323,0.7611626
480,0.07759307,0.02629696,0.7616183
481,0.07920421,0.03029944,0.7620909
482,0.08064604,0.03439128,0.7639628
483,0.07408618,-0.005139358,0.7564443
484,0.07404462,-0.01007502,0.7505567
485,0.07359427,-0.01534337,0.7500353
486,0.07403767,0.006527495,0.7546759
487,0.07337117,0.01114902,0.7549806
488,0.0863154,0.04366683,0.7470427
489,0.08371791,0.03881364,0.7458692
490,0.07834902,0.02916729,0.742847
491,0.07475705,0.02120841,0.7451341
492,0.07282194,0.01864247,0.7438368
493,0.07091174,0.01620786,0.7421314
494,0.06979326,0.01259622,0.7419527
495,0.07006471,0.01014379,0.7420053
496,0.09210765,0.08081372,0.7338217
497,0.08632318,0.0816704,0.7390056
498,0.08141547,0.08290259,0.7440693
499,0.07715999,0.08446895,0.7500148
500,0.07466287,0.08588328,0.7570812
501,0.07239148,0.0868146,0.7640941
502,0.07006729,0.08691541,0.7712352
503,0.06803742,0.084895,0.7808862
504,0.06866119,0.08284776,0.7925273
505,0.06984206,0.0803907,0.8017328
506,0.07129984,0.07576723,0.8096101
507,0.07429318,0.06260836,0.8221945
508,0.07371452,0.008620124,0.7556708
509,0.09699333,-0.06330667,0.8074262
510,0.09197415,-0.06305619,0.8009538
511,0.08753871,-0.06289848,0.7939973
512,0.08360881,-0.06204862,0.7869379
513,0.07938538,-0.06021015,0.7770747
514,0.07819994,-0.05429248,0.7697307
515,0.07848775,-0.04998779,0.7655935
516,0.0790085,-0.04549375,0.7630397
517,0.07791509,-0.03985957,0.7605063
518,0.07619729,-0.03408979,0.7562845
519,0.07575934,-0.02979071,0.7539477
520,0.07669304,-0.02621052,0.7540913
521,0.07814008,-0.02386731,0.7551044
522,0.07752559,-0.02273045,0.7554064
523,0.07421216,-0.01901834,0.7537403
524,0.07688491,0.004473101,0.7547567
525,0.07589275,0.006010305,0.7440431
526,0.07534992,0.006156299,0.8330775
527,0.08091479,0.006314754,0.8409839
528,0.09802477,-0.0561532,0.8208107
529,0.1135789,-0.07768054,0.7945961
530,0.1090421,-0.07441046,0.8009599
531,0.1193667,-0.07930632,0.7882773
532,0.1051238,-0.06966045,0.8073806
533,0.1015065,-0.0633821,0.8141054
534,0.0753088,-0.03830084,0.7717012
535,0.07574011,0.07405112,0.8224512
536,0.07905658,0.07780747,0.8292074
537,0.08393702,0.08139398,0.8376161
538,0.06940936,0.05452579,0.7828062
539,0.06861675,0.05512513,0.7851197
540,0.06807328,0.05699411,0.7896767
541,0.06810802,0.05843288,0.7955077
542,0.06826695,0.06097969,0.8018901
543,0.07007569,0.06492223,0.8094887
544,0.07302696,0.07012331,0.8164322
545,0.07394324,0.0546835,0.8256842
546,0.07719154,0.05604257,0.8323601
547,0.08148965,0.05714612,0.8397723
548,0.08787406,0.05781169,0.8471594
549,0.07006724,0.05336533,0.7847975
550,0.06979707,0.05352671,0.7880383
551,0.06975392,0.05375631,0.794016
552,0.06973866,0.05357688,0.801137
553,0.06992428,0.0531642,0.8093085
554,0.071253,0.05314251,0.8176677
555,0.1254493,-0.05484352,0.7398568
556,0.1367833,-0.05857857,0.7440461
557,0.1410703,-0.05271696,0.7404587
558,0.1292993,-0.04988865,0.7371532
559,0.09720112,-0.07024342,0.7538141
560,0.1047047,-0.07410052,0.7610907
561,0.1104009,-0.07381805,0.7572048
562,0.102473,-0.07008804,0.7504983
563,0.1180132,-0.05007552,0.7384928
564,0.1215148,-0.0458625,0.7364469
565,0.1482247,-0.05376529,0.7431913
566,0.155272,-0.05366419,0.7468014
567,0.1624429,-0.03846295,0.7385158
568,0.153807,-0.03950462,0.7349533
569,0.09231205,-0.06154782,0.7483308
570,0.09667244,-0.0616829,0.7454677
571,0.1084175,-0.06874117,0.7471892
572,0.116703,-0.07179926,0.7534438
573,0.123881,-0.06802855,0.7499529
574,0.1147916,-0.06562212,0.744516
575,0.1150447,-0.04704844,0.7381287
576,0.1184621,-0.04324339,0.7362281
577,0.1326119,-0.03885202,0.730859
578,0.145225,-0.0395427,0.7327033
579,0.1447613,-0.03177225,0.7288215
580,0.1317688,-0.03226875,0.7277166
581,0.1640379,-0.02979868,0.7341937
582,0.1538516,-0.03125914,0.7304504
583,0.09106996,-0.05349427,0.7469153
584,0.09475391,-0.0543676,0.7445246
585,0.1021097,-0.06128143,0.7433864
586,0.108484,-0.05906618,0.7417846
587,0.1208513,-0.0604896,0.7420197
588,0.1137179,-0.05453233,0.7402614
589,0.1245718,-0.03708013,0.7316301
590,0.1208974,-0.009795091,0.7212517
591,0.1151245,-0.01400619,0.7257327
592,0.1216448,-0.02652734,0.7272192
593,0.1296933,-0.02537079,0.724984
594,0.1718411,-0.0367989,0.7440743
595,0.1805482,-0.03566942,0.7513948
596,0.1850897,-0.02687063,0.748733
597,0.1755477,-0.02653517,0.7397221
598,0.09903457,-0.05487554,0.7427459
599,0.1050182,-0.05413315,0.7410992
600,0.1238346,-0.03190167,0.7291968
601,0.1131233,-0.03668359,0.7349621
602,0.1095737,-0.03926124,0.7357945
603,0.1124581,-0.04370236,0.7369076
604,0.1157477,-0.04038387,0.735607
605,0.1215362,-0.03572556,0.7324589
606,0.1209294,-0.03138402,0.7304241
607,0.09073108,-0.04383585,0.7458668
608,0.09137894,-0.04851677,0.7464631
609,0.09478666,-0.04924698,0.744288
610,0.09399916,-0.04439747,0.7435122
611,0.1188171,-0.0268711,0.7285221
612,0.1788399,-0.009546798,0.7353694
613,0.1830359,0.01379098,0.7318476
614,0.1738197,0.01615807,0.7254003
615,0.1705016,-0.01104151,0.7301945
616,0.09718609,-0.04411761,0.7412828
617,0.09835723,-0.04970148,0.7425645
618,0.1030759,-0.04918484,0.7408466
619,0.101302,-0.04343431,0.7390853
620,0.108207,-0.04683995,0.7389083
621,0.105385,-0.04193185,0.7372957
622,0.1047522,-0.03027092,0.7351853
623,0.1068132,-0.03355416,0.7347331
624,0.1103123,-0.03245265,0.7350032
625,0.1085255,-0.02998557,0.7350984
626,0.1187175,-0.034143,0.733132
627,0.1160278,-0.03243594,0.7336686
628,0.1132023,-0.01585309,0.7270433
629,0.1155202,-0.002338083,0.7231047
630,0.1121638,-0.007602707,0.7268457
631,0.08589178,-0.03602331,0.7405722
632,0.08853178,-0.03939666,0.7435372
633,0.09137167,-0.039412,0.7407876
634,0.08878581,-0.0351392,0.7380038
635,0.1180361,-0.03075831,0.7312972
636,0.1155237,-0.03001113,0.7321679
637,0.1105723,-0.01001951,0.7276686
638,0.1090735,-0.0009954907,0.7292312
639,0.111334,0.004280765,0.7264683
640,0.1180718,0.02620323,0.7293402
641,0.1159746,0.0217549,0.7282776
642,0.1209794,0.01888132,0.7249544
643,0.1226863,0.02428199,0.7263309
644,0.09203754,-0.03403611,0.7362173
645,0.09436854,-0.03890408,0.7383282
646,0.09780604,-0.03748651,0.7363351
647,0.09563927,-0.03288297,0.7351941
648,0.1021298,-0.03541856,0.7351034
649,0.1003114,-0.03135475,0.7349294
650,0.1039746,-0.02811394,0.735246
651,0.1075202,-0.02813717,0.7349178
652,0.1139467,-0.03069692,0.7339038
653,0.1126167,-0.02930055,0.7344252
654,0.1141641,-0.02715804,0.7307198
655,0.1162124,-0.02711372,0.7295606
656,0.1110681,-0.01793966,0.7279792
657,0.1092858,-0.02031824,0.7291898
658,0.1077019,-0.004072459,0.7294924
659,0.08549412,-0.03007923,0.7400147
660,0.08848929,-0.02986369,0.7379105
661,0.1037632,-0.02703042,0.7355478
662,0.1074079,-0.02717252,0.7352366
663,0.1138579,-0.0290433,0.7330541
664,0.1127704,-0.02824572,0.7338054
665,0.1065984,-0.01654092,0.7288847
666,0.1086044,-0.01307424,0.7281461
667,0.1056467,-0.007682372,0.7296278
668,0.103931,0.01525188,0.7304372
669,0.1073551,0.02522588,0.7315459
670,0.1039907,0.02891402,0.7324207
671,0.09990131,0.019873,0.7299291
672,0.1232417,0.02850046,0.7268134
673,0.1196365,0.02980988,0.7293087
674,0.1469158,0.01816048,0.7173952
675,0.1433118,0.02498812,0.7190701
676,0.1379937,0.02334591,0.7195492
677,0.1397495,0.01634495,0.7175491
678,0.08644715,-0.02612984,0.7406211
679,0.089746,-0.02611174,0.7388211
680,0.09162021,-0.02954002,0.7364541
681,0.09574223,-0.02902284,0.7356216
682,0.09967087,-0.02861367,0.735317
683,0.1118227,-0.02814479,0.734801
684,0.1127393,-0.02720959,0.732015
685,0.1079221,-0.02258842,0.7304999
686,0.106991,-0.02439023,0.7321256
687,0.1119692,-0.02723159,0.7332386
688,0.10897,0.02868201,0.732541
689,0.1117822,0.03245445,0.7338454
690,0.1094395,0.03633766,0.7354925
691,0.1062127,0.03276306,0.7338977
692,0.1229543,0.03376699,0.7261813
693,0.1202392,0.03461547,0.7284572
694,0.12738,0.02756224,0.7243222
695,0.1260408,0.03306455,0.7242086
696,0.139376,0.02956133,0.7207258
697,0.1354313,0.02796248,0.7213218
698,0.09293402,-0.02619957,0.7376765
699,0.09646383,-0.02649777,0.7368783
700,0.0999988,-0.02684394,0.7360411
701,0.1117231,-0.0276207,0.7350326
702,0.1123394,-0.02785999,0.7344263
703,0.1047928,-0.02011374,0.7300787
704,0.1034218,-0.02293531,0.7317753
705,0.1142683,0.03469905,0.7340671
706,0.1145139,0.02881375,0.7317628
707,0.1166897,0.03168391,0.7318403
708,0.1120983,-0.02765099,0.7349684
709,0.1115932,-0.02735783,0.7342064
710,0.1067284,-0.02563182,0.733404
711,0.09709989,0.03672292,0.7330229
712,0.09257714,0.02699196,0.729062
713,0.09613755,0.02378814,0.7294709
714,0.1006718,0.0331568,0.7330241
715,0.1179901,0.0358754,0.7308906
716,0.11619,0.03775186,0.732994
717,0.1605978,0.02925796,0.7208374
718,0.1541256,0.03342905,0.7210407
719,0.1517342,0.03017813,0.7202858
720,0.1578614,0.02500411,0.7196617
721,0.1115857,-0.02742281,0.7349325
722,0.1069987,-0.02667119,0.7352005
723,0.1029257,-0.02431054,0.7328347
724,0.09574611,0.04401278,0.7346312
725,0.09277021,0.04521718,0.735154
726,0.0903641,0.04043873,0.7333947
727,0.09373636,0.03895389,0.7327309
728,0.1196477,0.04837296,0.7275316
729,0.1205556,0.03901146,0.7281327
730,0.1225986,0.03846639,0.7260771
731,0.1214466,0.04857796,0.7249147
732,0.1250342,0.03780471,0.7243685
733,0.1239606,0.04817191,0.722596
734,0.1476316,0.03723308,0.721112
735,0.1457514,0.03440269,0.7210603
736,0.1528539,0.04299308,0.7192217
737,0.1546818,0.04003661,0.7205716
738,0.1626788,0.03832809,0.7213494
739,0.160312,0.04307359,0.7199959
740,0.1031468,-0.02616149,0.7355376
741,0.1052916,0.006673304,0.7306417
742,0.1019994,0.01072079,0.7287667
743,0.1004118,0.01000171,0.7274181
744,0.1032436,0.007622696,0.7293133
745,0.09813796,0.006341973,0.726023
746,0.09877726,0.009018645,0.7260218
747,0.0950383,0.01100794,0.7246803
748,0.09423304,0.007772949,0.724297
749,0.1299471,0.04565813,0.7197186
750,0.1302785,0.03772763,0.7217161
751,0.1326118,0.03818468,0.7209767
752,0.1318765,0.0449755,0.7192215
753,0.1413322,0.03971604,0.7203446
754,0.1397932,0.03838571,0.7204612
755,0.1469603,0.0479325,0.7160791
756,0.1501539,0.04554223,0.7176555
757,0.1568489,0.04696402,0.7179024
758,0.1529346,0.05048117,0.7155226
759,0.0967901,-0.01475955,0.7302742
760,0.09309306,-0.01279696,0.7314555
761,0.09168524,-0.01788981,0.7318825
762,0.09486973,-0.01904272,0.7312084
763,0.1038712,0.003376886,0.7304209
764,0.105035,0.001344962,0.7323032
765,0.08815604,0.01832874,0.7245979
766,0.08429523,0.02048476,0.7245395
767,0.08195355,0.01680879,0.7229757
768,0.08629171,0.01502909,0.7230219
769,0.08565409,0.03125867,0.7295833
770,0.08918034,0.0293599,0.7289538
771,0.1007196,0.04771746,0.7359471
772,0.1058517,0.04138774,0.7368549
773,0.1067476,0.04883249,0.7365998
774,0.1020946,0.05471609,0.7335132
775,0.1186999,0.03983242,0.7303616
776,0.1183537,0.04805879,0.7299372
777,0.1172241,0.04710779,0.732333
778,0.1174607,0.04144822,0.7324112
779,0.1413722,0.04685797,0.7163645
780,0.1440972,0.0451925,0.7174453
781,0.1489123,0.05384107,0.7134287
782,0.1424062,0.05036625,0.7148287
783,0.1020789,0.0004899036,0.7319269
784,0.09992759,0.0009623673,0.7322146
785,0.09786676,-0.0004273225,0.7327935
786,0.1028288,-0.002326159,0.7326248
787,0.09799851,0.002017628,0.7296287
788,0.09663598,0.003000574,0.7280261
789,0.09270409,0.004555125,0.7265003
790,0.08069837,0.01202723,0.7224469
791,0.08526538,0.01078079,0.7224925
792,0.09783812,0.05729866,0.7330832
793,0.09745184,0.04944524,0.7354108
794,0.1383385,0.04812956,0.7158674
795,0.08597683,-0.01037218,0.7349891
796,0.08965676,-0.01096482,0.732852
797,0.08969704,-0.005214091,0.733739
798,0.08563261,-0.004907807,0.7359532
799,0.07999223,0.008317307,0.7234943
800,0.08425186,0.007837567,0.7233568
801,0.08054693,0.0220965,0.7255365
802,0.07807173,0.01797961,0.7241915
803,0.1070291,0.06076248,0.7255833
804,0.1027634,0.06636619,0.7256793
805,0.1349222,0.0463492,0.7169831
806,0.1374045,0.04557774,0.7172288
807,0.1374087,0.05278859,0.7141334
808,0.1345897,0.04972967,0.7156974
809,0.08819558,-0.02008529,0.7346157
810,0.08890466,-0.02463835,0.7387357
811,0.09203661,-0.02476813,0.7376541
812,0.09108734,-0.02083643,0.7339358
813,0.08625408,-0.01549022,0.7340917
814,0.08913513,-0.01661306,0.7326667
815,0.08277331,0.00579891,0.7250619
816,0.08198506,0.004064748,0.7279291
817,0.07677454,0.01278647,0.7236228
818,0.09517066,0.05792396,0.7337614
819,0.09494986,0.05067706,0.7357548
820,0.1110399,0.05497881,0.7301435
821,0.1321577,0.04736137,0.7171975
822,0.07659716,0.008805949,0.7245797
823,0.09805958,0.06709277,0.7292892
824,0.1134866,0.05589743,0.7271916
825,0.1106433,0.06183736,0.722554
826,0.1145524,0.05114879,0.7318719
827,0.1158417,0.05265234,0.7289135
828,0.141341,0.05748945,0.7118942
829,0.08478595,-0.01979987,0.736399
830,0.08496065,0.00160872,0.7334473
831,0.08550283,0.002342949,0.7325882
832,0.08292938,0.003047111,0.7303355
833,0.08192334,0.002529858,0.7309153
834,0.08049403,0.00363164,0.7281991
835,0.07994778,0.005478073,0.7255667
836,0.07693802,0.005553242,0.7265519
837,0.07825282,0.003265383,0.7291689
838,0.1079742,0.06819577,0.7214467
839,0.1153876,0.06241451,0.7195948
840,0.1165165,0.05686706,0.7238809
841,0.1157124,0.04967416,0.7317969
842,0.1170563,0.05065101,0.7290143
843,0.1165349,0.04532447,0.7353533
844,0.1157313,0.04403321,0.7352704
845,0.1167462,0.04324295,0.734344
846,0.11663,0.04613996,0.7343259
847,0.1320921,0.05539373,0.7145304
848,0.1342771,0.06051109,0.7120695
849,0.1287392,0.06395578,0.713127
850,0.1263429,0.05738891,0.7163303
851,0.08459209,-0.001040963,0.7355584
852,0.08291438,0.001201084,0.7346742
853,0.08561237,-0.0245186,0.7404903
854,0.08827447,-0.0009641089,0.7336661
855,0.08911473,0.00102517,0.7331877
856,0.09388687,-0.0003078617,0.7331426
857,0.08012697,0.002131054,0.7319665
858,0.1137381,0.06968959,0.7181454
859,0.1178823,0.05369826,0.7252854
860,0.1116919,0.04610623,0.7371893
861,0.1139921,0.04555382,0.7359331
862,0.1325209,0.04560862,0.7181641
863,0.1303983,0.04630741,0.7184582
864,0.1300554,0.05152799,0.7164395
865,0.1281263,0.0489174,0.7181769
866,0.1215021,0.06348085,0.7157505
867,0.1207744,0.05745747,0.7199342
868,0.1207496,0.05389675,0.7219834
869,0.1186804,0.05107887,0.7260464
870,0.1163793,0.04808311,0.7319208
871,0.1174563,0.04923373,0.729304
872,0.1247226,0.05313455,0.7188259
873,0.1238664,0.05026375,0.7202939
874,0.1206657,0.05112249,0.7231778
875,0.1189193,0.04976954,0.7266248
876,0.1269559,0.04691812,0.7207985
877,0.126795,0.0478393,0.7196374
878,0.1610658,0.1004214,0.7203904
879,0.1502531,0.1073036,0.7198452
880,0.1426679,0.09804352,0.7166612
881,0.1540894,0.09213405,0.7174884
882,0.1208253,0.04978567,0.723882
883,0.1234728,0.04923739,0.7214463
884,0.1406964,0.1128037,0.7212167
885,0.1327165,0.1020923,0.7175132
886,0.1322461,0.117017,0.7233684
887,0.1167618,0.1072725,0.722317
888,0.1241951,0.104676,0.7194762
889,0.1248672,0.1203269,0.7264429
890,0.1178655,0.1226845,0.7302315
891,0.1110597,0.1242229,0.734632
892,0.1037847,0.1099485,0.7301582
893,0.1099605,0.1086992,0.7257937
894,0.1059185,0.09427564,0.7246094
895,0.1031905,0.08004562,0.7234923
896,0.1097494,0.08002914,0.7193608
897,0.1121194,0.09317948,0.7207442
898,0.1173148,0.07991113,0.7172281
899,0.1189228,0.09212387,0.7175978
900,0.1267016,0.09073822,0.7157632
901,0.1246803,0.0791772,0.7153472
902,0.1318852,0.07766575,0.7135384
903,0.1358251,0.08783451,0.7145621
904,0.141156,0.07370578,0.7126566
905,0.1471685,0.08290819,0.7144792
906,0.157406,0.07843712,0.7160087
907,0.1521185,0.06988215,0.7145601
908,0.1605061,0.06617767,0.7166787
909,0.1655574,0.07254221,0.7181777
910,0.1107774,-0.0507256,0.7396815
911,0.0976651,0.003983265,0.7266015
912,0.09353397,0.005638005,0.7248218
913,0.100337,0.002504675,0.7290781
914,0.1030548,0.03722132,0.7348835
915,0.09195386,0.01573858,0.7253296
916,0.08994276,0.01324317,0.7236967
917,0.09646405,0.01287248,0.7260416
918,0.08925599,0.009534061,0.723161
919,0.0889228,0.007180482,0.7238318
920,0.08843246,0.005841596,0.7253877
921,0.1270316,0.01088801,0.7196475
922,0.1203095,0.01367245,0.7231833
923,0.1267726,0.01682547,0.7215961
924,0.1275701,0.0230091,0.7233086
925,0.1277438,0.03756188,0.7227774
926,0.1324941,0.033615,0.7215471
927,0.1293976,0.03299176,0.7225884
928,0.1314392,0.02748361,0.7225763
929,0.1526532,-0.02217211,0.7263314
930,0.1433234,-0.02338081,0.7246478
931,0.1625247,-0.02062715,0.7299243
932,0.1609371,-0.01209864,0.7259156
933,0.1508196,-0.01339519,0.7225633
934,0.1654963,0.02047174,0.7214078
935,0.1602992,0.01521449,0.7198241
936,0.1409847,-0.01481976,0.7206092
937,0.143392,-0.05965083,0.7471942
938,0.1347791,0.00965783,0.7176014
939,0.1519643,0.01181466,0.7178184
940,0.1430976,0.009691276,0.7170514
941,0.1150079,0.0172815,0.7269392
942,0.09754469,0.01505898,0.727761
943,0.093538,0.01836626,0.7269149
944,0.08251803,0.02539518,0.7270695
945,0.08609349,0.02361974,0.7262117
946,0.1353761,0.03479483,0.7208826
947,0.1431592,0.03198024,0.7206793
948,0.1380048,0.0365918,0.7205471
949,0.1481761,0.02739966,0.7195441
950,0.133065,0.01597988,0.718964
951,0.1649821,0.04982552,0.7196813
952,0.1595281,0.05473724,0.7171263
953,0.1537446,0.05906441,0.7148301
954,0.1454472,0.06281882,0.7127065
955,0.1367432,0.06640037,0.712072
956,0.1292457,0.06904557,0.7131382
957,0.1216895,0.06989744,0.7152646
958,0.1000698,0.095185,0.7288305
959,0.09767398,0.08021558,0.7282946
960,0.1036218,-0.0125323,0.7293205
961,0.1007579,-0.01734471,0.7297711
962,0.08973492,0.02134839,0.7262726
963,0.09838217,-0.02279008,0.7326438
964,0.09907425,-0.02100546,0.7312838
965,0.0945265,-0.02169545,0.7329625
966,0.09924096,-0.02571677,0.7360378
967,0.09566543,-0.0251171,0.7367318
968,0.1112582,0.04202244,0.7375674
969,0.1125298,0.03855852,0.7355863
970,0.1148804,0.04068344,0.7348515
971,0.1142122,0.04283653,0.7364717
972,0.09902729,0.0416251,0.7348963
973,0.1119995,0.02498229,0.7308193
974,0.1107215,0.02115864,0.7298498
975,0.1155793,0.04546208,0.7350757
976,0.1915282,0.01226915,0.7394723
977,0.1927547,0.02068588,0.73815
978,0.1848313,0.02166874,0.7314255
979,0.1078326,0.01020169,0.7297786
980,0.0954113,-0.002942083,0.7331464
981,0.08518611,0.003838636,0.7299392
982,0.08987931,0.003916532,0.7303534
983,0.1377554,0.04110945,0.7199239
984,0.1362826,0.0401382,0.7201123
985,0.1347566,0.04479641,0.7183108
986,0.1344892,0.03901029,0.7204373
987,0.1341021,0.04419162,0.7191293
988,0.1704564,0.09281484,0.7222039
989,0.1634263,0.08594544,0.7186917
990,0.1366811,0.04405697,0.7186976
991,0.1392652,0.04434726,0.7180703
992,0.1360111,0.04352103,0.7194237
993,0.1102956,-0.07543799,0.7663371
994,0.1166106,-0.07702605,0.772807
995,0.1164034,-0.07492381,0.7624898
996,0.1230129,-0.07280752,0.7582744
997,0.1303328,-0.06909245,0.7546954
998,0.1298149,-0.07351723,0.7639971
999,0.1366916,-0.06963012,0.7597774
1000,0.09955782,-0.008782844,0.7309119
1001,0.1229417,-0.07611671,0.7686469
1002,0.1326959,0.02275245,0.7209831
1003,0.1625991,-0.05259819,0.752255
1004,0.1717323,-0.01873302,0.7338951
1005,0.1533638,0.02125917,0.7183264
1006,0.1476956,0.04137685,0.7200485
1007,0.14621,0.04328181,0.7188497
1008,0.1417601,0.04211663,0.719714
1009,0.1408076,0.04335126,0.718946
1010,0.1384766,0.04253639,0.719723
1011,0.1381878,0.04321191,0.7192883
1012,0.1372824,0.04299358,0.719957
1013,0.1825012,-0.01765039,0.7415252
1014,0.1684034,0.02570826,0.7225703
1015,0.1419414,0.04099987,0.7200553
1016,0.1382829,0.04185743,0.7197621
1017,0.1483569,0.03941686,0.7208887
1018,0.1550399,0.03675362,0.7211727
1019,0.1620054,0.03367308,0.7213489
1020,0.09446873,-0.006902073,0.7324892
1021,0.1013563,0.006912928,0.7277089
1022,0.101651,0.004372576,0.7284992
1023,0.1765974,0.02329079,0.7260761
1024,0.1863222,-0.009841708,0.741575
1025,0.1898191,-0.01818099,0.7492465
1026,0.1718764,0.07853829,0.7206548
1027,0.1791887,0.08498217,0.7245842
1028,0.2006932,0.01968204,0.746064
1029,0.1997963,0.01065161,0.7479225
1030,0.1942053,-0.009554836,0.7500927
1031,0.1704873,-0.05158689,0.7586761
1032,0.1216646,-0.07807538,0.7780859
1033,0.1285766,-0.07683668,0.7736763
1034,0.135709,-0.07416492,0.7695554
1035,0.1425182,-0.07016276,0.7654108
1036,0.1406559,-0.07508077,0.7745205
1037,0.1485071,-0.07052442,0.7706102
1038,0.1333241,-0.07810557,0.7785268
1039,0.1262278,-0.07960505,0.7828996
1040,0.1498421,-0.06487396,0.7606895
1041,0.143476,-0.06494389,0.7552396
1042,0.1639317,-0.05860614,0.7626263
1043,0.1565018,-0.06495066,0.7666452
1044,0.1310018,-0.06355317,0.7471531
1045,0.1375993,-0.06461985,0.7510274
1046,0.1496216,-0.05981068,0.751071
1047,0.1565432,-0.05916676,0.7564144
1048,0.1671697,0.06063949,0.7192766
1049,0.1686409,0.04400716,0.7219213
1050,0.1728702,0.06525651,0.721094
1051,0.1727052,0.05436172,0.7222828
1052,0.1768675,0.04622161,0.7250506
1053,0.1830987,0.04809773,0.7279296
1054,0.1790385,0.0574552,0.7246848
1055,0.1798712,0.07011001,0.7237135
1056,0.1860387,0.06049439,0.7277391
1057,0.1901822,0.04992322,0.7316575
1058,0.1881402,0.07557024,0.728634
1059,0.1947463,0.06344123,0.7325381
1060,0.1988546,0.05127224,0.737348
1061,0.1931443,0.02963822,0.7363464
1062,0.1856611,0.02993464,0.7305315
1063,0.1781573,0.03040158,0.7260658
1064,0.2005513,0.02925836,0.7434346
1065,0.2000264,0.03966106,0.7408003
1066,0.1928859,0.03916676,0.7341146
1067,0.1708441,0.03724425,0.7232085
1068,0.1699774,0.03147797,0.723022
1069,0.1789399,0.03791853,0.726169
1070,0.1855813,0.03862126,0.7295774
1071,0.1379648,0.04248188,0.720228
1072,0.08311863,-0.0242647,0.7424765
1073,0.07584695,-5.19976E-05,0.8326654
1074,0.1776634,-0.01537744,0.7368127
1075,0.0857364,0.05127637,0.7626415
1076,0.08627342,0.05219929,0.7612115
1077,0.0872312,0.0523952,0.7596868
1078,0.08726963,0.05453318,0.7553885
1079,0.08257352,0.06252152,0.7490405
1080,0.08400029,0.06416714,0.7450436
1081,0.0860983,0.06386039,0.7413127
1082,0.09080281,0.06352066,0.7353902
1083,0.0968937,0.06247066,0.7311089
1084,0.1006652,0.06192774,0.7292524
1085,0.1045787,0.05997349,0.728021
1086,0.1092372,0.05186956,0.734418
1087,0.1131635,0.04908087,0.7350239
1088,0.1145767,0.04818547,0.7341219
1089,0.1158293,0.04683441,0.7339521
1090,0.1230931,0.04044674,0.7268741
1091,0.12115,0.04108743,0.7288948
1092,0.1252948,0.03953522,0.7249709
1093,0.13236,0.0393148,0.7215145
1094,0.1302522,0.03921556,0.7222523
1095,0.1183574,0.04231576,0.7329111
1096,0.1196112,0.04150413,0.7308636
1097,0.1172862,0.04380757,0.7346067
1098,0.1167526,0.04448764,0.7353743
1099,0.1278404,0.03925815,0.7233456
1100,0.1342321,0.03986575,0.7209061
1101,0.1361492,0.04067597,0.7205467
1102,0.1374689,0.04154827,0.7203864
1103,0.07955703,0.04783309,0.7683019
1104,0.07737406,0.04779474,0.7701737
1105,0.07523347,0.04757725,0.7723911
1106,0.07230598,0.04843656,0.7771426
1107,0.07150045,0.04896964,0.7791713
1108,0.08165045,0.04762813,0.7668694
1109,0.08384522,0.04785449,0.7656955
1110,0.08670355,0.04920227,0.7640359
1111,0.08579061,0.04879002,0.7645722
1112,0.0734703,0.04800621,0.7748252
1113,0.07092354,0.04991704,0.7809426
1114,0.07060737,0.05111488,0.7827023
1115,0.07054443,0.05219222,0.7839156
1116,0.07055838,0.05316172,0.7843012
1117,0.137992,0.04212787,0.7202596
1118,0.07566414,0.005023481,0.7495151
1119,0.09505077,0.002048029,0.7306355
1120,0.07649746,-0.02320713,0.7719247
1121,0.07644667,-0.0242823,0.7718775
1122,0.07798158,-0.02278921,0.7689044
1123,0.07765783,-0.02503448,0.7681738
1124,0.07879493,-0.02276122,0.765659
1125,0.07862017,-0.02506753,0.7651703
1126,0.08314727,-0.02264664,0.7514018
1127,0.08266361,-0.02558597,0.7509724
1128,0.08156936,-0.02523512,0.7540637
1129,0.0820706,-0.02241017,0.7544366
1130,0.08489962,-0.02322866,0.7483122
1131,0.08443208,-0.02615812,0.7477264
1132,0.08670545,-0.02360237,0.7461023
1133,0.08620515,-0.02651471,0.7454808
1134,0.0795387,-0.02507991,0.7614536
1135,0.07976307,-0.02255537,0.7620192
1136,0.0809966,-0.02239984,0.7583283
1137,0.08071152,-0.02496616,0.7578116
1138,0.07592808,-0.0234816,0.7718899
1139,0.1120299,-0.0283831,0.7358902
1140,0.1083449,-0.0287622,0.736922
1141,0.1091161,-0.02638225,0.7371781
1142,0.1121333,-0.02723271,0.7357988
1143,0.1054661,-0.02836008,0.7379202
1144,0.106,-0.02598194,0.73793
1145,0.09194774,-0.02393121,0.7424586
1146,0.09501382,-0.02420282,0.7412004
1147,0.09466488,-0.02718613,0.7408511
1148,0.0916863,-0.02698892,0.7419742
1149,0.08846693,-0.02682059,0.7437427
1150,0.08891468,-0.02381226,0.7442565
1151,0.1017885,-0.02796711,0.7387536
1152,0.09833835,-0.02743654,0.7399056
1153,0.09867693,-0.02478004,0.7401317
1154,0.1021045,-0.02538628,0.738955
1155,0.1121152,-0.02763982,0.7352377
1156,0.1175239,-0.01241043,0.7238091
1157,0.1136178,-0.005337482,0.725111
1158,0.110234,0.001546517,0.7279305
1159,0.1068646,0.007842463,0.7304525
1160,0.1029171,0.01282023,0.7299119
1161,0.09876634,0.01736118,0.7291929
1162,0.09481366,0.02105803,0.7283646
1163,0.0912029,0.02428176,0.7278019
1164,0.08770733,0.02673139,0.727725
1165,0.084299,0.02857121,0.728496
1166,0.08095548,0.02982435,0.7307864
1167,0.07838291,0.02946742,0.7342454
1168,0.07717965,0.02835232,0.7379018
1169,0.07670917,0.02650828,0.7418255
1170,0.0765957,0.02382815,0.746091
1171,0.0766147,0.02061589,0.7508603
1172,0.07639731,0.01661359,0.7559009
1173,0.07595087,0.01201609,0.7608168
1174,0.07255402,0.006313451,0.7652065
1175,0.068831,2.605841E-05,0.769492
1176,0.06663205,-0.006347455,0.7743439
1177,0.06718222,-0.01891029,0.783408
1178,0.06866063,-0.02457009,0.7859589
1179,0.07025114,-0.03030601,0.7871665
1180,0.07394771,-0.04092088,0.784644
1181,0.07558277,-0.0461296,0.7816145
1182,0.07704951,-0.05182104,0.7782311
1183,0.07859544,-0.05772648,0.7734195
1184,0.08061806,-0.06182208,0.7675825
1185,0.08364946,-0.06405198,0.7620158
1186,0.08697687,-0.06513026,0.75756
1187,0.09045754,-0.06575467,0.75383
1188,0.09453292,-0.06627467,0.7507277
1189,0.0993016,-0.06640312,0.7477571
1190,0.105212,-0.06555633,0.7450245
1191,0.1115935,-0.06283852,0.7429815
1192,0.1172559,-0.05790793,0.7410002
1193,0.1215526,-0.05276337,0.7389437
1194,0.1251342,-0.04806036,0.736644
1195,0.1283235,-0.0381417,0.7310747
1196,0.1274166,-0.03217199,0.7284191
1197,0.1252667,-0.02610544,0.7260045
1198,0.1268084,-0.005374005,0.718488
1199,0.1178544,0.001982428,0.7215394
1200,0.1127317,0.008104686,0.7257763
1201,0.1087024,0.0133833,0.7293059
1202,0.1048222,0.01824553,0.730544
1203,0.1009762,0.02282615,0.7305847
1204,0.0973864,0.02674254,0.7304661
1205,0.09394956,0.02985972,0.7301962
1206,0.09066503,0.03234636,0.7301006
1207,0.08722292,0.03409622,0.7307488
1208,0.08392592,0.0352416,0.7329967
1209,0.06188358,0.003082134,0.7815114
1210,0.06610036,0.008604277,0.7718456
1211,0.07134219,0.01370139,0.7659824
1212,0.07573825,0.01805161,0.76129
1213,0.07785265,0.02214459,0.7568004
1214,0.07883313,0.02607347,0.7522275
1215,0.07950824,0.02939781,0.7478623
1216,0.0798976,0.03201389,0.7438076
1217,0.08034028,0.03394191,0.7400789
1218,0.08142042,0.03496157,0.7363625
1219,0.06274483,-0.006968783,0.7881246
1220,0.06545793,-0.01528525,0.792374
1221,0.06762938,-0.02261699,0.7951826
1222,0.06995197,-0.02991093,0.7965188
1223,0.07483807,-0.04273085,0.7939342
1224,0.07685751,-0.04903331,0.7907378
1225,0.07878704,-0.05510636,0.7866517
1226,0.08094574,-0.06128682,0.7812989
1227,0.08390079,-0.0661334,0.7754015
1228,0.08767334,-0.06949018,0.7697822
1229,0.09167768,-0.07115658,0.764739
1230,0.09576081,-0.07192828,0.7607186
1231,0.1001595,-0.07241458,0.7570027
1232,0.1057037,-0.07217285,0.7533297
1233,0.1119827,-0.07036664,0.7497062
1234,0.1186767,-0.0670017,0.7466445
1235,0.1250926,-0.06204475,0.7439482
1236,0.1301963,-0.05681661,0.7413419
1237,0.1342586,-0.05123929,0.7384044
1238,0.138097,-0.03926866,0.7314735
1239,0.1374501,-0.03205966,0.7279295
1240,0.1353483,-0.02448219,0.7244718
1241,0.1317342,-0.01606421,0.7206973
1242,0.1465013,0.002524257,0.717779
1243,0.156914,0.004376035,0.7200891
1244,0.1977195,0.003640871,0.7486833
1245,0.189669,0.004692253,0.7403058
1246,0.1687714,0.007703237,0.7241445
1247,0.1804846,0.005749403,0.7323035
1248,0.1366489,0.001853744,0.7169083
1249,0.06377767,0.01865741,0.8087029
1250,0.06166604,0.01515269,0.7989786
1251,0.07477677,0.02224763,0.832651
1252,0.06764828,0.02342724,0.8201721
1253,0.08200336,0.02160632,0.8423994
1254,0.0896742,0.02077154,0.8510234
1255,0.06088972,0.01278999,0.7895058
1256,0.1271669,0.003619241,0.7181623
1257,0.06276576,0.0126816,0.780183
1258,0.1138636,0.01255526,0.7259812
1259,0.1095663,0.01705744,0.7292489
1260,0.1194136,0.007903468,0.7216862
1261,0.1020519,0.02577997,0.7311462
1262,0.1056876,0.02157886,0.7307076
1263,0.09869464,0.02947633,0.7313755
1264,0.09544688,0.03293052,0.7313904
1265,0.09227257,0.03543437,0.7314075
1266,0.088833,0.03729694,0.7321151
1267,0.08553521,0.03807137,0.7342089
1268,0.07630674,0.02202891,0.7613492
1269,0.07222713,0.01856856,0.7661411
1270,0.07861678,0.02564539,0.7569279
1271,0.06710762,0.01522563,0.7721655
1272,0.0815285,0.03505396,0.744836
1273,0.08084761,0.03219671,0.7487161
1274,0.08209105,0.03701814,0.7412228
1275,0.08323652,0.03815748,0.7375253
1276,0.0798934,0.02905538,0.7526963
1277,0.06245685,0.008093275,0.8026055
1278,0.06521954,0.01061746,0.8125102
1279,0.0604796,0.005414538,0.7928002
1280,0.06794102,-0.01439222,0.7768322
1281,0.06600845,-0.01278007,0.7791423
1282,0.06399623,-0.01016487,0.782818
1283,0.1596033,-0.003552547,0.7227767
1284,0.1490019,-0.004443718,0.7194963
1285,0.1695608,-0.002489928,0.7276813
1286,0.1387135,-0.005396226,0.7176876
1287,0.1158559,-0.02141061,0.7273619
1288,0.1184135,-0.02032848,0.7259162
1289,0.1215068,-0.01954683,0.7239563
1290,0.1257394,-0.01795212,0.7220939
1291,0.1959517,-0.002679544,0.7494102
1292,0.1881086,-0.002424195,0.7412266
1293,0.179408,-0.002246941,0.7339504
1294,0.06961237,0.01275865,0.8225133
1295,0.07513781,0.01380654,0.8327116
1296,0.081739,0.01406252,0.8418081
1297,0.0893679,0.01405186,0.8502129
1298,0.06956269,-0.01619836,0.775043
1299,0.1118061,-0.02398483,0.7297079
1300,0.1135257,-0.02269306,0.7284529
1301,0.1098248,-0.02595331,0.7325236
1302,0.110648,-0.02502927,0.7311036
1303,0.07217298,-0.02087005,0.7703563
1304,0.07340822,-0.02198556,0.7696375
1305,0.0709881,-0.01956887,0.7714598
1306,0.07020849,-0.01792234,0.7731736
1307,0.08885825,-0.03077807,0.8359721
1308,0.08263125,-0.03256365,0.8270546
1309,0.07778029,-0.03453255,0.8187114
1310,0.07475422,-0.03583764,0.8110673
1311,0.07317024,-0.03633734,0.8031549
1312,0.07243685,-0.0366045,0.7960927
1313,0.07170417,-0.03653382,0.7909667
1314,0.07219379,-0.03569704,0.7866057
1315,0.07309893,-0.0344466,0.7828341
1316,0.07381521,-0.03289675,0.7801227
1317,0.07408765,-0.03127505,0.7774868
1318,0.07455404,-0.02909551,0.7747081
1319,0.07501362,-0.02680817,0.7721887
1320,0.07549204,-0.02532833,0.7706516
1321,0.07572391,-0.02401004,0.7694016
1322,0.07625924,-0.02327256,0.7693573
1323,0.07704515,-0.0246949,0.7703967
1324,0.07721277,-0.02295263,0.7709037
1325,0.07561843,-0.02324093,0.7695716
1326,0.07452554,-0.02279315,0.769408
1327,0.1760019,-0.04389321,0.7549082
1328,0.1677021,-0.04522438,0.7481508
1329,0.1596701,-0.04662291,0.7427801
1330,0.1520678,-0.04705959,0.739032
1331,0.1442198,-0.04648304,0.7366328
1332,0.1370806,-0.04563783,0.7350211
1333,0.1318976,-0.04468634,0.7340752
1334,0.1274674,-0.04334201,0.7339573
1335,0.1236398,-0.04159468,0.7341057
1336,0.1206686,-0.03957333,0.7344215
1337,0.1180056,-0.03729713,0.7344196
1338,0.1153099,-0.03450094,0.734505
1339,0.1129704,-0.03171556,0.7346441
1340,0.1114345,-0.02979114,0.7349714
1341,0.1102229,-0.02817707,0.7348858
1342,0.1100451,-0.02724923,0.7353356
1343,0.1106127,-0.02862846,0.7363842
1344,0.1110992,-0.02680474,0.7364781
1345,0.1096684,-0.02705923,0.7348903
1346,0.1095315,-0.02666816,0.7337577
