0,0.0393967,-0.06518253,0.7861027
1,0.0400658,-0.06388713,0.7790889
2,0.04153178,-0.06049898,0.7625578
3,0.04261712,-0.05663309,0.7521487
4,0.04406763,-0.04752503,0.7448438
5,0.04497406,-0.03900017,0.7435076
6,0.04524687,-0.03445836,0.7438056
7,0.04581475,-0.02657106,0.7391148
8,0.04592953,-0.02462676,0.7354982
9,0.04635508,-0.01843353,0.7342211
10,0.0463782,-0.01443676,0.7347469
11,0.05221349,0.05869967,0.7372977
12,0.05122705,0.04484358,0.7280704
13,0.0505872,0.03554653,0.7214313
14,0.04779413,0.01103438,0.7314835
15,0.04696594,0.001218354,0.7316334
16,0.05351966,0.07251732,0.7383277
17,0.04936471,0.02171857,0.7178767
18,0.04979956,0.02589796,0.7174152
19,0.04655256,-0.00425892,0.7302655
20,0.0483122,0.01449919,0.7254679
21,0.04892893,0.01834563,0.7194768
22,0.04615841,-0.008190991,0.7304748
23,0.04805233,0.01321387,0.7294855
24,0.05269448,0.06436094,0.7390593
25,0.05083761,0.03925583,0.7241121
26,0.05023834,0.03085238,0.718747
27,0.05454521,0.08187107,0.7372726
28,0.05720986,0.109149,0.7385051
29,0.05956412,0.1378314,0.7502236
30,0.05850548,0.1238103,0.7422711
31,0.04857307,0.01594361,0.7221865
32,0.04748276,0.007090146,0.7320051
33,0.04548992,-0.03020497,0.7419106
34,0.04082559,-0.06255993,0.7699008
35,0.05187118,0.05396182,0.7343526
36,-0.02974586,0.038828,0.8172388
37,-0.02830382,0.01759287,0.8144944
38,-0.005150609,-0.03767435,0.7926354
39,0.003379766,-0.04528715,0.7831281
40,0.00164615,-0.04480045,0.7913299
41,-0.007115252,-0.03679637,0.8021944
42,0.0141082,-0.04244679,0.7582148
43,0.008818142,-0.04463278,0.7691013
44,-0.01118505,-0.02985522,0.7938061
45,0.02004146,-0.03689124,0.7516155
46,0.006139718,-0.03128413,0.7605146
47,-0.001422927,-0.03235807,0.7713193
48,-0.01321014,-0.02849651,0.8037703
49,0.01266469,-0.02803759,0.7544023
50,-0.007721942,-0.01894779,0.7692276
51,0.001026306,-0.02070716,0.7591214
52,-0.02028136,-0.01231273,0.7946341
53,0.006937541,0.008216487,0.7453498
54,0.01331055,0.002092533,0.7431081
55,0.008415002,-0.01026654,0.7486938
56,0.001258131,-0.007167992,0.753476
57,-0.02222301,-0.01059324,0.805613
58,0.02247752,-0.03331198,0.7497137
59,0.008206513,-0.02007951,0.7538047
60,0.02406359,-0.02992511,0.7474833
61,0.01533994,-0.02586388,0.7526175
62,0.02762973,-0.01940998,0.7400074
63,0.01701023,-0.02352151,0.750272
64,-0.02381527,0.04296409,0.7834316
65,-0.02716764,0.008473255,0.8106319
66,0.02189835,-0.01675964,0.7454336
67,0.01370192,-0.01837556,0.7516534
68,0.01126926,-0.01927352,0.7530299
69,0.01140764,-0.01152059,0.7481582
70,0.02914003,-0.01653413,0.7386593
71,0.01845773,-0.0157979,0.7479237
72,0.01382487,-0.01230965,0.7468691
73,0.0216489,0.04415626,0.7497354
74,0.0214767,0.03941497,0.7474457
75,0.03047291,-0.01413038,0.7384887
76,0.02341865,-0.01485845,0.7443715
77,0.01823815,-0.01292279,0.7455258
78,0.01732734,-0.002807922,0.7419479
79,0.01546411,-0.0001641056,0.742834
80,0.03111538,-0.01246624,0.7393818
81,0.02441451,-0.01323057,0.7437544
82,0.01994307,-0.01464429,0.7470874
83,0.02099109,-0.008202314,0.7411788
84,0.0199625,0.002486699,0.7401288
85,0.03077061,0.04114413,0.7443708
86,0.03026764,0.03077913,0.7412568
87,0.001777597,0.03724089,0.7519428
88,-0.003591567,0.04814763,0.7586597
89,0.02476672,-0.01246885,0.7440497
90,0.02098334,-0.01363839,0.7468579
91,0.01961311,-0.01308065,0.7457151
92,0.0216532,-0.001394235,0.7392146
93,0.02755373,0.02172924,0.7419905
94,0.03057867,0.04889341,0.7491441
95,0.0309729,0.04480793,0.7462602
96,0.0212608,0.04810131,0.7508484
97,0.02099503,-0.01316172,0.7469051
98,0.0204313,-0.01319873,0.7462103
99,0.02260716,-0.01028013,0.7415645
100,0.004244488,0.04986434,0.7552329
101,0.001370773,0.05217356,0.7573733
102,-0.01633209,0.0709392,0.7778123
103,0.02082342,-0.01319278,0.746779
104,0.0234283,-0.01159513,0.7423361
105,0.02340388,-0.005458841,0.738794
106,0.04472492,0.05278993,0.7365049
107,0.04361713,0.04320076,0.7303793
108,0.03754171,0.03847887,0.7352654
109,0.03424499,0.05212028,0.7489017
110,0.03481143,0.04820868,0.745522
111,0.02546107,0.0491823,0.7508522
112,0.02134901,0.05318144,0.7507027
113,0.02187671,0.05774953,0.7507132
114,-0.0143032,0.05491026,0.7713981
115,-0.008429542,0.05818871,0.7673268
116,0.02423234,-0.01280901,0.74383
117,0.02793412,-0.006544295,0.7358941
118,0.03010078,0.02542044,0.7364252
119,0.04556429,0.05781208,0.7393578
120,0.0483709,0.0585505,0.7378208
121,0.0241625,0.06746826,0.749719
122,0.007825151,0.0551817,0.7535602
123,0.01042682,0.0590274,0.7522903
124,-0.006667666,0.0681133,0.7652534
125,-0.01045103,0.08110806,0.7686828
126,-0.02394906,0.05062652,0.7858223
127,-0.02866061,0.04900687,0.8054641
128,-0.02467931,0.07846842,0.7992901
129,-0.02359091,0.05805889,0.7869033
130,0.02897789,-0.008681339,0.7364757
131,0.03538073,0.01100138,0.7356515
132,0.02857539,0.02273089,0.7395354
133,0.03029988,0.02448521,0.7342125
134,0.03280796,0.02820061,0.7327819
135,0.03558293,0.05795038,0.7517285
136,0.02482531,0.05375435,0.7510399
137,0.01101214,0.06759985,0.7506164
138,-0.001992531,0.06755234,0.7605429
139,-0.003652245,0.07301985,0.759185
140,-0.007691484,0.0762999,0.7628251
141,-0.02716074,0.08019125,0.8093095
142,-0.0222276,0.07617658,0.791926
143,0.03060036,-0.01233966,0.7392699
144,0.03822765,0.002164682,0.7314335
145,0.02804797,0.01833004,0.7402021
146,0.03058134,0.01942862,0.7332839
147,0.03266394,0.02644713,0.7307562
148,0.03922858,0.03284242,0.7261676
149,0.04251198,0.03446802,0.7236706
150,0.0470877,0.04454065,0.7285975
151,0.03895823,0.05642306,0.7476374
152,0.04359533,0.06187353,0.7436008
153,0.02666115,0.06650828,0.7506372
154,-0.01554286,0.0926289,0.7805654
155,0.03751319,-0.003575915,0.7308116
156,0.03006277,0.01519723,0.7396057
157,0.03193703,0.01697551,0.7354344
158,0.03208487,0.01815398,0.7335135
159,0.03233647,0.02328736,0.7296776
160,0.03274746,0.02105991,0.7294406
161,0.04237551,0.07008201,0.7427582
162,0.0459438,0.07225262,0.7396663
163,-0.005476292,0.07949584,0.7589048
164,-0.000740204,0.07515091,0.755352
165,0.03870618,-0.007091269,0.7316844
166,0.04191103,0.002003569,0.7307519
167,0.04478893,0.01144847,0.7307609
168,0.0342221,0.01959514,0.7299988
169,0.03842908,0.02542799,0.7225257
170,0.04206551,0.02596776,0.7195103
171,0.04248904,0.02219337,0.7196314
172,0.03913314,0.02236241,0.7223123
173,0.04633015,0.03537267,0.721993
174,0.002130277,0.06689955,0.7570357
175,0.0005354397,0.07126032,0.7555977
176,-0.006838132,0.08493922,0.7636377
177,-0.01231125,0.1054355,0.7798645
178,-0.01060691,0.0991884,0.7739373
179,0.03917471,-0.01268716,0.7347522
180,0.04082189,0.01991303,0.7224858
181,0.04321749,0.0191535,0.7209486
182,0.04448894,0.01571405,0.725885
183,0.0485022,0.07267147,0.7387231
184,0.03954483,0.06414632,0.7481216
185,0.02746072,0.05904961,0.7518855
186,0.02795737,0.05504306,0.7514321
187,0.02886412,0.06494181,0.7516983
188,0.007318087,0.06674851,0.7528179
189,0.005432282,0.07379407,0.751017
190,0.0402861,-0.01309071,0.7352595
191,0.04070621,-0.003283637,0.7302068
192,0.04589754,0.02599354,0.7178582
193,0.04579524,0.02199331,0.7182419
194,0.02971381,0.07513,0.7454543
195,0.03000464,0.08099817,0.7401818
196,0.03281307,0.05944997,0.7528179
197,0.03118662,0.06105426,0.7529108
198,0.005506478,0.06259582,0.7549614
199,0.005581498,0.06997197,0.751752
200,0.005313512,0.08457574,0.7484189
201,0.007367056,0.07912146,0.7484868
202,0.04185819,-0.007602061,0.7309546
203,0.0404449,0.01459101,0.7319955
204,0.04368714,0.01461262,0.7296107
205,0.04286635,0.01560814,0.7293799
206,0.04608598,0.01860556,0.7197479
207,0.04642401,0.01485629,0.7254825
208,0.03268168,0.08699632,0.7377656
209,0.02842877,0.07199989,0.7483142
210,0.03097495,0.06250963,0.7534947
211,0.009159479,0.06725655,0.7514743
212,0.007804304,0.07067499,0.750223
213,0.01146508,0.09196884,0.7464385
214,-0.01365689,0.1121354,0.7874948
215,0.04242479,-0.01315575,0.7340433
216,0.04589064,0.01374744,0.7291259
217,0.02450154,0.08266234,0.7410156
218,0.02636634,0.08995533,0.7391488
219,0.02547794,0.07709263,0.7449989
220,0.03314031,0.06234337,0.7521333
221,0.009520749,0.07499986,0.7486504
222,0.01071666,0.08714376,0.7455986
223,0.01315024,0.0801175,0.7459459
224,0.0185552,0.09161116,0.7426956
225,0.04362256,-0.01399723,0.7346206
226,0.01969215,0.07880784,0.744841
227,0.0176608,0.08518762,0.7424287
228,0.02464786,0.07399514,0.7470492
229,0.0272854,0.06975996,0.7490683
230,0.02706942,0.067979,0.749539
231,0.001490381,0.1165648,0.7661942
232,0.0002253465,0.1251266,0.7727614
233,0.02038503,0.07521059,0.7465411
234,0.01169108,0.07164725,0.7483406
235,0.01528494,0.07559214,0.7468434
236,0.02416488,0.0710527,0.7479756
237,0.02431303,0.06922727,0.7485381
238,0.01415863,0.06823462,0.7495083
239,0.01063936,0.1207232,0.7579772
240,0.02083615,0.07194754,0.7472138
241,0.02116944,0.06839826,0.7489651
242,0.02107639,0.07002144,0.7477984
243,0.01645166,0.07205236,0.7471449
244,0.01775122,0.06873988,0.748894
245,0.009347633,0.1302631,0.7652493
246,0.01850301,0.1339542,0.7600048
247,0.02715527,0.1364294,0.7560283
248,0.03564781,0.125036,0.745051
249,0.02767566,0.1240283,0.7478223
250,0.03527713,0.1380758,0.7535427
251,0.04229701,0.1107628,0.7394913
252,0.03484304,0.111241,0.7407171
253,0.02742048,0.111689,0.7428972
254,0.02009711,0.1116987,0.7467775
255,0.01194546,0.1103587,0.75199
256,0.002513826,0.1072092,0.7594341
257,0.04612293,0.06335333,0.7410449
258,0.04838873,0.06445301,0.7399114
259,0.02937647,0.05152395,0.7509494
260,0.03878119,0.05200227,0.7442476
261,0.03407826,0.03496031,0.7381341
262,0.02936317,0.01232438,0.7404469
263,0.03006978,-0.0001265369,0.7335375
264,0.03136186,-0.004871744,0.7330145
265,0.01292872,0.05826786,0.7514352
266,0.0105773,0.05388734,0.7523442
267,0.007857367,0.04854571,0.7535335
268,0.004842572,0.04399866,0.7531087
269,0.008154862,0.0368413,0.749662
270,0.03568313,-0.00712904,0.7326486
271,0.03631436,-0.01212214,0.7360149
272,0.03727833,-0.0123629,0.7363412
273,-0.01490357,0.0002888925,0.7698307
274,-0.008717705,-0.002374665,0.7628797
275,-0.02356746,0.006570462,0.7875177
276,-0.02366427,0.01441864,0.7842526
277,-0.008515969,0.006456481,0.7592209
278,-0.002018116,0.0579647,0.761863
279,0.00378691,0.05913609,0.7564098
280,-0.02968127,0.04814306,0.8165982
281,0.01945108,0.1230267,0.7520006
282,0.05095431,0.1244561,0.7424039
283,0.03346144,0.03019689,0.7348377
284,0.03978341,0.03581732,0.728536
285,0.04292996,0.03753144,0.7261304
286,0.04653182,0.03868661,0.7245112
287,0.005974773,0.06620988,0.7542374
288,0.005550742,0.05689893,0.7549385
289,-0.0009196065,0.05517237,0.7598751
290,-0.006333914,0.05133624,0.7622247
291,-0.0139698,0.05026137,0.7686434
292,0.03891153,0.02963634,0.7237252
293,0.04247803,0.03077392,0.7208763
294,0.04639135,0.03115874,0.7192829
295,0.05154225,0.1385506,0.7506878
296,0.02788866,0.01611355,0.7422947
297,0.02973594,0.0260151,0.7385375
298,0.03567443,0.06217456,0.7516516
299,0.01964494,0.02101362,0.7425182
300,0.02214941,0.01455972,0.7420214
301,0.02286533,0.01153747,0.7409597
302,0.01499373,0.03769197,0.7482392
303,0.01590996,0.04331247,0.750477
304,0.01672491,0.04770914,0.7513295
305,0.01770988,0.0531118,0.750787
306,0.03690071,0.01384948,0.7348419
307,0.02419445,0.007638572,0.7395246
308,0.02503063,0.002514638,0.7376676
309,0.02647934,-0.00268581,0.735895
310,0.0250525,-0.008519766,0.7390693
311,0.02598742,-0.01027314,0.7394716
312,0.02725168,-0.01256088,0.7415875
313,0.02772665,-0.01241522,0.7416514
314,0.03254149,0.05488852,0.751
315,0.03078186,0.05752881,0.7520056
316,0.03040142,0.06350499,0.752797
317,0.04352147,0.01641146,0.7261876
318,0.04095133,0.01228513,0.7316563
319,0.0368668,0.0205948,0.7264644
320,0.03370321,0.01399694,0.7373332
321,0.04625398,0.01620889,0.7223339
322,0.04407392,0.01703521,0.7230858
323,0.04289303,0.01770646,0.7238793
324,0.0417318,0.01748772,0.7274144
325,0.008064412,0.06837023,0.7510441
326,0.009878352,0.06881481,0.7499222
327,0.01357611,0.06965508,0.7484891
328,0.01744936,0.0702708,0.7477219
329,0.03150062,0.06259782,0.7526689
330,0.02964504,0.06045089,0.7528834
331,0.02485846,0.05792372,0.7511586
332,0.01895233,0.05783869,0.7505326
333,0.008326169,0.0599502,0.7532424
334,0.002591204,0.07243546,0.7534509
335,-0.007136676,0.1188545,0.7802025
336,-0.005890511,0.1117427,0.7731533
337,-0.004885335,0.1041194,0.7672232
338,-0.001590975,0.08780023,0.7569821
339,-0.000371784,0.08237109,0.7529207
340,0.002920888,0.07720486,0.7516475
341,0.006483242,0.06765653,0.7525563
342,0.003849033,0.06934834,0.7535719
343,0.006796028,0.06117093,0.7540531
344,0.0453315,0.08284964,0.7371687
345,0.0389902,0.08367577,0.7374543
346,0.03434626,0.07899686,0.7402079
347,0.03326813,0.07323646,0.7460852
348,0.03104268,0.06964474,0.7495623
349,0.0299677,0.06791469,0.7502348
350,0.02936366,0.06608085,0.750815
351,0.01858937,0.005854202,0.7411766
352,0.01713216,0.00844536,0.7418001
353,0.01318782,0.01506244,0.742844
354,0.01315481,0.03234956,0.7465361
355,0.04360958,-0.01802156,0.7337591
356,0.04261098,-0.02404826,0.7348353
357,0.04236213,-0.02613351,0.7386503
358,0.04115,-0.03422554,0.7435617
359,0.04113869,-0.03881336,0.743355
360,0.03954224,-0.04714905,0.7448103
361,0.03728644,-0.0559566,0.7520303
362,0.03499094,-0.05973726,0.7623288
363,0.03225512,-0.06280651,0.7788663
364,0.03121913,-0.06389652,0.7862046
365,0.04020829,-0.01711401,0.733697
366,0.03885507,-0.02239593,0.7346056
367,0.03829298,-0.02527505,0.738179
368,0.03708215,-0.03410045,0.7437671
369,0.03673353,-0.03885595,0.7436416
370,0.03460367,-0.04617172,0.745205
371,0.0313522,-0.05470565,0.7529083
372,0.02835607,-0.05818874,0.7630536
373,0.02499982,-0.06055277,0.7797707
374,0.0235081,-0.06110755,0.7873082
375,0.03704714,-0.01620828,0.734432
376,0.03548504,-0.02043962,0.7351442
377,0.03441813,-0.02379945,0.7379878
378,0.03312565,-0.03392726,0.7444062
379,0.03238365,-0.03864598,0.7447526
380,0.02953722,-0.04479889,0.7468463
381,0.02514353,-0.05224707,0.7541533
382,0.02170546,-0.0550095,0.7642782
383,0.01743525,-0.05656923,0.7807001
384,0.01608331,-0.05701429,0.7887971
385,0.02725269,-0.01325335,0.7414936
386,0.02617581,-0.0150846,0.7417617
387,0.02400829,-0.01736182,0.7425498
388,0.01872463,-0.02961335,0.7516056
389,0.01609701,-0.03225097,0.7533873
390,0.01002684,-0.03644637,0.7596455
391,0.00334857,-0.03886069,0.7706834
392,-0.003022507,-0.03882625,0.7842574
393,0.03511595,0.00686173,0.7343901
394,0.03950572,0.007907677,0.7325817
395,0.04357848,0.007519256,0.7316833
396,0.01916378,-0.005627883,0.741302
397,0.01620789,-0.01269705,0.7458486
398,0.01652657,-0.01719997,0.7497537
399,0.01906626,-0.0203637,0.7476575
400,0.02182579,-0.0224818,0.7456743
401,0.02558081,-0.02507458,0.7441146
402,0.03369688,-0.02858624,0.7417777
403,0.03756338,-0.02943878,0.7415006
404,0.04167023,-0.02984557,0.7416388
405,0.03353576,-0.06127717,0.7698435
406,0.02656573,-0.0594601,0.7708903
407,0.01938497,-0.05598246,0.7720026
408,0.005611967,-0.04543637,0.7760862
409,-0.0002991818,-0.03936321,0.777189
410,-0.005660858,-0.0324719,0.7778955
411,-0.01302174,-0.01744011,0.7764506
412,-0.01398483,0.009120589,0.7665924
413,-0.007858235,0.0323253,0.7573959
414,-0.003784861,0.03879992,0.7552793
415,0.0002420843,0.04560322,0.7555284
416,-0.008949131,-0.0315445,0.7850232
417,-0.01695994,-0.01499053,0.7844454
418,-0.0195312,0.003395591,0.7785888
419,-0.01925804,0.01202206,0.7751157
420,-0.01334564,0.03578202,0.7635268
421,0.01318218,-0.015794,0.7495736
422,0.01071454,-0.01577138,0.751004
423,0.007473506,-0.01547283,0.7516824
424,0.0005551018,-0.01421265,0.7566409
425,-0.008634578,-0.01109013,0.7664907
426,-0.01474488,-0.009010363,0.7733666
427,-0.01948975,-0.005781224,0.7825464
428,-0.02405327,-0.001059473,0.7941081
429,-0.02559879,-0.0008492544,0.8069161
430,0.01601475,-0.01545338,0.7479041
431,0.01806171,-0.01466572,0.7470449
432,0.01944483,-0.0139355,0.7467117
433,0.02013715,-0.01352221,0.7468566
434,0.02054577,-0.01330032,0.7471053
435,-0.01226848,0.04587532,0.7647005
436,0.002786357,0.06122571,0.7575283
437,-0.007918987,0.05461825,0.7651893
438,-0.002770264,0.06109865,0.7631682
439,0.00186028,0.0628177,0.7584376
440,0.005306955,0.06570525,0.7554535
441,0.004527189,0.06380448,0.7557684
442,0.004247062,0.06621105,0.755444
443,0.04962888,0.1100308,0.7387733
444,0.04330177,0.1248641,0.7431745
445,0.04337451,0.1387505,0.7518275
446,0.04800079,0.05371132,0.7348108
447,0.03841622,0.04782788,0.741236
448,0.03462566,0.04418286,0.7429111
449,0.02025804,0.03484839,0.7457159
450,0.00547811,0.03087045,0.7486386
451,-0.001585368,0.03096603,0.7524253
452,-0.01759931,0.04033849,0.7703809
453,-0.01940234,0.04645523,0.7749833
454,0.004761279,0.09039085,0.7508267
455,-0.0265142,0.008667339,0.8001193
456,-0.0269631,0.04145488,0.7942719
457,-0.02869097,0.0403026,0.8055241
458,-0.008732039,0.04177527,0.7598147
459,-0.01971357,0.0521847,0.777821
460,-0.01789279,0.09788204,0.7870144
461,-0.02690449,0.04965167,0.7952185
462,-0.01959329,0.1036335,0.7960905
463,-0.01163096,0.06908684,0.770794
464,0.01008329,0.04318737,0.7514451
465,0.01193384,0.04774471,0.7521683
466,0.01404224,0.05318421,0.7513458
467,0.01595165,0.0578207,0.7508416
468,0.03028112,0.02184135,0.7334872
469,0.004779533,0.06485243,0.7561708
470,0.00420282,0.06469715,0.7559638
471,0.001488362,0.06428957,0.7585961
472,-0.003058363,0.06347068,0.7634077
473,-0.008374799,0.06167045,0.768042
474,-0.01400287,0.05952576,0.7727599
475,-0.01930393,0.05825447,0.7792426
476,-0.02633314,0.05815422,0.7951839
477,-0.02819636,0.05819123,0.8045009
478,-0.0292166,0.05795308,0.8146987
479,0.02574773,0.02621998,0.743319
480,0.02623283,0.03777885,0.7451594
481,0.02683161,0.04178659,0.7468236
482,0.0263932,0.04592431,0.7492883
483,0.02994487,0.005704015,0.7362627
484,0.03433468,0.001083986,0.7324055
485,0.03454091,-0.004135063,0.7315851
486,0.02992339,0.0176448,0.7366692
487,0.02898216,0.02221026,0.7370199
488,0.04277112,0.0558168,0.7416608
489,0.04189915,0.05092441,0.7389194
490,0.04064415,0.0413096,0.7326703
491,0.03668993,0.03320268,0.7315102
492,0.03632053,0.03066009,0.7292265
493,0.03625601,0.02826504,0.726662
494,0.03564358,0.02468699,0.7256165
495,0.03581399,0.02226661,0.7257348
496,0.05578774,0.09442129,0.7370295
497,0.04778136,0.09572569,0.7365273
498,0.04041816,0.09718212,0.7365438
499,0.03268742,0.09875707,0.7378991
500,0.0254613,0.1000343,0.7415873
501,0.01862168,0.100595,0.7451583
502,0.01175066,0.1003634,0.7485518
503,0.003599554,0.09789018,0.7541062
504,-0.003800176,0.09540304,0.7627872
505,-0.009254552,0.09265194,0.7695925
506,-0.01355501,0.08776086,0.7755653
507,-0.01989464,0.07387716,0.7856566
508,0.02885358,0.01957916,0.7373995
509,0.00916506,-0.05163429,0.7900892
510,0.01041486,-0.05133578,0.7820058
511,0.01246677,-0.05108238,0.7740408
512,0.01493159,-0.05012742,0.7664026
513,0.01935254,-0.04830263,0.7562423
514,0.02424626,-0.04189132,0.749445
515,0.02714662,-0.03704537,0.7468191
516,0.02870309,-0.03245725,0.7457838
517,0.02949236,-0.02708326,0.7426391
518,0.03103995,-0.02190888,0.7384504
519,0.0324877,-0.01861041,0.7363244
520,0.03345294,-0.01508432,0.7361958
521,0.0342014,-0.01232856,0.737832
522,0.03334687,-0.01183815,0.7374997
523,0.03215541,-0.007551312,0.7341403
524,0.03201958,0.01559142,0.7383921
525,0.03858808,0.01798346,0.7308275
526,-0.02627925,0.01682921,0.793475
527,-0.02789428,0.01707566,0.8029264
528,-0.0001435578,-0.04459392,0.8002426
529,0.03010348,-0.06537085,0.7928824
530,0.02233164,-0.06232038,0.7941255
531,0.03866545,-0.06689364,0.7926219
532,0.01488603,-0.05783865,0.7958233
533,0.007432293,-0.05168919,0.7979853
534,0.01975086,-0.02666495,0.7487509
535,-0.01935995,0.08534141,0.7870275
536,-0.02184234,0.08876303,0.7937796
537,-0.02455309,0.09218296,0.8031872
538,0.005147964,0.06702481,0.7540563
539,0.002890535,0.06801924,0.7553936
540,-0.001003448,0.06959742,0.7580974
541,-0.005278882,0.07067091,0.7623317
542,-0.009667791,0.07290038,0.767039
543,-0.01386974,0.07657205,0.7739199
544,-0.01696447,0.08190054,0.7812133
545,-0.02248916,0.06571156,0.7876831
546,-0.02503109,0.06691753,0.7945901
547,-0.02739932,0.06789097,0.8027738
548,-0.02829707,0.0684507,0.8125186
549,0.004179854,0.0654396,0.7560185
550,0.00165889,0.06551884,0.758222
551,-0.002660964,0.06555396,0.7623987
552,-0.007708855,0.06508647,0.7674384
553,-0.01349989,0.06437156,0.7733007
554,-0.01854542,0.06425396,0.7800461
555,0.07720193,-0.04216805,0.7643631
556,0.08177626,-0.04586572,0.776166
557,0.08742014,-0.04028379,0.7773649
558,0.08161671,-0.03771634,0.7654954
559,0.04797987,-0.05696591,0.7528931
560,0.04808395,-0.06092069,0.7632562
561,0.05477799,-0.06061201,0.7649456
562,0.05394316,-0.0568058,0.7546474
563,0.07310474,-0.03704181,0.7576841
564,0.07670225,-0.03337373,0.7587747
565,0.09090089,-0.04130335,0.7842377
566,0.09343502,-0.04098217,0.7916345
567,0.1038516,-0.02604449,0.7921306
568,0.1006694,-0.0276758,0.7836105
569,0.04854152,-0.0481687,0.7455667
570,0.05349639,-0.04816266,0.7467766
571,0.06027986,-0.05546378,0.7568072
572,0.06171413,-0.0586865,0.7671067
573,0.06891458,-0.05502654,0.7700964
574,0.06636944,-0.05255456,0.7596583
575,0.07102136,-0.0340452,0.756084
576,0.07439496,-0.03091755,0.7570403
577,0.08811451,-0.02805607,0.7641224
578,0.09596968,-0.02798038,0.775626
579,0.09815962,-0.0203794,0.7726457
580,0.08970582,-0.02181543,0.7612952
581,0.108017,-0.01761739,0.7901127
582,0.103791,-0.01969669,0.7803819
583,0.04882564,-0.03969365,0.7440112
584,0.05307623,-0.04058178,0.7450134
585,0.05839337,-0.04770794,0.7492276
586,0.06369891,-0.04565226,0.7525926
587,0.07233934,-0.04767407,0.7623627
588,0.06862538,-0.04123488,0.7554079
589,0.08183344,-0.02632201,0.7578821
590,0.08697177,0.001203704,0.7479921
591,0.07949859,-0.003206464,0.7453458
592,0.08283445,-0.01624961,0.7517517
593,0.09000921,-0.01484681,0.7575358
594,0.1062322,-0.02393438,0.802274
595,0.1069822,-0.02258859,0.8128831
596,0.1116824,-0.01366197,0.8142102
597,0.1117448,-0.01365292,0.8016845
598,0.05728736,-0.04121462,0.7468699
599,0.06230667,-0.04052143,0.7497306
600,0.08326019,-0.02173421,0.7554014
601,0.07200405,-0.02493284,0.7515557
602,0.06947699,-0.02661554,0.7497513
603,0.07078797,-0.03108617,0.7531792
604,0.07334642,-0.02839888,0.7545788
605,0.07895851,-0.02480591,0.7569057
606,0.07994813,-0.02123242,0.7544312
607,0.04937427,-0.03072302,0.7422317
608,0.04937042,-0.03500304,0.7443523
609,0.05346464,-0.03579959,0.7451492
610,0.05366069,-0.03114115,0.7427137
611,0.0797728,-0.01661603,0.751102
612,0.1168463,0.003381945,0.8003857
613,0.1215176,0.02712267,0.8005477
614,0.1197108,0.02914867,0.7896104
615,0.1149836,0.001420744,0.7911622
616,0.05770385,-0.03096789,0.7437598
617,0.05737138,-0.03645589,0.7464578
618,0.06171913,-0.03573001,0.7486845
619,0.06189885,-0.0302167,0.7455423
620,0.06640829,-0.03384533,0.751305
621,0.06597596,-0.02885924,0.747692
622,0.06618334,-0.01888317,0.7448684
623,0.06810794,-0.02137814,0.7462994
624,0.06976511,-0.02088951,0.7490003
625,0.06849304,-0.01874535,0.7474844
626,0.07677406,-0.02345391,0.7552704
627,0.07407174,-0.02178667,0.7529594
628,0.07717115,-0.004752691,0.7449014
629,0.08194696,0.009247176,0.74524
630,0.07663101,0.003642563,0.7442145
631,0.04940622,-0.0247977,0.7354931
632,0.04933117,-0.0269054,0.7392977
633,0.05361481,-0.02684963,0.7395219
634,0.05344809,-0.02390244,0.7359416
635,0.07744194,-0.0207816,0.7527403
636,0.07457328,-0.02000167,0.7506924
637,0.07503523,0.001545878,0.7432282
638,0.07269084,0.01030685,0.7441806
639,0.07639313,0.01625021,0.7445358
640,0.07818849,0.03880306,0.752116
641,0.07770655,0.03421491,0.7497652
642,0.08378106,0.03126637,0.7510952
643,0.08368967,0.03685831,0.7533405
644,0.05707606,-0.02266901,0.7370914
645,0.05791705,-0.02619186,0.7401521
646,0.06133837,-0.02494667,0.7413418
647,0.06012001,-0.02137811,0.7388259
648,0.06471139,-0.02305564,0.7433715
649,0.06328636,-0.01986668,0.7415416
650,0.06520779,-0.01665966,0.7440642
651,0.06760955,-0.01690078,0.7464787
652,0.07248922,-0.02013472,0.7509164
653,0.07108974,-0.01872678,0.7499324
654,0.07458229,-0.01693827,0.7485214
655,0.0770698,-0.01695288,0.74958
656,0.0748041,-0.00700256,0.7441959
657,0.07243915,-0.009548785,0.7436427
658,0.07173727,0.007486109,0.742861
659,0.04916925,-0.01863082,0.7342423
660,0.05269966,-0.01841946,0.7348754
661,0.06444386,-0.01556928,0.7440163
662,0.06710812,-0.01595654,0.7465395
663,0.07272311,-0.01890379,0.7497711
664,0.07143468,-0.01799029,0.7493699
665,0.07072164,-0.005308089,0.7414613
666,0.0731912,-0.001658058,0.7422251
667,0.06986542,0.003757393,0.7412768
668,0.06763356,0.02770536,0.7424692
669,0.06903366,0.03779243,0.745819
670,0.06591713,0.04152113,0.7440556
671,0.06495673,0.03242212,0.7391142
672,0.08345665,0.04125632,0.7541284
673,0.07910436,0.04254632,0.7532819
674,0.1068578,0.03068965,0.7649075
675,0.1030122,0.03783967,0.7632475
676,0.0990871,0.03604686,0.7597759
677,0.1019355,0.02867307,0.7599779
678,0.0491854,-0.01460716,0.7352365
679,0.05253322,-0.01436246,0.7363008
680,0.05595353,-0.01814731,0.736095
681,0.05930782,-0.01762656,0.7383677
682,0.06209797,-0.0171583,0.7408866
683,0.07006896,-0.01750149,0.7495707
684,0.07258806,-0.01693381,0.7481378
685,0.07036712,-0.0119406,0.7433974
686,0.06847579,-0.01397257,0.7438154
687,0.07120825,-0.01702167,0.748275
688,0.06936798,0.0413041,0.747787
689,0.07029645,0.0451141,0.750796
690,0.06739224,0.04900186,0.750291
691,0.0663555,0.04538533,0.7467979
692,0.08350246,0.04666017,0.7535236
693,0.07996081,0.04746309,0.7531543
694,0.08811781,0.04038669,0.7553598
695,0.08706436,0.04601528,0.7543642
696,0.09890874,0.04260729,0.7614921
697,0.09579854,0.04091691,0.7590622
698,0.05558778,-0.01435615,0.7378659
699,0.05837018,-0.01469087,0.7396548
700,0.0612503,-0.01521907,0.7414364
701,0.07011741,-0.01712207,0.7494689
702,0.07075624,-0.0174952,0.7494653
703,0.06844289,-0.008961065,0.7408415
704,0.06644145,-0.01183352,0.7411385
705,0.07178544,0.04742262,0.7527673
706,0.07382974,0.04144229,0.7512798
707,0.075165,0.04440718,0.7529639
708,0.07033793,-0.0172899,0.7496377
709,0.07036378,-0.01709538,0.7487015
710,0.06765883,-0.01507326,0.7446131
711,0.06052688,0.04928453,0.7396512
712,0.06035655,0.03959325,0.7333666
713,0.06256548,0.03638519,0.7361171
714,0.06307757,0.04574013,0.7421544
715,0.07660824,0.04869874,0.7532286
716,0.07377906,0.05056384,0.7533894
717,0.1136055,0.04246481,0.7768519
718,0.1088439,0.04670107,0.7723265
719,0.1078168,0.04334434,0.77009
720,0.1126578,0.03804293,0.774083
721,0.0699678,-0.01705674,0.7492724
722,0.06666248,-0.01619811,0.7460689
723,0.06536682,-0.01338445,0.7414631
724,0.05833505,0.05658085,0.7398804
725,0.05587982,0.05780327,0.7381225
726,0.05554014,0.05300272,0.7351081
727,0.05838419,0.05152714,0.7370536
728,0.07989927,0.06125426,0.752138
729,0.08028573,0.05193586,0.7531539
730,0.08319011,0.05143265,0.7531885
731,0.08302061,0.06151313,0.7516081
732,0.08612598,0.05081719,0.7537487
733,0.08644076,0.06116535,0.7517975
734,0.1042041,0.05049627,0.7677319
735,0.1029824,0.04761792,0.7663379
736,0.1090689,0.05632323,0.7701895
737,0.1094396,0.05336951,0.7724292
738,0.1144752,0.05169983,0.7787116
739,0.1137066,0.05645513,0.7760834
740,0.06381279,-0.01553411,0.7434964
741,0.06856234,0.01832385,0.7432966
742,0.06744432,0.02279711,0.7397828
743,0.06717365,0.02212392,0.73768
744,0.06789606,0.01931131,0.7408602
745,0.06660394,0.01852735,0.7347935
746,0.06700216,0.02118531,0.7354922
747,0.06540278,0.02347116,0.7319336
748,0.06523409,0.02024546,0.7309109
749,0.09272036,0.05875356,0.7540842
750,0.09168234,0.05083647,0.7556725
751,0.09383271,0.05132264,0.7568426
752,0.09443812,0.05810167,0.7551238
753,0.1003316,0.05295212,0.7626815
754,0.0991976,0.05160475,0.761654
755,0.1070677,0.06120515,0.7637633
756,0.108242,0.05885786,0.7671627
757,0.1127128,0.0603381,0.7721469
758,0.1116067,0.06383728,0.7676734
759,0.06282604,-0.003035577,0.7351899
760,0.05922472,-0.001181221,0.7335304
761,0.05792647,-0.006305468,0.7328697
762,0.06092799,-0.007508943,0.7344966
763,0.06766804,0.01490539,0.7415443
764,0.06733653,0.01295187,0.7436173
765,0.0606817,0.03091208,0.7270024
766,0.05800103,0.03304318,0.7242376
767,0.05755026,0.02936235,0.7214326
768,0.06058133,0.02761678,0.7245398
769,0.05513022,0.04383878,0.728886
770,0.0580442,0.0419483,0.7309151
771,0.06076779,0.06032578,0.7443801
772,0.06379925,0.05403013,0.7486762
773,0.06451254,0.06155597,0.7491918
774,0.06347031,0.06749552,0.7437534
775,0.07738061,0.05271693,0.7533755
776,0.07728587,0.06089492,0.7528856
777,0.07480469,0.05990636,0.7537334
778,0.07502135,0.05429629,0.7539183
779,0.1030107,0.06005346,0.7599524
780,0.1041913,0.05843183,0.7626739
781,0.1102257,0.06716296,0.7632942
782,0.1047159,0.06358128,0.7596208
783,0.06512534,0.01205065,0.7408558
784,0.06333354,0.01272311,0.7395139
785,0.06157964,0.01144119,0.7383801
786,0.06536612,0.009072892,0.741804
787,0.0639154,0.01403577,0.736579
788,0.06417757,0.01518321,0.7346851
789,0.06270944,0.01693767,0.7310629
790,0.05714465,0.0245914,0.7200847
791,0.06033267,0.02339604,0.7233343
792,0.06067085,0.07036815,0.7403979
793,0.05881863,0.06207803,0.7416358
794,0.1012032,0.06126469,0.7573954
795,0.05212845,0.001012459,0.7312643
796,0.05580718,0.0004215688,0.7322454
797,0.05537695,0.006424898,0.7333549
798,0.05138753,0.006773947,0.7320757
799,0.05599738,0.02090736,0.7201639
800,0.05911306,0.02045772,0.7231129
801,0.05463256,0.03461962,0.7222927
802,0.05394771,0.03046554,0.7195525
803,0.072365,0.07366056,0.7417646
804,0.06935115,0.07945605,0.7387949
805,0.09807777,0.05945209,0.7557554
806,0.09966855,0.0587177,0.7577057
807,0.1016692,0.06591465,0.7555419
808,0.09864861,0.06278972,0.7545692
809,0.05353507,-0.008341361,0.7325221
810,0.05188806,-0.01393537,0.7356096
811,0.05463333,-0.01391318,0.7371974
812,0.05614405,-0.008976677,0.7339669
813,0.05247299,-0.004390349,0.7308167
814,0.05526111,-0.00527722,0.7317342
815,0.05701137,0.01838606,0.7231463
816,0.05439826,0.01662554,0.7244235
817,0.05353379,0.02530253,0.7181386
818,0.05838056,0.07127713,0.7390809
819,0.05686453,0.06348352,0.7402132
820,0.07191975,0.06770065,0.7478141
821,0.09595151,0.06042185,0.753907
822,0.05284598,0.02130865,0.7185292
823,0.06354914,0.08039236,0.7379567
824,0.07563157,0.06855607,0.7475014
825,0.07696223,0.07460045,0.7422434
826,0.07314066,0.06381171,0.7515236
827,0.0760682,0.065281,0.7503766
828,0.1059295,0.07074277,0.7567835
829,0.05046187,-0.008489423,0.731288
830,0.05260877,0.01377295,0.7300352
831,0.05360451,0.01456723,0.729939
832,0.05334364,0.01552178,0.7266669
833,0.05224042,0.01498999,0.7263242
834,0.05316014,0.01617791,0.7235343
835,0.05458381,0.01805476,0.72143
836,0.05175787,0.01808283,0.7199559
837,0.05089445,0.01575682,0.7225745
838,0.0758449,0.08107864,0.7396091
839,0.08217188,0.07520866,0.7436395
840,0.0800315,0.06955194,0.7473677
841,0.07402955,0.0623754,0.7523031
842,0.07692057,0.06337797,0.7513294
843,0.07219648,0.05807905,0.755327
844,0.07171521,0.05679259,0.7546805
845,0.07310364,0.05604307,0.7547601
846,0.07298431,0.05891137,0.7546865
847,0.09756391,0.06844637,0.7520066
848,0.1007631,0.07364012,0.751847
849,0.09608233,0.07699817,0.748623
850,0.09222218,0.07032946,0.7491573
851,0.05091194,0.01086247,0.7310706
852,0.05030234,0.01332647,0.7293649
853,0.048673,-0.01377513,0.7344372
854,0.05475193,0.01096879,0.732299
855,0.05559337,0.01316829,0.7326599
856,0.05868506,0.01176965,0.7357561
857,0.05023437,0.01450349,0.7257073
858,0.08196456,0.08248578,0.7414798
859,0.08004403,0.0664086,0.7493056
860,0.06751898,0.05881541,0.7531621
861,0.07000693,0.05827161,0.7539204
862,0.09561111,0.05872702,0.754855
863,0.09389292,0.05938859,0.7535322
864,0.09489718,0.06450845,0.7518349
865,0.09240311,0.06190178,0.7517028
866,0.0891643,0.0764007,0.7453032
867,0.08578125,0.07027952,0.7476878
868,0.08439057,0.06668544,0.7490548
869,0.08015055,0.06385811,0.7504206
870,0.07447421,0.06084656,0.7528467
871,0.07706669,0.06202718,0.7518094
872,0.08943054,0.06600363,0.7496966
873,0.0878925,0.06316762,0.7501239
874,0.08358461,0.06395676,0.7498347
875,0.07999134,0.06261756,0.7509887
876,0.08983909,0.05996624,0.752691
877,0.090506,0.06086101,0.7517703
878,0.1128892,0.1138131,0.7772044
879,0.105643,0.1206192,0.7691163
880,0.1027651,0.1113341,0.7613328
881,0.1102233,0.1055059,0.7700447
882,0.0832728,0.06268992,0.7504385
883,0.08686884,0.06220108,0.7506427
884,0.09792393,0.1260169,0.7632509
885,0.09517187,0.1152841,0.7548263
886,0.09045483,0.1301216,0.7587228
887,0.08057794,0.1202183,0.7467655
888,0.08781291,0.1177444,0.7501033
889,0.08305594,0.1333172,0.7555763
890,0.07542332,0.1355514,0.7531913
891,0.06750208,0.1369575,0.7513675
892,0.06595515,0.1228181,0.7429886
893,0.07338363,0.1215979,0.7443482
894,0.07172085,0.1072233,0.7405524
895,0.07093874,0.09310398,0.7377227
896,0.07831661,0.09294894,0.7395153
897,0.07873443,0.1061001,0.7422516
898,0.08494446,0.09282343,0.743351
899,0.08565685,0.1051124,0.7448926
900,0.09239146,0.1038497,0.7491639
901,0.09143326,0.0922102,0.747304
902,0.09775998,0.09081963,0.7512079
903,0.09964863,0.1010596,0.7548348
904,0.1049407,0.08697607,0.7571944
905,0.1076967,0.09623865,0.762875
906,0.1138255,0.09182922,0.7712759
907,0.1113291,0.08322037,0.7663559
908,0.1157406,0.07955657,0.7738894
909,0.1180754,0.08597226,0.7786478
910,0.06717309,-0.03731659,0.7536206
911,0.06590034,0.01617397,0.7345942
912,0.06443743,0.0181078,0.7306083
913,0.06589635,0.01437323,0.7379462
914,0.06335311,0.04980034,0.7452652
915,0.06279547,0.02830201,0.7301949
916,0.0626394,0.02582271,0.7276087
917,0.06538796,0.02529613,0.7339233
918,0.06265235,0.022137,0.7266252
919,0.06203381,0.0197785,0.7267477
920,0.06067297,0.01834496,0.727407
921,0.09207293,0.02281256,0.7523664
922,0.08482322,0.02580047,0.7494799
923,0.09030667,0.02907276,0.7531692
924,0.08929956,0.03557944,0.7547962
925,0.08916149,0.05061895,0.7545884
926,0.09344359,0.04667946,0.7571505
927,0.09056149,0.04600342,0.7556475
928,0.09216745,0.04036509,0.7570613
929,0.1056533,-0.01063943,0.7763756
930,0.09972192,-0.01191809,0.7685667
931,0.109918,-0.008665774,0.7857544
932,0.111486,-0.0002390901,0.7817375
933,0.1067195,-0.001946099,0.7724642
934,0.1167583,0.0333489,0.7808583
935,0.1143596,0.02773207,0.776204
936,0.1008915,-0.003502252,0.7642425
937,0.08446496,-0.04701553,0.7828358
938,0.09869695,0.02154529,0.7568926
939,0.1100822,0.02398807,0.7691023
940,0.1046311,0.0216247,0.7624336
941,0.0782225,0.02962779,0.7480401
942,0.0649381,0.02748611,0.7358975
943,0.06270131,0.03093571,0.7324275
944,0.05484547,0.03794969,0.724798
945,0.05799273,0.03620112,0.726713
946,0.09588286,0.04792822,0.7587544
947,0.1015244,0.04511847,0.7642267
948,0.0979221,0.04977719,0.7604197
949,0.1059613,0.04041461,0.7670353
950,0.09648159,0.02820996,0.7560923
951,0.1170499,0.06324229,0.7792243
952,0.1149985,0.06812844,0.7735135
953,0.1125293,0.07242445,0.767697
954,0.1081486,0.07613799,0.7602053
955,0.1023903,0.07961534,0.7535235
956,0.09632973,0.08212637,0.7489603
957,0.08950575,0.08282282,0.7450902
958,0.06466264,0.1082041,0.739335
959,0.06374098,0.09352642,0.7371458
960,0.06826963,-0.001255427,0.7395623
961,0.06596988,-0.006024401,0.737628
962,0.06050564,0.03395148,0.7293044
963,0.06271462,-0.01145728,0.7382193
964,0.06407692,-0.009641695,0.7376648
965,0.0597439,-0.01003226,0.7355973
966,0.06050056,-0.01492353,0.7408906
967,0.05776266,-0.01409805,0.7389064
968,0.06699807,0.05471869,0.7530394
969,0.0693622,0.05129713,0.7525604
970,0.07148758,0.05345729,0.7537527
971,0.06981529,0.05556313,0.7544132
972,0.06045592,0.05418836,0.7423938
973,0.07291353,0.03751523,0.7487229
974,0.07286213,0.03362799,0.747016
975,0.07172152,0.05820327,0.7544461
976,0.1219929,0.02559933,0.8119556
977,0.1236345,0.03404872,0.8119389
978,0.1229288,0.03503873,0.8015828
979,0.0711513,0.02246707,0.7448544
980,0.05967974,0.008704204,0.7367073
981,0.05523571,0.01620788,0.728057
982,0.05810685,0.01617006,0.7315848
983,0.09812029,0.05431905,0.7598265
984,0.09697671,0.0533361,0.7588904
985,0.09710646,0.05796056,0.7565681
986,0.09551239,0.05218833,0.7578226
987,0.09607497,0.05734956,0.7566594
988,0.118259,0.1062494,0.7851645
989,0.1159754,0.09937052,0.7775533
990,0.09818348,0.05724704,0.7582246
991,0.1004147,0.05752354,0.7596267
992,0.09720784,0.05670256,0.7582392
993,0.04817602,-0.06285309,0.7707865
994,0.04790609,-0.06431376,0.7798198
995,0.05522906,-0.06218286,0.7728426
996,0.06270852,-0.05996402,0.7749596
997,0.0701683,-0.05637386,0.7779362
998,0.06331517,-0.06091945,0.7836424
999,0.07098579,-0.05695301,0.7859066
1000,0.06405817,0.002607939,0.7377301
1001,0.05532412,-0.06343643,0.7816976
1002,0.09447268,0.0353668,0.7569319
1003,0.09469534,-0.03962768,0.8003661
1004,0.1133025,-0.006172442,0.7948178
1005,0.1105686,0.03404622,0.7700222
1006,0.1049275,0.05466265,0.7670559
1007,0.1047107,0.05656192,0.7651601
1008,0.1010305,0.05535211,0.7625633
1009,0.1008906,0.05656132,0.7613475
1010,0.09873235,0.05574485,0.7602201
1011,0.09882693,0.05641542,0.7597193
1012,0.09772702,0.0561863,0.7595237
1013,0.1149891,-0.004535952,0.8073303
1014,0.1178539,0.0388582,0.783693
1015,0.1009351,0.05425113,0.7629286
1016,0.09858651,0.05506806,0.7601008
1017,0.1048161,0.05270014,0.7681187
1018,0.1093044,0.05006433,0.7731041
1019,0.1140976,0.04698769,0.7782081
1020,0.05933855,0.004605319,0.7355301
1021,0.06760275,0.01877216,0.7383377
1022,0.0672427,0.01612918,0.7387562
1023,0.1210252,0.03655837,0.791976
1024,0.1174008,0.003354749,0.80983
1025,0.114328,-0.004830033,0.8175914
1026,0.1206016,0.09200428,0.7849919
1027,0.122776,0.09845093,0.7930744
1028,0.1234994,0.03299677,0.8231402
1029,0.1217102,0.02393606,0.8237532
1030,0.1166269,0.003748866,0.8212131
1031,0.09544397,-0.03858689,0.8100886
1032,0.04759848,-0.06548487,0.7871816
1033,0.05550155,-0.06410784,0.7892947
1034,0.06334248,-0.06146188,0.7917127
1035,0.07094434,-0.05741998,0.7938841
1036,0.06320468,-0.06241494,0.7986259
1037,0.07137625,-0.05768408,0.801699
1038,0.05528113,-0.06540469,0.7960513
1039,0.04727985,-0.06696825,0.7938606
1040,0.07947576,-0.05202143,0.7960945
1041,0.07882352,-0.05216608,0.7879919
1042,0.08810414,-0.0456408,0.8077085
1043,0.07996377,-0.05203925,0.804873
1044,0.07560758,-0.05065762,0.7737777
1045,0.07770756,-0.05203428,0.7808819
1046,0.08617976,-0.0469327,0.7900099
1047,0.08738513,-0.04619759,0.7982914
1048,0.1186346,0.07403824,0.7805103
1049,0.1181021,0.05741204,0.7834028
1050,0.1212275,0.07870901,0.7859439
1051,0.1204577,0.06776176,0.7865785
1052,0.1215323,0.05963863,0.7915058
1053,0.1237663,0.06153307,0.7980011
1054,0.1230981,0.07090467,0.7928657
1055,0.1241468,0.08359806,0.7928748
1056,0.1257323,0.07396992,0.8000852
1057,0.1260096,0.06337718,0.8057204
1058,0.1262768,0.08904713,0.8023088
1059,0.1282642,0.07690968,0.8097012
1060,0.1279293,0.06469072,0.8159177
1061,0.1250395,0.04303534,0.8110059
1062,0.1240057,0.04334414,0.8015859
1063,0.1219991,0.04376931,0.7930927
1064,0.1251185,0.04261953,0.8212528
1065,0.1264638,0.05304611,0.8190979
1066,0.1263013,0.05259626,0.8093166
1067,0.1188433,0.05062719,0.7858689
1068,0.1184867,0.04479422,0.7850979
1069,0.1223302,0.0513283,0.793739
1070,0.1244854,0.0520516,0.8008958
1071,0.09801668,0.05567822,0.7601987
1072,0.04553729,-0.01359259,0.7339753
1073,-0.02552036,0.01063177,0.7935837
1074,0.1151163,-0.002471489,0.8007367
1075,0.03084782,0.06428289,0.7519947
1076,0.0320801,0.0655501,0.7512185
1077,0.03381424,0.06636753,0.751061
1078,0.03681492,0.06860702,0.7481506
1079,0.03752415,0.07746214,0.7400023
1080,0.04203352,0.078043,0.7385911
1081,0.04641936,0.07775103,0.737866
1082,0.05406012,0.07713493,0.7373326
1083,0.06145988,0.07576977,0.7384636
1084,0.06540132,0.07500792,0.7397821
1085,0.06892859,0.07292699,0.7417929
1086,0.06772047,0.06468852,0.7494851
1087,0.07001014,0.06178262,0.7527056
1088,0.07165066,0.06091656,0.7530902
1089,0.07266644,0.05958229,0.7538534
1090,0.08292978,0.05341145,0.7541152
1091,0.08011845,0.05400383,0.7541247
1092,0.08584827,0.05255039,0.7543681
1093,0.09324849,0.0524441,0.7570323
1094,0.09125059,0.05231609,0.7560313
1095,0.07527068,0.05514644,0.7549183
1096,0.07762749,0.05437903,0.7543907
1097,0.0732823,0.05659734,0.7553372
1098,0.07234851,0.0572542,0.7554904
1099,0.08878751,0.05231947,0.75506
1100,0.09497775,0.05302317,0.7579576
1101,0.09655619,0.05385858,0.7590953
1102,0.09757397,0.05474441,0.7599424
1103,0.02240836,0.0600113,0.7516419
1104,0.01954968,0.06000703,0.7514157
1105,0.01654515,0.05972963,0.7514376
1106,0.01108756,0.06059642,0.7526731
1107,0.009086166,0.06113429,0.7534709
1108,0.02491003,0.0598282,0.7521113
1109,0.0273429,0.06010379,0.7528352
1110,0.03062887,0.0616419,0.7536605
1111,0.02956846,0.06114315,0.7534215
1112,0.01356971,0.06011891,0.7519132
1113,0.007436212,0.06201501,0.7542505
1114,0.00597395,0.06310546,0.7552234
1115,0.00509825,0.0641746,0.7559402
1116,0.004867084,0.06523898,0.756108
1117,0.09802026,0.0553282,0.7602361
1118,0.03472986,0.01665074,0.7342263
1119,0.06126068,0.01417655,0.7352197
1120,0.02094527,-0.01300869,0.7477214
1121,0.02096727,-0.01380752,0.7475954
1122,0.02412009,-0.01250964,0.7466626
1123,0.0248582,-0.01398488,0.7458359
1124,0.0273463,-0.01253474,0.7443659
1125,0.02761978,-0.01379979,0.7438494
1126,0.03968516,-0.0121769,0.7395273
1127,0.03985038,-0.01389108,0.7385619
1128,0.03721184,-0.01352015,0.7395375
1129,0.03711363,-0.01193268,0.7404281
1130,0.04279217,-0.01276949,0.7389611
1131,0.04308126,-0.01446024,0.7378428
1132,0.0453862,-0.01318104,0.7389438
1133,0.04574182,-0.01484534,0.7377593
1134,0.03105152,-0.01354385,0.742099
1135,0.03045216,-0.01215005,0.7429636
1136,0.0336302,-0.01196158,0.7418683
1137,0.03429101,-0.01324136,0.7409934
1138,0.02063706,-0.01320528,0.7472327
1139,0.06983113,-0.01770431,0.7501091
1140,0.0664842,-0.01758508,0.747892
1141,0.06678056,-0.01595109,0.7488648
1142,0.0698852,-0.0168604,0.7501771
1143,0.06366661,-0.01690557,0.7460303
1144,0.06395363,-0.01557641,0.7465922
1145,0.05119861,-0.01339895,0.7403784
1146,0.05418193,-0.01360231,0.7416943
1147,0.054254,-0.01528711,0.740836
1148,0.05163107,-0.01517682,0.7395176
1149,0.04840302,-0.01510222,0.7383615
1150,0.04806661,-0.01336047,0.7394309
1151,0.06033112,-0.01618829,0.7438914
1152,0.05726305,-0.01544891,0.7425967
1153,0.05735367,-0.01420049,0.7433109
1154,0.06018765,-0.01481645,0.7444501
1155,0.07023695,-0.01720672,0.7497286
1156,0.0827635,-0.001589036,0.7462765
1157,0.07910071,0.0059819,0.7443754
1158,0.07452634,0.01315198,0.744164
1159,0.06985888,0.0197557,0.7444948
1160,0.06728847,0.02509159,0.7413123
1161,0.06473367,0.02983708,0.7377799
1162,0.06248632,0.03363582,0.73436
1163,0.06035602,0.03687523,0.731445
1164,0.05796759,0.03930902,0.7289615
1165,0.05500574,0.04113008,0.7271056
1166,0.05105202,0.04232582,0.7262894
1167,0.046827,0.04185444,0.7268186
1168,0.04337319,0.0406169,0.7284238
1169,0.04029277,0.03864794,0.7307215
1170,0.03724542,0.03582007,0.7335116
1171,0.03391711,0.03241801,0.7367865
1172,0.03019862,0.02817091,0.7400955
1173,0.0265145,0.02333851,0.7430659
1174,0.0208509,0.01770511,0.7423658
1175,0.01526324,0.01132876,0.7421513
1176,0.0104285,0.004637342,0.7438781
1177,0.004861832,-0.008851187,0.7506658
1178,0.004182477,-0.01492709,0.7538722
1179,0.004683595,-0.02057773,0.756026
1180,0.00942396,-0.02988685,0.7570579
1181,0.01292328,-0.03464548,0.7562693
1182,0.01676632,-0.0401393,0.7548701
1183,0.02147259,-0.04581691,0.7526978
1184,0.02706204,-0.04923623,0.7503083
1185,0.03294376,-0.05104935,0.7486997
1186,0.03830554,-0.05189105,0.7479171
1187,0.04331393,-0.05243735,0.747876
1188,0.04833932,-0.05294074,0.7488114
1189,0.05365768,-0.05307639,0.7503927
1190,0.05948306,-0.05233437,0.7528466
1191,0.06525771,-0.04985768,0.7559682
1192,0.07067133,-0.04496359,0.7588457
1193,0.07528023,-0.03994387,0.7607774
1194,0.07913606,-0.03564317,0.76165
1195,0.08490011,-0.02740114,0.7605732
1196,0.08626564,-0.0218538,0.7581012
1197,0.08659014,-0.01579105,0.754212
1198,0.09287657,0.006024765,0.7517494
1199,0.08453996,0.01379165,0.7466981
1200,0.07775483,0.02022547,0.7455189
1201,0.07212646,0.02582799,0.7450801
1202,0.06811767,0.03074295,0.743206
1203,0.0651826,0.03541563,0.7403858
1204,0.06268252,0.03934534,0.7377874
1205,0.06045817,0.04245647,0.7352343
1206,0.05822002,0.04493598,0.7328682
1207,0.05534673,0.04667919,0.7308901
1208,0.05142988,0.04774775,0.7300691
1209,0.001920477,0.0140354,0.7481844
1210,0.01142054,0.01999039,0.7439153
1211,0.01908761,0.02522609,0.7433233
1212,0.02547816,0.02978867,0.7434087
1213,0.03036175,0.03388131,0.7419485
1214,0.03435364,0.03795177,0.739414
1215,0.03785745,0.04138961,0.736955
1216,0.04096551,0.0441477,0.7345369
1217,0.04387958,0.04620533,0.7323421
1218,0.04728837,0.0473808,0.7305889
1219,-0.001616985,0.003554782,0.7531268
1220,-0.0029779,-0.005107676,0.7573882
1221,-0.003524531,-0.01293441,0.7608117
1222,-0.002914354,-0.02010143,0.7634305
1223,0.002983581,-0.03190186,0.7650631
1224,0.00720071,-0.03781836,0.7641384
1225,0.01177303,-0.04363526,0.7625956
1226,0.01731434,-0.04931591,0.7604062
1227,0.02346596,-0.05369061,0.7583871
1228,0.03007118,-0.05668385,0.757077
1229,0.03643781,-0.05814894,0.7562965
1230,0.04212217,-0.05878664,0.756394
1231,0.04779432,-0.05919079,0.7571286
1232,0.05420966,-0.05889256,0.7588773
1233,0.06103143,-0.05714756,0.7611148
1234,0.06759039,-0.05388962,0.7639588
1235,0.07382809,-0.04927529,0.7669231
1236,0.07915835,-0.04428247,0.7690765
1237,0.08411293,-0.0390377,0.7703702
1238,0.09171122,-0.02831355,0.7689611
1239,0.09349273,-0.02141616,0.7659594
1240,0.09423475,-0.01372081,0.7618336
1241,0.09428144,-0.005205279,0.7565041
1242,0.1065978,0.01415247,0.7657127
1243,0.1121302,0.01627518,0.7744156
1244,0.1198532,0.01691668,0.8227718
1245,0.1202595,0.0180008,0.8111899
1246,0.1173817,0.02025313,0.7853532
1247,0.119711,0.01882694,0.7991625
1248,0.1005542,0.01337349,0.7581287
1249,-0.01699916,0.02855569,0.7684338
1250,-0.0112532,0.02522676,0.7603625
1251,-0.02649483,0.03288539,0.7928039
1252,-0.02258125,0.03363313,0.7791314
1253,-0.02836029,0.03234242,0.8047629
1254,-0.02918419,0.03144863,0.8162662
1255,-0.004874956,0.02311655,0.75335
1256,0.09335321,0.0152541,0.7517154
1257,0.002959967,0.023421,0.7478588
1258,0.07829405,0.02478153,0.7465564
1259,0.07264949,0.02950276,0.745654
1260,0.08544657,0.01987378,0.7479423
1261,0.06551689,0.03837761,0.74164
1262,0.06854086,0.03410672,0.7439322
1263,0.06292138,0.04207795,0.7394727
1264,0.06059331,0.0455236,0.7372324
1265,0.05837502,0.04800858,0.7350509
1266,0.05544207,0.0498621,0.7330749
1267,0.05162497,0.05057222,0.7321545
1268,0.02570786,0.03357378,0.7438657
1269,0.01936293,0.02993767,0.7442507
1270,0.03061589,0.0373114,0.7425796
1271,0.0115679,0.02636961,0.7449839
1272,0.04124519,0.04718117,0.736522
1273,0.03804152,0.0441637,0.7386017
1274,0.04417227,0.0492848,0.7345087
1275,0.04763447,0.05056583,0.7327839
1276,0.03456828,0.04094818,0.7405978
1277,-0.01314749,0.0181565,0.763632
1278,-0.01832195,0.02070651,0.7722973
1279,-0.007318113,0.01576328,0.7553126
1280,0.0102841,-0.004280153,0.7454916
1281,0.006951902,-0.002346139,0.7467632
1282,0.002973877,0.0003559776,0.7493052
1283,0.1124523,0.008314947,0.7784382
1284,0.1075276,0.00696397,0.7689177
1285,0.1158055,0.009970168,0.7885388
1286,0.1016151,0.005884932,0.7603238
1287,0.07859154,-0.01084607,0.7474856
1288,0.08138739,-0.009931687,0.7482209
1289,0.08536197,-0.00923477,0.7493032
1290,0.08951485,-0.007402359,0.7521228
1291,0.1182161,0.01060086,0.8219873
1292,0.1186701,0.01089758,0.8107463
1293,0.1180492,0.01070556,0.7996489
1294,-0.02268905,0.02316788,0.7821571
1295,-0.02625268,0.02444085,0.7930601
1296,-0.02800924,0.02484686,0.8041202
1297,-0.02869326,0.02477617,0.8154216
1298,0.01301846,-0.006077613,0.7449578
1299,0.07374569,-0.01362798,0.7458476
1300,0.07601961,-0.01223214,0.7464122
1301,0.07019893,-0.01557236,0.7461258
1302,0.07173754,-0.01457498,0.7458526
1303,0.01933195,-0.01071609,0.743433
1304,0.02073248,-0.01180311,0.7437147
1305,0.01743557,-0.009580197,0.7434
1306,0.01530178,-0.007924812,0.7440359
1307,-0.01818593,-0.01971885,0.8049015
1308,-0.01612901,-0.02141723,0.7945936
1309,-0.01346392,-0.02359961,0.785347
1310,-0.01020045,-0.02508103,0.7778139
1311,-0.005549114,-0.02584101,0.7710435
1312,-0.0007588193,-0.02627138,0.7649829
1313,0.002923898,-0.02615308,0.7605243
1314,0.006596208,-0.02537606,0.7571256
1315,0.01019768,-0.02408447,0.7545255
1316,0.01296829,-0.02255239,0.7533006
1317,0.014967,-0.02093162,0.7515044
1318,0.01719965,-0.01855699,0.7491881
1319,0.01964498,-0.01627538,0.747362
1320,0.02115323,-0.01488597,0.7462853
1321,0.02262521,-0.01339448,0.7457238
1322,0.02296887,-0.01269523,0.7461761
1323,0.02264852,-0.01403776,0.747296
1324,0.02214839,-0.01276449,0.7476186
1325,0.02214946,-0.01303249,0.7455377
1326,0.02158116,-0.0126251,0.7444425
1327,0.1016533,-0.03082524,0.8118359
1328,0.1007647,-0.03214468,0.8018457
1329,0.0991112,-0.03390068,0.7926268
1330,0.09664315,-0.03482339,0.7847227
1331,0.09264799,-0.03456163,0.7773508
1332,0.08868821,-0.03407253,0.7706246
1333,0.08542217,-0.03312514,0.7656788
1334,0.08234642,-0.03179438,0.7617679
1335,0.07945637,-0.02993959,0.7587545
1336,0.07690051,-0.02799159,0.7575103
1337,0.07537315,-0.02601812,0.7555981
1338,0.07362775,-0.02314451,0.752845
1339,0.0715024,-0.02060055,0.7507171
1340,0.06999898,-0.01886486,0.7493905
1341,0.06894271,-0.01720849,0.7484418
1342,0.06848397,-0.0163829,0.7486948
1343,0.06849579,-0.01779659,0.7495974
1344,0.06865974,-0.01648088,0.7499768
1345,0.06865346,-0.01668154,0.7478544
1346,0.06925826,-0.01631204,0.7468364
