0,0.03217128,-0.06014162,0.7881361
1,0.03241484,-0.05825275,0.7812294
2,0.03285335,-0.05345771,0.7649831
3,0.03322461,-0.04863181,0.7548819
4,0.03392467,-0.03884117,0.7483031
5,0.03446991,-0.03021215,0.7476169
6,0.03460275,-0.02568026,0.7482502
7,0.03460874,-0.01737802,0.7442045
8,0.0344395,-0.01506054,0.7407044
9,0.03453229,-0.00877358,0.7399402
10,0.03439585,-0.004842073,0.7408102
11,0.03708225,0.06784704,0.7496301
12,0.03615877,0.05478016,0.7393185
13,0.03553687,0.04606218,0.7319437
14,0.03438597,0.02072844,0.7398925
15,0.03403552,0.01095966,0.7391601
16,0.03786641,0.08151384,0.7517709
17,0.03468838,0.03255155,0.7272785
18,0.03492568,0.03677377,0.7271502
19,0.03379476,0.005629722,0.7373114
20,0.03435819,0.02467747,0.7342544
21,0.03448305,0.02904187,0.7285988
22,0.03359058,0.001664929,0.7371728
23,0.03440639,0.0230603,0.7381323
24,0.03741969,0.07333335,0.7518402
25,0.03578155,0.04953704,0.7349197
26,0.03523413,0.04160292,0.7288838
27,0.03845832,0.09095958,0.7514879
28,0.04006583,0.1181492,0.7549334
29,0.04188296,0.1458627,0.7689633
30,0.04096382,0.1325226,0.7598894
31,0.03437002,0.02640008,0.7311097
32,0.03430035,0.01676895,0.7400513
33,0.03457475,-0.02127892,0.7467598
34,0.03263244,-0.05603225,0.7721903
35,0.036774,0.06336675,0.7463084
36,-0.03946041,0.03755493,0.8316529
37,-0.03728762,0.0166713,0.8269817
38,-0.01287964,-0.03532158,0.799075
39,-0.00467417,-0.04166391,0.7884826
40,-0.005957164,-0.0419784,0.7968649
41,-0.0143496,-0.03537641,0.8088366
42,0.00465657,-0.03624595,0.7633013
43,-6.368756E-05,-0.03956955,0.7741924
44,-0.01906903,-0.02790653,0.8010966
45,0.01024009,-0.02992347,0.7568243
46,-0.003483504,-0.02570794,0.7668827
47,-0.0105843,-0.02797672,0.7777754
48,-0.02065151,-0.02752773,0.811352
49,0.002760541,-0.02174157,0.7606672
50,-0.01733334,-0.01474815,0.7770603
51,-0.008981854,-0.01517669,0.7666052
52,-0.02892626,-0.01095406,0.8036944
53,-0.005090397,0.01501515,0.7555667
54,0.001332942,0.009272512,0.7524957
55,-0.002538715,-0.003621582,0.7570551
56,-0.009549495,-0.001154045,0.762364
57,-0.0303897,-0.01029666,0.8151031
58,0.01254908,-0.02608715,0.7548877
59,-0.00200665,-0.01378006,0.7610402
60,0.01399568,-0.02241687,0.7528185
61,0.005211534,-0.01922942,0.7587134
62,0.01666928,-0.01106428,0.7461578
63,0.006758427,-0.01657149,0.7564352
64,-0.03554772,0.04475975,0.7980258
65,-0.03596502,0.007956564,0.8222228
66,0.01109442,-0.009146462,0.7521222
67,0.003383871,-0.01169793,0.7585572
68,0.0009661317,-0.0128307,0.7599834
69,0.0005250946,-0.004788068,0.7560504
70,0.01788489,-0.007963087,0.745104
71,0.007748747,-0.008590642,0.7550327
72,0.002871763,-0.005350614,0.7546182
73,0.00796598,0.05091664,0.7623009
74,0.007906698,0.04636096,0.7596266
75,0.0190861,-0.005483662,0.7451702
76,0.01251194,-0.007094001,0.7512521
77,0.007185629,-0.005598995,0.7530233
78,0.005555212,0.004539002,0.7505219
79,0.003621383,0.006982185,0.751843
80,0.0196804,-0.003912105,0.7462185
81,0.01338736,-0.005378818,0.7507948
82,0.009141713,-0.007291068,0.7542787
83,0.009378964,-0.0004572142,0.7490075
84,0.007817281,0.01007758,0.7491066
85,0.01683039,0.0487292,0.7562664
86,0.01655874,0.03862628,0.7523288
87,-0.01130197,0.04297845,0.7647812
88,-0.01691065,0.05297334,0.7727807
89,0.01369728,-0.004639375,0.7511864
90,0.01011362,-0.006216323,0.7541075
91,0.008597171,-0.005669106,0.7531299
92,0.009552879,0.006440893,0.7477075
93,0.01435487,0.02949464,0.7524002
94,0.0165737,0.05608549,0.7616714
95,0.01698255,0.05225693,0.7584382
96,0.007426802,0.05473958,0.7637731
97,0.01011908,-0.005743069,0.7542182
98,0.009472365,-0.005772832,0.7535675
99,0.0111508,-0.002387423,0.7490731
100,-0.009382773,0.05533081,0.7691564
101,-0.01224464,0.05731421,0.7716383
102,-0.02958231,0.07347754,0.7945371
103,0.009915564,-0.005788501,0.7541123
104,0.01216159,-0.003751737,0.7496567
105,0.01147347,0.002557702,0.7467791
106,0.02979788,0.0616742,0.7487257
107,0.02873307,0.05257965,0.7418779
108,0.02311851,0.04715084,0.7466708
109,0.02006744,0.05948111,0.7615263
110,0.0206023,0.05587547,0.7578076
111,0.01155462,0.0560061,0.7636548
112,0.007264856,0.059813,0.7640694
113,0.007588888,0.06438605,0.7644545
114,-0.02724287,0.05810914,0.7866305
115,-0.02174897,0.06199705,0.7825719
116,0.01312324,-0.005012193,0.7510168
117,0.01592942,0.002005377,0.7435413
118,0.016321,0.03374909,0.7470767
119,0.0305924,0.06647917,0.7519506
120,0.03328118,0.06747626,0.7503392
121,0.009411117,0.07426137,0.7641941
122,-0.006162316,0.06093361,0.7677873
123,-0.003796972,0.06500708,0.7667251
124,-0.02052422,0.07217607,0.7812979
125,-0.02464779,0.08467259,0.7860746
126,-0.03589565,0.05216589,0.8011176
127,-0.03944599,0.0487201,0.8207642
128,-0.03702483,0.07880016,0.8169692
129,-0.03578684,0.05951776,0.8028191
130,0.01714037,-9.912625E-05,0.7438426
131,0.02229247,0.01979241,0.7447039
132,0.01511616,0.0307541,0.7500133
133,0.01643123,0.03302247,0.7447851
134,0.01869828,0.03694248,0.7435486
135,0.02130542,0.06513213,0.7647815
136,0.01072339,0.06051724,0.7642772
137,-0.003670003,0.07371745,0.7657809
138,-0.01609395,0.07223885,0.7763239
139,-0.01807887,0.07774667,0.7755536
140,-0.02203464,0.08051158,0.7796715
141,-0.03901929,0.0795577,0.8272145
142,-0.0348938,0.07724296,0.8093339
143,0.01910277,-0.003842408,0.746224
144,0.02530385,0.01153939,0.7394479
145,0.01488393,0.02628712,0.7503402
146,0.01688837,0.02809693,0.7434219
147,0.0185247,0.03537252,0.7413845
148,0.02457006,0.04243364,0.7370176
149,0.02763985,0.04441942,0.7344995
150,0.03205802,0.0542355,0.7400325
151,0.0245146,0.0641012,0.7604053
152,0.02870109,0.07007846,0.7566177
153,0.01199502,0.07333945,0.764894
154,-0.0295435,0.09490179,0.799144
155,0.02480853,0.005867401,0.7383161
156,0.01696191,0.02335651,0.7493694
157,0.01847089,0.02554687,0.745289
158,0.0184615,0.02688262,0.7434635
159,0.01827959,0.03231183,0.7400566
160,0.01878452,0.0301394,0.7396056
161,0.0270865,0.07829308,0.7565563
162,0.03039733,0.08087645,0.7534792
163,-0.02019021,0.08414041,0.7759615
164,-0.01549084,0.08034135,0.7717893
165,0.02622772,0.002340211,0.7387612
166,0.02892591,0.01159085,0.7385965
167,0.03135744,0.02106983,0.7393661
168,0.02036301,0.02870995,0.7399542
169,0.02388954,0.03533449,0.7327905
170,0.02731765,0.03629773,0.7296492
171,0.02791029,0.0325499,0.7294218
172,0.02472102,0.03233532,0.7322726
173,0.03131602,0.04564163,0.7327107
174,-0.01214135,0.07208252,0.7725673
175,-0.01401882,0.07649911,0.7716139
176,-0.02149332,0.0890851,0.781249
177,-0.02688927,0.1078495,0.7993945
178,-0.02527104,0.1022201,0.7928956
179,0.02716735,-0.003403597,0.7412844
180,0.02654345,0.02996249,0.7321242
181,0.0288485,0.02944737,0.7304235
182,0.03054517,0.02565911,0.7349332
183,0.0328828,0.08147693,0.7524522
184,0.02479358,0.07179345,0.7615281
185,0.01316752,0.06583489,0.7654456
186,0.01380136,0.06190557,0.7646223
187,0.01431627,0.07178898,0.7656987
188,-0.007196486,0.07251813,0.7680851
189,-0.009521578,0.0796569,0.7670509
190,0.0284264,-0.003793003,0.7416238
191,0.02790116,0.006356014,0.7376081
192,0.03104159,0.0366394,0.727808
193,0.03113678,0.0326272,0.727848
194,0.01433255,0.08264471,0.760361
195,0.01408561,0.08894126,0.7556075
196,0.0185369,0.06640971,0.7661359
197,0.01685589,0.0679218,0.7664497
198,-0.008706242,0.0681125,0.7699447
199,-0.009147376,0.07577915,0.7674183
200,-0.01027649,0.09061756,0.765426
201,-0.007994339,0.08528703,0.7648929
202,0.02932397,0.00203312,0.7378705
203,0.02695584,0.0238748,0.7411364
204,0.03004602,0.02424676,0.7385811
205,0.02917759,0.02521566,0.738479
206,0.03165594,0.02914137,0.7290381
207,0.03247654,0.02494371,0.7343791
208,0.01638581,0.09521426,0.7535688
209,0.01335557,0.07919651,0.7629853
210,0.01661903,0.06931146,0.7671667
211,-0.005455352,0.07321989,0.7666989
212,-0.007056274,0.07671425,0.7658471
213,-0.004566859,0.09844232,0.7638081
214,-0.02806871,0.1138095,0.8076047
215,0.03033581,-0.003688253,0.7404183
216,0.03223041,0.02352868,0.7379189
217,0.008534344,0.0902705,0.7568523
218,0.009993082,0.09778478,0.7555305
219,0.009981271,0.08444332,0.7602998
220,0.01869582,0.06937139,0.7656723
221,-0.005635343,0.0812624,0.7645966
222,-0.005174734,0.09369165,0.7625467
223,-0.002412152,0.08677551,0.7621377
224,0.002312753,0.09875654,0.759653
225,0.03168529,-0.004500475,0.7408041
226,0.004116854,0.08587223,0.7605825
227,0.001669064,0.09232955,0.7588293
228,0.009414596,0.08110785,0.7620984
229,0.01236331,0.07679006,0.7635807
230,0.01227184,0.07493132,0.7639091
231,-0.01435312,0.1207109,0.7860719
232,-0.01557627,0.1286153,0.7933694
233,0.005076492,0.08216627,0.7619286
234,-0.003326144,0.07802945,0.7638553
235,-1.382828E-05,0.08228207,0.7625417
236,0.009130605,0.07803614,0.7627771
237,0.009410268,0.0761376,0.7631667
238,-0.000617113,0.07458688,0.7645711
239,-0.005851384,0.1259614,0.7777649
240,0.005725458,0.07884471,0.7622773
241,0.006342977,0.07511538,0.7636809
242,0.006102739,0.07684653,0.7626705
243,0.001340654,0.07875554,0.7624508
244,0.002913844,0.07530632,0.7638172
245,-0.007098015,0.1347752,0.7858593
246,0.001601174,0.1393089,0.7804816
247,0.009927783,0.1425012,0.7762819
248,0.01824243,0.1325013,0.7639591
249,0.01047064,0.1308961,0.7670459
250,0.01782607,0.1447196,0.7735342
251,0.02515846,0.1190816,0.7568493
252,0.01774648,0.1191309,0.7585089
253,0.010419,0.1190552,0.7611132
254,0.00331388,0.1183903,0.7653697
255,-0.004479099,0.1162356,0.7708774
256,-0.01334173,0.1120357,0.7785105
257,0.03102385,0.07188863,0.754073
258,0.03317472,0.07318334,0.7529288
259,0.0153524,0.05851142,0.7637578
260,0.02432809,0.05994775,0.7566614
261,0.01996543,0.04322819,0.7494104
262,0.01653743,0.02043027,0.7499219
263,0.01751877,0.008673731,0.7416933
264,0.01900625,0.004096668,0.7406756
265,-0.001315501,0.06443553,0.7656784
266,-0.00341887,0.05987751,0.7663189
267,-0.005806305,0.05433136,0.7671661
268,-0.0085565,0.04971707,0.7664609
269,-0.005041286,0.04304455,0.7622122
270,0.02335465,0.002077689,0.7398508
271,0.02443976,-0.003075768,0.7426996
272,0.02553884,-0.003289386,0.7428645
273,-0.02522244,0.004069446,0.7798218
274,-0.01938095,0.002268877,0.7723513
275,-0.03332167,0.008304281,0.7985671
276,-0.03392032,0.01638557,0.7960819
277,-0.01972339,0.01139933,0.7694931
278,-0.01564097,0.0625441,0.7767895
279,-0.0101974,0.0644508,0.7711725
280,-0.0398164,0.04689771,0.83182
281,0.0025222,0.129161,0.7715487
282,0.03341004,0.1328242,0.7604721
283,0.01937949,0.038773,0.7457346
284,0.0251203,0.0452087,0.739608
285,0.02806176,0.04727459,0.7371933
286,0.03151732,0.04873211,0.7354933
287,-0.008434057,0.07179607,0.7695184
288,-0.008424103,0.06242488,0.7694228
289,-0.01452717,0.05998306,0.7745067
290,-0.01961746,0.05570698,0.776765
291,-0.02685009,0.05373255,0.7834467
292,0.02425836,0.03944005,0.7343234
293,0.02760448,0.04098217,0.7314016
294,0.03140122,0.04168385,0.7296453
295,0.0338761,0.1461739,0.7698995
296,0.0150161,0.02381601,0.7521884
297,0.01606737,0.03412807,0.7492435
298,0.021199,0.06935045,0.7650664
299,0.006655384,0.02836889,0.7532931
300,0.009429248,0.02212152,0.7520756
301,0.01030815,0.01914739,0.7506899
302,0.001621988,0.04429034,0.7605821
303,0.002357777,0.04975672,0.7632522
304,0.00296114,0.05409896,0.7644472
305,0.003646385,0.05956792,0.7643338
306,0.02358509,0.02272816,0.7441264
307,0.01171016,0.01553344,0.748795
308,0.01265186,0.01071823,0.7463637
309,0.01423799,0.005771056,0.744007
310,0.01337192,-0.0003891625,0.7466087
311,0.01444555,-0.002090801,0.7467946
312,0.01599085,-0.004447315,0.7486576
313,0.01650976,-0.004243135,0.7486397
314,0.01835491,0.06199594,0.7639462
315,0.01654678,0.06446453,0.7652644
316,0.01596834,0.07033464,0.7665884
317,0.02957382,0.02627888,0.7353418
318,0.02756677,0.02165105,0.7405314
319,0.02278863,0.03012721,0.7363583
320,0.02050619,0.02252131,0.746805
321,0.03206861,0.0265411,0.7313836
322,0.02991223,0.02719107,0.7323028
323,0.02875914,0.02773222,0.7332089
324,0.02784101,0.0271845,0.7367516
325,-0.006629996,0.07432359,0.766427
326,-0.004904892,0.07494644,0.7652576
327,-0.001329377,0.07607675,0.7637146
328,0.002468064,0.07693568,0.7628053
329,0.01709048,0.06949954,0.7663267
330,0.01534274,0.06724812,0.7664487
331,0.01057909,0.06465711,0.764759
332,0.004659006,0.06435747,0.7644334
333,-0.005878851,0.06574441,0.7678603
334,-0.01214897,0.07795618,0.7694914
335,-0.02224953,0.1214105,0.8006104
336,-0.0211288,0.1149887,0.7929595
337,-0.02015359,0.1079605,0.786371
338,-0.01677569,0.09274288,0.7746416
339,-0.01557464,0.08775836,0.7700135
340,-0.01215067,0.08288626,0.768105
341,-0.008086707,0.07340882,0.7679485
342,-0.01073806,0.07492106,0.7692592
343,-0.007410392,0.06682863,0.7688515
344,0.02921569,0.09161507,0.7519518
345,0.02284692,0.0921681,0.7526311
346,0.01853255,0.08712326,0.7552235
347,0.01801123,0.08085074,0.7606375
348,0.01614156,0.07684904,0.7638799
349,0.01518728,0.07496948,0.7644404
350,0.01471178,0.07303452,0.7648937
351,0.006316032,0.01320819,0.7506024
352,0.004724221,0.0157975,0.7515621
353,0.0006305017,0.02218471,0.7534195
354,-2.188981E-05,0.03903282,0.7584844
355,0.03183502,-0.008428441,0.7395982
356,0.03118403,-0.01455279,0.7402025
357,0.03124899,-0.01704453,0.7438993
358,0.03061398,-0.02558355,0.7481992
359,0.03071576,-0.03014374,0.7476336
360,0.02945107,-0.03859825,0.7484784
361,0.02788828,-0.04817795,0.7550322
362,0.02629017,-0.0529404,0.7651042
363,0.02457344,-0.05747415,0.7814925
364,0.02397466,-0.05922063,0.7887487
365,0.02849109,-0.00765159,0.7397229
366,0.02748851,-0.01304677,0.7402144
367,0.02730149,-0.01633268,0.7436213
368,0.02670133,-0.0256413,0.7485756
369,0.0264384,-0.03037764,0.7480837
370,0.02454213,-0.03786202,0.7491457
371,0.0219753,-0.04725386,0.7562308
372,0.01965217,-0.05173761,0.7662169
373,0.01731976,-0.0556048,0.782903
374,0.01622096,-0.05690072,0.7904255
375,0.02542751,-0.006928805,0.7406278
376,0.02418603,-0.01129286,0.74099
377,0.02355352,-0.01503636,0.7436153
378,0.02293194,-0.02566317,0.7493266
379,0.02225109,-0.03041298,0.7493447
380,0.01954254,-0.03686598,0.7510808
381,0.01574981,-0.0451929,0.7579347
382,0.0129608,-0.04894191,0.7679916
383,0.00965968,-0.05201678,0.7845084
384,0.008739356,-0.05325916,0.7926155
385,0.0161034,-0.005057278,0.7483855
386,0.01512341,-0.006940904,0.748451
387,0.01310649,-0.009429124,0.749021
388,0.008749418,-0.02278115,0.7571099
389,0.006337712,-0.02570685,0.7590787
390,0.0005205274,-0.03064269,0.7653874
391,-0.005649485,-0.0341962,0.7764505
392,-0.01122255,-0.03562768,0.7904083
393,0.02219908,0.01581115,0.7429942
394,0.02638903,0.01719067,0.7410669
395,0.03040034,0.0170492,0.7399485
396,0.007448809,0.001935068,0.7495088
397,0.005158914,-0.005526251,0.7534652
398,0.005966056,-0.01023714,0.7567562
399,0.008519039,-0.01309281,0.754069
400,0.01132957,-0.01501856,0.7516746
401,0.01518651,-0.01729815,0.7497861
402,0.02320714,-0.02017425,0.7471895
403,0.02693068,-0.02084425,0.7467953
404,0.03087354,-0.02105449,0.7466902
405,0.02532237,-0.05503453,0.7725723
406,0.01836774,-0.053665,0.7740319
407,0.0111101,-0.05063578,0.7757281
408,-0.002792392,-0.04105783,0.7813303
409,-0.008860148,-0.03538655,0.7831721
410,-0.01434761,-0.02879301,0.7846105
411,-0.02226471,-0.0140701,0.7846053
412,-0.02482794,0.01317955,0.7773808
413,-0.02041274,0.03722759,0.7701488
414,-0.01678275,0.0439996,0.7684969
415,-0.01311212,0.05089278,0.7692364
416,-0.01724585,-0.02865792,0.7920011
417,-0.02598019,-0.012536,0.7929923
418,-0.02954058,0.006193778,0.7890846
419,-0.02983452,0.01508129,0.7864188
420,-0.02577372,0.0398719,0.7768791
421,0.002639342,-0.008980756,0.75691
422,0.0002143942,-0.009195216,0.7584366
423,-0.002958268,-0.009052526,0.7594455
424,-0.009770591,-0.008484244,0.7647973
425,-0.01870834,-0.006732913,0.7750835
426,-0.02448659,-0.005496458,0.7823986
427,-0.02893437,-0.003284411,0.7921121
428,-0.03319445,0.0001089256,0.8044531
429,-0.03415499,-0.0008888263,0.8174932
430,0.005255854,-0.008352749,0.7552834
431,0.007214338,-0.007409515,0.7543886
432,0.008558325,-0.006585268,0.7540471
433,0.009249648,-0.006151058,0.7541921
434,0.009675574,-0.005930083,0.7544423
435,-0.02515081,0.04979681,0.7790103
436,-0.01122005,0.06639491,0.7725178
437,-0.02119507,0.058647,0.7800959
438,-0.01644899,0.06552718,0.7784015
439,-0.0121616,0.06786434,0.7736092
440,-0.009010769,0.07115906,0.7707177
441,-0.009689204,0.06920336,0.770903
442,-0.01009289,0.07161729,0.7708063
443,0.03247714,0.1187188,0.7556813
444,0.0257969,0.132829,0.7616743
445,0.0257822,0.1459047,0.7714702
446,0.03294265,0.06289139,0.7469476
447,0.02395246,0.05600409,0.7533411
448,0.02042305,0.05204824,0.7548954
449,0.006827012,0.04187883,0.7575764
450,-0.007442866,0.03708433,0.7607238
451,-0.01431242,0.03657177,0.7647614
452,-0.02991163,0.0435744,0.7844133
453,-0.03175934,0.0491555,0.789691
454,-0.01093761,0.09616535,0.7684072
455,-0.03581265,0.009105887,0.8116286
456,-0.03805288,0.04217282,0.8088837
457,-0.03911174,0.04002766,0.8200686
458,-0.02166213,0.04632385,0.7735566
459,-0.03217193,0.0545962,0.7930603
460,-0.03173601,0.09946977,0.8061079
461,-0.03828489,0.05028314,0.810535
462,-0.03315906,0.1043508,0.815703
463,-0.02520585,0.0724385,0.7871484
464,-0.00337318,0.04928878,0.7644857
465,-0.001775768,0.05383977,0.7655297
466,1.389161E-05,0.05942228,0.7650857
467,0.00168439,0.06417727,0.7648938
468,0.01648977,0.03046077,0.7438431
469,-0.009460162,0.07022452,0.7713829
470,-0.01004029,0.0700618,0.7711915
471,-0.01258743,0.06930404,0.7739144
472,-0.01683061,0.06786484,0.7788559
473,-0.02180574,0.0654215,0.7835817
474,-0.02706304,0.06261076,0.7883804
475,-0.03194257,0.06054848,0.7949932
476,-0.03806815,0.05880136,0.8112071
477,-0.03941468,0.0579843,0.8205786
478,-0.0398609,0.0568561,0.8307568
479,0.01245113,0.0337193,0.7541946
480,0.01254834,0.04511567,0.7569779
481,0.01306332,0.04901927,0.7589375
482,0.01256128,0.05292965,0.7617679
483,0.01726684,0.01427385,0.7450269
484,0.02158219,0.01019726,0.7404838
485,0.02199169,0.005097419,0.7391595
486,0.0165012,0.02601215,0.7466817
487,0.01537412,0.03047036,0.7474574
488,0.02800892,0.06416249,0.7542149
489,0.02717618,0.05946516,0.7511179
490,0.02596509,0.05035128,0.7441577
491,0.02229503,0.04220206,0.7425116
492,0.02191825,0.03985824,0.7400315
493,0.02182627,0.03769521,0.7372685
494,0.02131502,0.03420096,0.7359502
495,0.02160871,0.0317965,0.7358453
496,0.03916464,0.1035211,0.7522604
497,0.03109477,0.1045989,0.7523033
498,0.02366918,0.1057574,0.7528339
499,0.01593069,0.1068829,0.7547375
500,0.008840779,0.1075178,0.7589289
501,0.00217925,0.1074445,0.7629008
502,-0.004486274,0.1066011,0.766617
503,-0.01219797,0.1032811,0.7723693
504,-0.01896674,0.09972239,0.7811812
505,-0.02390164,0.09615754,0.7879672
506,-0.02764539,0.09058612,0.7936731
507,-0.03282075,0.07558578,0.8027814
508,0.01539333,0.02782449,0.7476292
509,0.001700692,-0.04832076,0.7946919
510,0.002525713,-0.04725071,0.7865573
511,0.004138827,-0.04621929,0.7784933
512,0.006111044,-0.04456153,0.7708184
513,0.009942967,-0.04169585,0.7606128
514,0.01433104,-0.03445502,0.7541164
515,0.01712228,-0.02925419,0.7517394
516,0.018592,-0.02454068,0.7508893
517,0.01904265,-0.01894735,0.7481848
518,0.02013888,-0.0132783,0.74428
519,0.02120585,-0.00969542,0.742413
520,0.0219406,-0.00609652,0.7426413
521,0.02261394,-0.00350225,0.7445016
522,0.02164153,-0.003065074,0.7443576
523,0.02003867,0.001373871,0.7414689
524,0.01878834,0.02393694,0.7481089
525,0.02487132,0.02725165,0.740387
526,-0.03624269,0.0178124,0.8057423
527,-0.03743509,0.01715238,0.8153462
528,-0.007257484,-0.04265758,0.8059114
529,0.02326144,-0.06134824,0.7953246
530,0.01544916,-0.05875855,0.7971923
531,0.03185305,-0.06243324,0.7945098
532,0.007948097,-0.05474648,0.7996423
533,0.0003803112,-0.04916598,0.8026822
534,0.009649241,-0.01952598,0.7544377
535,-0.03268456,0.08692652,0.8051169
536,-0.0349202,0.08964111,0.812232
537,-0.03724675,0.09212898,0.8220273
538,-0.009306163,0.07258811,0.7694514
539,-0.01152414,0.07338384,0.7710006
540,-0.01533366,0.0745477,0.7740223
541,-0.01941622,0.07504737,0.7785509
542,-0.02362026,0.07665895,0.7836547
543,-0.02757819,0.07953947,0.7910437
544,-0.03048385,0.08410957,0.7989386
545,-0.03495984,0.06714541,0.8042138
546,-0.0371622,0.06765573,0.8113164
547,-0.03911271,0.06783705,0.8196586
548,-0.03949463,0.06754078,0.8294494
549,-0.01009404,0.0707965,0.771313
550,-0.01248894,0.07057671,0.7736459
551,-0.01657165,0.07005073,0.7780237
552,-0.02130996,0.0689145,0.7832559
553,-0.02673224,0.06742956,0.7893203
554,-0.03138673,0.06651273,0.7962793
555,0.06774583,-0.03379177,0.7664002
556,0.07312974,-0.03818206,0.777598
557,0.07863084,-0.03253866,0.7788984
558,0.07207211,-0.02933302,0.7675998
559,0.03861677,-0.04878555,0.755345
560,0.03944629,-0.05359669,0.7653197
561,0.04620321,-0.05311729,0.7666669
562,0.04464493,-0.04849548,0.7567778
563,0.06305091,-0.02837759,0.7603911
564,0.06658638,-0.02469204,0.7615447
565,0.08248051,-0.0338978,0.7855225
566,0.08537781,-0.03405478,0.7928386
567,0.09523648,-0.01885143,0.7939441
568,0.09167053,-0.01994231,0.7854244
569,0.03842362,-0.03937455,0.7487757
570,0.04340849,-0.0392725,0.7497374
571,0.05101449,-0.04706313,0.7586951
572,0.05315584,-0.05106128,0.7686106
573,0.06034021,-0.04735878,0.7715119
574,0.05710593,-0.04415901,0.7614533
575,0.06075838,-0.02535193,0.7591041
576,0.06408396,-0.02218269,0.7601215
577,0.07812397,-0.01935662,0.7666072
578,0.08659533,-0.01985189,0.7776505
579,0.08832055,-0.01191226,0.7752092
580,0.07929715,-0.01281868,0.7642459
581,0.09896124,-0.01008975,0.7924519
582,0.09431854,-0.01158626,0.7827173
583,0.03829809,-0.03080015,0.7478938
584,0.04258667,-0.03160141,0.7486117
585,0.04840094,-0.03882681,0.7519481
586,0.0537868,-0.03686748,0.7551584
587,0.06301073,-0.03927632,0.7642327
588,0.05864105,-0.03252236,0.7580543
589,0.07136451,-0.01737824,0.7609017
590,0.07488354,0.01124209,0.7533867
591,0.06742445,0.006607339,0.7507633
592,0.07160522,-0.006802026,0.7556876
593,0.0791192,-0.005490676,0.7611419
594,0.09803455,-0.01746389,0.8041736
595,0.09927572,-0.01695451,0.8148856
596,0.1036777,-0.007973677,0.8167464
597,0.1030984,-0.006926079,0.8042037
598,0.04687687,-0.03221695,0.7501823
599,0.0519891,-0.03157769,0.7528209
600,0.07242762,-0.01255699,0.7587421
601,0.06106257,-0.01584399,0.7554166
602,0.05848869,-0.01748299,0.753608
603,0.06018293,-0.02214674,0.7565056
604,0.06274168,-0.01949642,0.7579743
605,0.06833526,-0.01592767,0.7602112
606,0.06899842,-0.01213401,0.7580194
607,0.03838437,-0.0216672,0.7468709
608,0.03867272,-0.02611077,0.7485642
609,0.04276793,-0.02680819,0.7491062
610,0.04262315,-0.02196063,0.7471366
611,0.06845528,-0.00727855,0.7551811
612,0.1073935,0.01036568,0.8041686
613,0.1110277,0.03418164,0.806223
614,0.1085441,0.0370111,0.7956017
615,0.1051403,0.009115066,0.7948583
616,0.04664185,-0.02170592,0.7479735
617,0.04670496,-0.0274069,0.7501606
618,0.05109695,-0.02672213,0.7522023
619,0.05085912,-0.02095128,0.7495736
620,0.05582576,-0.02488321,0.7546874
621,0.05493893,-0.01965573,0.7515936
622,0.05461432,-0.00942935,0.7497256
623,0.0567219,-0.01199938,0.7507752
624,0.05850152,-0.0117041,0.7534171
625,0.05704113,-0.009480316,0.7522315
626,0.06596303,-0.0145308,0.7588668
627,0.06306291,-0.01279138,0.7569461
628,0.065076,0.00494553,0.7503452
629,0.06935196,0.01922326,0.7516763
630,0.06422597,0.01340764,0.7504207
631,0.03781838,-0.01508107,0.7405705
632,0.0380391,-0.01758218,0.7442217
633,0.04223322,-0.01737828,0.7442639
634,0.0417604,-0.01407087,0.7409301
635,0.06636642,-0.01163479,0.7565971
636,0.06335802,-0.01079385,0.7548859
637,0.06260636,0.01128559,0.7493814
638,0.0599881,0.01993284,0.7512144
639,0.0634665,0.02599807,0.7519138
640,0.06442524,0.0480734,0.7612766
641,0.06407963,0.0436184,0.7585623
642,0.07031834,0.04083165,0.7592825
643,0.07004162,0.0462844,0.7620207
644,0.04533422,-0.01281135,0.7420276
645,0.04645088,-0.01661644,0.7447385
646,0.04985175,-0.01533853,0.7458652
647,0.04838584,-0.01157694,0.7437434
648,0.05324557,-0.01351089,0.7478839
649,0.05161837,-0.01020061,0.7464545
650,0.05350697,-0.007211621,0.7492207
651,0.05603451,-0.007602505,0.7514835
652,0.0612772,-0.01103535,0.7552369
653,0.05976037,-0.009611616,0.7545336
654,0.06312828,-0.00758578,0.7529939
655,0.06568179,-0.007594202,0.7538492
656,0.06273334,0.002664067,0.7495816
657,0.06043798,8.064415E-05,0.748949
658,0.05904153,0.01715882,0.7497292
659,0.03727797,-0.008863387,0.7398774
660,0.04076757,-0.008572038,0.7404098
661,0.05270602,-0.006177418,0.7493323
662,0.05549834,-0.006704141,0.7516811
663,0.06139893,-0.009687973,0.7542385
664,0.06004075,-0.008803215,0.7540379
665,0.05845136,0.004454255,0.7472568
666,0.0608045,0.008116383,0.7482121
667,0.05723541,0.01351754,0.7479292
668,0.05409336,0.03722304,0.7513188
669,0.05516479,0.04704482,0.7554274
670,0.05182217,0.05075593,0.7541788
671,0.05102891,0.04208481,0.7485266
672,0.06959657,0.05061571,0.7631999
673,0.06516396,0.05176532,0.7627149
674,0.09426989,0.04006315,0.7717257
675,0.0899758,0.04718609,0.7709176
676,0.08586884,0.04555105,0.767483
677,0.08911894,0.03828015,0.7668726
678,0.03717517,-0.004950812,0.7412083
679,0.04051618,-0.00468896,0.7421845
680,0.04401579,-0.008287134,0.7415285
681,0.04742917,-0.007846956,0.7437094
682,0.05030082,-0.007522159,0.7461563
683,0.05867885,-0.008405103,0.7543741
684,0.06109452,-0.007614788,0.7527897
685,0.05844173,-0.002351402,0.7486522
686,0.05664372,-0.004449718,0.7490396
687,0.05971466,-0.007759757,0.7530459
688,0.05541283,0.05041654,0.7576709
689,0.05629816,0.0540245,0.7609474
690,0.05327698,0.05775219,0.7609548
691,0.05222162,0.05439914,0.7572203
692,0.06935785,0.05596921,0.7630303
693,0.06577767,0.05665225,0.7629352
694,0.07436055,0.04982562,0.76408
695,0.07300694,0.05541727,0.7635968
696,0.08552694,0.0518987,0.7698189
697,0.08227909,0.05031826,0.7673801
698,0.04359702,-0.004717422,0.7436341
699,0.04645469,-0.005116508,0.7453041
700,0.04941667,-0.005703099,0.7469417
701,0.0586892,-0.008009583,0.7543381
702,0.05934521,-0.008358382,0.7542494
703,0.05629198,0.000765631,0.7464799
704,0.05438986,-0.002180014,0.7466656
705,0.05773041,0.05626153,0.7630467
706,0.05995566,0.05054615,0.7609158
707,0.06117457,0.05343872,0.7627841
708,0.05892088,-0.008191255,0.7544858
709,0.05889256,-0.007908668,0.7535459
710,0.05589157,-0.005648531,0.7498089
711,0.04589763,0.05861279,0.7507542
712,0.04579262,0.0495206,0.7436666
713,0.04829395,0.04618701,0.7460111
714,0.04872147,0.05499013,0.7528084
715,0.0624029,0.05773133,0.763329
716,0.05958246,0.0594138,0.763844
717,0.1011878,0.05109107,0.784401
718,0.09602176,0.05548581,0.7805301
719,0.09500656,0.05228698,0.7780429
720,0.1002849,0.04686981,0.7812926
721,0.05852449,-0.007943641,0.7541574
722,0.05501457,-0.006932551,0.7512324
723,0.05338319,-0.003776779,0.746936
724,0.04343067,0.06574021,0.7517195
725,0.04082863,0.06701503,0.7501909
726,0.0405146,0.0624912,0.7467983
727,0.04352223,0.06097479,0.7484696
728,0.06499714,0.06937279,0.7632888
729,0.06588829,0.06102923,0.763302
730,0.06879928,0.06064998,0.7630883
731,0.06802318,0.06973945,0.7625913
732,0.07183174,0.06012432,0.763442
733,0.07150356,0.06954337,0.7625403
734,0.09096204,0.05942871,0.7765797
735,0.08977452,0.05663458,0.7749633
736,0.09575877,0.06492097,0.7794651
737,0.09642207,0.06198587,0.7813202
738,0.1017893,0.06009848,0.7870571
739,0.1007088,0.06479472,0.7850085
740,0.05200902,-0.00614347,0.7488697
741,0.05545577,0.02786833,0.7512727
742,0.05395803,0.03256868,0.7482224
743,0.05358728,0.0320811,0.7460894
744,0.05461545,0.02904903,0.7489704
745,0.05300239,0.02872743,0.7429489
746,0.05332606,0.03132979,0.7438443
747,0.05142891,0.03383081,0.7405841
748,0.05134133,0.03070075,0.7392998
749,0.07813996,0.06727105,0.7643372
750,0.07756937,0.06012072,0.7650981
751,0.07977965,0.06053912,0.7662635
752,0.07998516,0.06666575,0.7652842
753,0.08662922,0.06204762,0.7720581
754,0.08546251,0.06079172,0.7709092
755,0.09281978,0.06986462,0.7736456
756,0.09452046,0.06744752,0.7768239
757,0.0992842,0.06879438,0.7815685
758,0.09771155,0.07254908,0.7774894
759,0.050193,0.006997053,0.7416552
760,0.04644366,0.008869007,0.7403432
761,0.04533239,0.003764013,0.739296
762,0.04842998,0.002523246,0.7406949
763,0.05459405,0.02458394,0.7493116
764,0.05446271,0.02240526,0.7512087
765,0.0461238,0.04144289,0.7365614
766,0.04320087,0.04367575,0.7341348
767,0.0427496,0.04023055,0.7310462
768,0.04602439,0.0383671,0.7338274
769,0.04014417,0.05389453,0.7398404
770,0.04324367,0.05197074,0.741552
771,0.04597323,0.06914409,0.7564187
772,0.04948249,0.06264885,0.759979
773,0.04990296,0.0699339,0.7611517
774,0.04831775,0.07628195,0.7563456
775,0.06301468,0.06167392,0.7637849
776,0.06258068,0.06895362,0.7641766
777,0.06027907,0.06795233,0.7650277
778,0.06069941,0.06301072,0.7646246
779,0.08866346,0.06858555,0.7701095
780,0.09015954,0.06707317,0.7726244
781,0.09592798,0.07610882,0.7733967
782,0.09005906,0.0723258,0.7698365
783,0.05214006,0.02169365,0.7485301
784,0.05025105,0.02240141,0.747346
785,0.04849079,0.02113819,0.7461876
786,0.05255981,0.0186535,0.7491713
787,0.05060861,0.02398153,0.7444997
788,0.05071334,0.02529616,0.7426932
789,0.0489633,0.02728038,0.7393017
790,0.04246799,0.03557663,0.7293149
791,0.04588466,0.0342553,0.7322775
792,0.04520388,0.07935324,0.7533572
793,0.04381537,0.07103909,0.7539247
794,0.08656636,0.06956257,0.7675801
795,0.03916618,0.01098935,0.7385669
796,0.04291354,0.01046382,0.7393466
797,0.04225978,0.01631422,0.7409958
798,0.03818968,0.01660292,0.7399277
799,0.04147561,0.03184846,0.7291403
800,0.04477322,0.03129154,0.7318699
801,0.03966329,0.04525673,0.7325108
802,0.03899923,0.04132457,0.7294593
803,0.05661957,0.08274774,0.7546411
804,0.05337018,0.08868024,0.7521343
805,0.08353917,0.06765006,0.7661486
806,0.08533932,0.06713674,0.7679301
807,0.08668318,0.07459304,0.7661151
808,0.08370031,0.07089257,0.7648439
809,0.04104831,0.001593318,0.7389241
810,0.03975484,-0.004244122,0.7416057
811,0.04255102,-0.004273881,0.7430924
812,0.04371616,0.0009148084,0.7402293
813,0.03976154,0.005689304,0.7376038
814,0.04261276,0.004813552,0.7383467
815,0.04275345,0.02912858,0.7318413
816,0.04028564,0.02714453,0.73311
817,0.03871943,0.03628668,0.7276295
818,0.04281984,0.08030985,0.7521646
819,0.04171234,0.07249053,0.7526945
820,0.05676946,0.07597246,0.7603514
821,0.08110294,0.06847124,0.7642999
822,0.03821754,0.03224364,0.7277156
823,0.04753996,0.089615,0.7516029
824,0.06040875,0.07684182,0.7600006
825,0.06125809,0.08377721,0.7550932
826,0.05817438,0.0715037,0.7633901
827,0.06080952,0.07282712,0.7621254
828,0.0910847,0.07992255,0.767439
829,0.03792562,0.001465087,0.7377933
830,0.03893211,0.02376278,0.7385319
831,0.03987971,0.02460185,0.7384638
832,0.03940004,0.02580603,0.7353122
833,0.03829695,0.02525695,0.7349747
834,0.03901474,0.02671947,0.7322528
835,0.0402477,0.02883408,0.7302376
836,0.03734122,0.02886007,0.7289214
837,0.03671093,0.02628076,0.731371
838,0.05983368,0.09037794,0.7527348
839,0.0664593,0.08439462,0.7562847
840,0.06469229,0.07778461,0.7596966
841,0.05917753,0.06998766,0.7638997
842,0.06179146,0.07086439,0.7628571
843,0.05797955,0.06607287,0.7665998
844,0.05748364,0.06501006,0.7658306
845,0.05884118,0.06448577,0.7657488
846,0.05863666,0.06693486,0.7659826
847,0.08224315,0.07708152,0.7629653
848,0.08547895,0.08289758,0.7629941
849,0.08041888,0.08618017,0.7602234
850,0.0766476,0.07881595,0.760657
851,0.03745758,0.02072235,0.7393481
852,0.03662255,0.02327896,0.7379296
853,0.03650437,-0.004105547,0.7405568
854,0.0413384,0.0208829,0.7404158
855,0.04209076,0.02307013,0.740952
856,0.04543088,0.02154966,0.7437619
857,0.03628056,0.02474239,0.7344099
858,0.06588815,0.091754,0.7543595
859,0.06452848,0.07390752,0.7608184
860,0.05324395,0.06688385,0.7647004
861,0.05571771,0.06629089,0.7653109
862,0.08108909,0.06705293,0.7651921
863,0.07915409,0.06758225,0.7639206
864,0.07967836,0.07239271,0.7623873
865,0.07729767,0.069712,0.7623138
866,0.07337223,0.08563446,0.7574975
867,0.07017533,0.07867108,0.7597008
868,0.0688054,0.07423935,0.7603261
869,0.06481324,0.07132514,0.7618032
870,0.05979489,0.06865045,0.7642791
871,0.06213247,0.06974145,0.7632769
872,0.07399748,0.07364663,0.7606648
873,0.0725858,0.07085325,0.7610357
874,0.06816487,0.07146647,0.7610075
875,0.06484295,0.07035822,0.7623481
876,0.07509017,0.06842519,0.7631384
877,0.07552479,0.06897369,0.7623968
878,0.09752551,0.1220445,0.7909356
879,0.08957288,0.1291971,0.7838647
880,0.08661793,0.1203741,0.7754094
881,0.09478371,0.11416,0.7831695
882,0.06801103,0.07051755,0.7615749
883,0.07168932,0.07019668,0.7615241
884,0.0813323,0.1347544,0.7789142
885,0.07852398,0.1245428,0.7696862
886,0.07348503,0.13888,0.7751654
887,0.06335074,0.1295003,0.7628793
888,0.07083518,0.127083,0.7655965
889,0.06579925,0.1419888,0.7726914
890,0.05796168,0.1440658,0.770904
891,0.04990103,0.1452581,0.769618
892,0.0484729,0.1317736,0.7601241
893,0.05600195,0.1307665,0.760981
894,0.05471533,0.1165786,0.7560115
895,0.05434377,0.102579,0.7520171
896,0.06177782,0.1025105,0.7533632
897,0.061823,0.1155837,0.7572142
898,0.06855694,0.1023162,0.7567358
899,0.06888397,0.1146615,0.7593743
900,0.07587902,0.1133384,0.7631356
901,0.07528022,0.1016649,0.7602459
902,0.08185035,0.1002539,0.7636917
903,0.083554,0.1104031,0.7681418
904,0.08952683,0.09627134,0.768967
905,0.09223276,0.1052951,0.7753124
906,0.09901083,0.100481,0.783013
907,0.09662156,0.0920755,0.7774621
908,0.1016037,0.08802137,0.7844978
909,0.1039203,0.09424268,0.7896785
910,0.05690277,-0.02853216,0.7566319
911,0.05238723,0.02636792,0.742594
912,0.05061597,0.02856305,0.7388563
913,0.05265126,0.02429006,0.7457861
914,0.04899189,0.05876109,0.756244
915,0.0485282,0.03866769,0.7394021
916,0.04832926,0.03641198,0.7366199
917,0.05145309,0.03547367,0.7427214
918,0.04844008,0.0328261,0.7353237
919,0.04792342,0.03044117,0.7352769
920,0.04665628,0.02889549,0.7358871
921,0.07912722,0.03263415,0.7593164
922,0.07157952,0.03551124,0.7571408
923,0.07704351,0.03875514,0.760778
924,0.07576439,0.04511449,0.7630333
925,0.07497417,0.05994757,0.7640852
926,0.07957675,0.05604186,0.76612
927,0.07661611,0.05542639,0.7646646
928,0.07852473,0.04981553,0.7655321
929,0.09561343,-0.002083542,0.7794343
930,0.08934119,-0.002997573,0.7718159
931,0.100272,-0.0006991327,0.7887985
932,0.1012545,0.008136068,0.7854444
933,0.09608659,0.007013187,0.7762527
934,0.1049489,0.04178862,0.7874116
935,0.1025564,0.03648802,0.7823759
936,0.08992365,0.005879363,0.768183
937,0.07619894,-0.03971593,0.7840398
938,0.08606583,0.03131014,0.7633235
939,0.0980492,0.03319293,0.7751377
940,0.09231809,0.03117987,0.7685432
941,0.06476332,0.03913938,0.7564221
942,0.0510322,0.03745954,0.7448972
943,0.04845123,0.04109286,0.7418585
944,0.03987719,0.04836722,0.7352809
945,0.04319865,0.04660694,0.7368738
946,0.0821014,0.05722873,0.7677621
947,0.08825144,0.05425702,0.7726761
948,0.08418067,0.05903064,0.7695378
949,0.09307612,0.04953623,0.7747965
950,0.08343744,0.03791331,0.7632627
951,0.103919,0.07141697,0.7885039
952,0.1013612,0.07659055,0.7833201
953,0.09839917,0.08119027,0.7779275
954,0.09343897,0.08528464,0.7708747
955,0.08708992,0.08898409,0.7647237
956,0.08066168,0.09151497,0.7607413
957,0.07359153,0.09215409,0.7574182
958,0.0475807,0.1173987,0.7552726
959,0.04713422,0.1028408,0.7518694
960,0.05576833,0.00862211,0.7458591
961,0.05356032,0.003914354,0.7436631
962,0.04595069,0.04426119,0.7391272
963,0.05049648,-0.001674568,0.7439893
964,0.05177135,0.0002319412,0.7435161
965,0.04737704,-0.0001415526,0.741628
966,0.04857759,-0.005414719,0.7464867
967,0.04573596,-0.004512727,0.744679
968,0.05290627,0.0630499,0.7642003
969,0.05524448,0.05996214,0.7633222
970,0.05729622,0.06203081,0.764595
971,0.05565777,0.06380475,0.765528
972,0.04577819,0.06323342,0.7539158
973,0.05912776,0.04676178,0.7580736
974,0.05921205,0.04297741,0.7560446
975,0.05743863,0.06624424,0.76574
976,0.1121868,0.03174963,0.8174245
977,0.1134696,0.04024779,0.8180692
978,0.1121552,0.04205291,0.8078839
979,0.05796376,0.03194382,0.7530569
980,0.04662324,0.01847554,0.7443736
981,0.04134101,0.0264621,0.7366453
982,0.04441645,0.02626147,0.7400025
983,0.08419397,0.06342482,0.7694886
984,0.08300519,0.0625122,0.7684491
985,0.08288296,0.06649996,0.766868
986,0.08151495,0.06137879,0.7672836
987,0.081769,0.06600887,0.7667395
988,0.1036378,0.114081,0.7979281
989,0.1012002,0.1076777,0.7898288
990,0.084071,0.06592222,0.7684502
991,0.08633304,0.06611583,0.7697213
992,0.08306196,0.06547621,0.7682801
993,0.0400189,-0.05611987,0.7726503
994,0.04029245,-0.05836697,0.7815267
995,0.04713971,-0.0553115,0.7743735
996,0.05462772,-0.05294539,0.7762654
997,0.06206689,-0.04928505,0.7791348
998,0.05573068,-0.05458939,0.7848132
999,0.06333261,-0.05048824,0.7869914
1000,0.05132791,0.01249176,0.7446148
1001,0.04775455,-0.05730429,0.7830827
1002,0.08108462,0.04494188,0.764843
1003,0.08702741,-0.03338767,0.8016051
1004,0.1039883,0.001162659,0.7979192
1005,0.09813961,0.04312081,0.7769611
1006,0.09146022,0.06343236,0.776436
1007,0.09097839,0.0653019,0.7748249
1008,0.08725269,0.06423257,0.7723034
1009,0.08696688,0.06530412,0.7712699
1010,0.08483467,0.06466607,0.7701825
1011,0.08485856,0.06522059,0.7698874
1012,0.08373891,0.06503608,0.7695124
1013,0.1062409,0.001821758,0.8105053
1014,0.105955,0.04709969,0.7906746
1015,0.08720423,0.06323775,0.7724745
1016,0.08467506,0.06408594,0.7698926
1017,0.09150961,0.0615265,0.7772266
1018,0.09638315,0.0588093,0.7816066
1019,0.1015605,0.05552023,0.7861297
1020,0.04641597,0.01447964,0.7428305
1021,0.05419553,0.02871826,0.7464406
1022,0.05396727,0.02603474,0.7466646
1023,0.1096673,0.0442605,0.7985557
1024,0.1084433,0.009575373,0.8135809
1025,0.1061381,0.0006426331,0.8207699
1026,0.106545,0.09993883,0.7963986
1027,0.108912,0.1058607,0.8049172
1028,0.1139926,0.03826602,0.8291365
1029,0.1126183,0.02910858,0.8290472
1030,0.1082675,0.008987134,0.8250136
1031,0.08823273,-0.03313019,0.8113659
1032,0.0404225,-0.06016754,0.7887629
1033,0.04836239,-0.05861395,0.7905762
1034,0.05620648,-0.05581571,0.7928007
1035,0.06373433,-0.05162343,0.7949087
1036,0.05647041,-0.05735619,0.7996142
1037,0.06459221,-0.05252779,0.8026553
1038,0.0485522,-0.06048888,0.7972008
1039,0.04051618,-0.06223162,0.7952942
1040,0.07212552,-0.04603726,0.7971228
1041,0.07106333,-0.04554503,0.7890534
1042,0.08106874,-0.04026989,0.808794
1043,0.0730734,-0.04677656,0.8058545
1044,0.06703471,-0.04302042,0.7751722
1045,0.06955492,-0.04486547,0.7820343
1046,0.0782956,-0.04015386,0.791114
1047,0.07988851,-0.04006029,0.7993893
1048,0.1050895,0.08214757,0.7905297
1049,0.1054481,0.06541739,0.792075
1050,0.1077812,0.08657769,0.79621
1051,0.1075118,0.07553168,0.7959515
1052,0.1092191,0.06717076,0.8001148
1053,0.111714,0.06867213,0.8066131
1054,0.1103619,0.07834967,0.8023511
1055,0.1108818,0.09108903,0.8033885
1056,0.1132676,0.08099683,0.8096788
1057,0.1142888,0.07001968,0.8143434
1058,0.1133132,0.09588948,0.8131462
1059,0.1161984,0.08328708,0.8193498
1060,0.1167066,0.07060387,0.824491
1061,0.1144474,0.0493308,0.8178607
1062,0.1128843,0.05035503,0.8085713
1063,0.1104003,0.0513819,0.8002621
1064,0.1151057,0.04808459,0.8280134
1065,0.1158987,0.05871003,0.8267074
1066,0.115218,0.05902978,0.8169567
1067,0.1065907,0.05860874,0.793861
1068,0.1064144,0.05292924,0.7925698
1069,0.1104584,0.05881902,0.8015543
1070,0.1129697,0.05907056,0.8086265
1071,0.08408506,0.06454428,0.7701038
1072,0.03339568,-0.003995071,0.7402083
1073,-0.03519748,0.01167919,0.8051925
1074,0.1059403,0.004427368,0.8040845
1075,0.01633144,0.07120816,0.7658351
1076,0.01745348,0.07260481,0.7650998
1077,0.01913512,0.07354731,0.7649412
1078,0.0218745,0.07617027,0.7620932
1079,0.02175551,0.08575241,0.7546949
1080,0.02619014,0.08657269,0.7531165
1081,0.03055061,0.08652026,0.752148
1082,0.03816915,0.08621418,0.7511578
1083,0.04566871,0.08493197,0.7518136
1084,0.04969136,0.08412469,0.752951
1085,0.05322216,0.08196051,0.7547562
1086,0.05292921,0.07298149,0.7616374
1087,0.05545832,0.06963231,0.7644359
1088,0.0571032,0.06876842,0.7646621
1089,0.05821867,0.06750671,0.7652292
1090,0.06849252,0.06207999,0.7642959
1091,0.06568605,0.06255893,0.7645441
1092,0.07150396,0.06136204,0.7642902
1093,0.07915208,0.06133009,0.7666353
1094,0.0770874,0.06121371,0.7656745
1095,0.06098577,0.06350756,0.7657234
1096,0.06326661,0.06285939,0.7649951
1097,0.05904076,0.06482336,0.7663934
1098,0.05815383,0.06537283,0.7666602
1099,0.07453823,0.06117599,0.7647976
1100,0.08092394,0.06197416,0.7675418
1101,0.08254871,0.0628702,0.7687225
1102,0.08360299,0.06372963,0.7696743
1103,0.008077474,0.06658448,0.7655469
1104,0.005214794,0.06647056,0.765469
1105,0.002231292,0.06605617,0.7656212
1106,-0.003185641,0.06656855,0.7672108
1107,-0.00516079,0.06694648,0.7681539
1108,0.01060527,0.06647651,0.7658695
1109,0.01305996,0.06680082,0.7664884
1110,0.01631872,0.06841528,0.7672743
1111,0.01526894,0.06788898,0.7670476
1112,-0.0007301308,0.06626927,0.7662843
1113,-0.006799791,0.06768244,0.7690905
1114,-0.008249249,0.06861939,0.770228
1115,-0.009127054,0.06958344,0.7710785
1116,-0.009393141,0.07061918,0.7713501
1117,0.08407946,0.06427451,0.7700529
1118,0.02122782,0.02545685,0.7438945
1119,0.04786932,0.02411442,0.7432933
1120,0.01010115,-0.005670673,0.7550726
1121,0.01016096,-0.006469928,0.7548662
1122,0.01316983,-0.004938367,0.7539102
1123,0.01391663,-0.006324375,0.7528853
1124,0.01622174,-0.004603123,0.7514995
1125,0.0165431,-0.0058258,0.7508178
1126,0.02793693,-0.003250995,0.7460241
1127,0.02816156,-0.004899227,0.7448771
1128,0.02564379,-0.004720985,0.7459807
1129,0.02549417,-0.00318773,0.7470467
1130,0.03096264,-0.003670663,0.745298
1131,0.03130048,-0.005277366,0.7440051
1132,0.03351103,-0.003985954,0.7451773
1133,0.03390342,-0.005552493,0.7438223
1134,0.01979632,-0.005252335,0.7489139
1135,0.01918062,-0.003939967,0.7499478
1136,0.02221641,-0.003495337,0.7486658
1137,0.02287917,-0.004699328,0.7476187
1138,0.009774793,-0.005843543,0.7545815
1139,0.05845271,-0.008682901,0.7549667
1140,0.05500925,-0.008491803,0.7529602
1141,0.05527755,-0.006926025,0.7540551
1142,0.05847555,-0.007831775,0.7551022
1143,0.0520863,-0.007743404,0.7513306
1144,0.05233323,-0.006440765,0.7520002
1145,0.0393136,-0.004125931,0.7464221
1146,0.04232597,-0.004342976,0.7476193
1147,0.04245638,-0.005968712,0.7466012
1148,0.03979858,-0.005825684,0.7453731
1149,0.03655197,-0.005764435,0.7443298
1150,0.03617309,-0.004114695,0.7455757
1151,0.04864943,-0.006950725,0.7494027
1152,0.04552427,-0.006191926,0.748257
1153,0.04556387,-0.004972303,0.7490842
1154,0.04846478,-0.005617056,0.7500972
1155,0.05882178,-0.008125713,0.754603
1156,0.07071081,0.008372396,0.7516741
1157,0.06662032,0.01588932,0.7506731
1158,0.06171435,0.02285469,0.7513676
1159,0.05676473,0.02922717,0.7525266
1160,0.0537967,0.03470936,0.7499518
1161,0.0508389,0.03962395,0.7469863
1162,0.04823266,0.04359983,0.7440279
1163,0.04579916,0.04697981,0.7415197
1164,0.04316954,0.0495074,0.739382
1165,0.04003375,0.05134249,0.737843
1166,0.03598938,0.05241637,0.7373394
1167,0.03180957,0.05170149,0.7380469
1168,0.02849815,0.05016573,0.7397193
1169,0.02562252,0.04785676,0.7420057
1170,0.02284156,0.04464966,0.7447076
1171,0.01984204,0.04082019,0.7478499
1172,0.01652992,0.03613996,0.7509552
1173,0.01331789,0.03092942,0.7536599
1174,0.007992622,0.02516943,0.7528142
1175,0.002770666,0.01864,0.7523267
1176,-0.001578405,0.01174029,0.7537014
1177,-0.005989447,-0.002456716,0.7592949
1178,-0.006225534,-0.008815892,0.7617936
1179,-0.005450331,-0.01460616,0.7633961
1180,-0.0003556199,-0.02395932,0.7634042
1181,0.003296683,-0.02846983,0.7619736
1182,0.007156586,-0.0335659,0.7599881
1183,0.01183302,-0.03877773,0.7571849
1184,0.01736729,-0.0417122,0.754261
1185,0.02320755,-0.043144,0.7522702
1186,0.02853341,-0.04369748,0.7512187
1187,0.03351553,-0.04404463,0.7509457
1188,0.03858515,-0.04441882,0.7516183
1189,0.04397181,-0.04443723,0.7528886
1190,0.04987155,-0.04364783,0.7550699
1191,0.05568695,-0.04122772,0.7580714
1192,0.06102542,-0.03639005,0.761049
1193,0.06551921,-0.03139889,0.7631108
1194,0.0692883,-0.02708208,0.7640826
1195,0.07467431,-0.0185461,0.7633039
1196,0.07566716,-0.01276255,0.7612311
1197,0.07552861,-0.00634341,0.75795
1198,0.08076544,0.01604911,0.7571529
1199,0.07181516,0.02374268,0.7533358
1200,0.06468879,0.02992394,0.7531466
1201,0.05879205,0.035309,0.7535082
1202,0.05447394,0.04019793,0.7522804
1203,0.05119168,0.04496246,0.7500366
1204,0.04837676,0.0489968,0.7479219
1205,0.04587606,0.05221834,0.745764
1206,0.04340202,0.05478924,0.7437403
1207,0.0403529,0.05656271,0.7420655
1208,0.03635187,0.05751153,0.7415434
1209,-0.01018849,0.02026153,0.7589102
1210,-0.001301952,0.02686308,0.7548676
1211,0.005966268,0.03243779,0.7544309
1212,0.01204204,0.03724352,0.7545992
1213,0.01656734,0.04165758,0.7532754
1214,0.02018835,0.04610081,0.7509267
1215,0.02340604,0.04991453,0.7485849
1216,0.02626283,0.05303103,0.7462434
1217,0.02898252,0.05541824,0.7440721
1218,0.03225374,0.05690452,0.7422449
1219,-0.0129953,0.009404097,0.7631409
1220,-0.01366853,0.0003885403,0.7666256
1221,-0.01376318,-0.007735184,0.7692233
1222,-0.01273837,-0.01510661,0.7710891
1223,-0.006444465,-0.02679014,0.7714832
1224,-0.002099022,-0.03240766,0.7699002
1225,0.002548765,-0.03786655,0.7676918
1226,0.008149233,-0.04315194,0.7648051
1227,0.01435101,-0.047064,0.7621385
1228,0.0209877,-0.04965927,0.760299
1229,0.02735299,-0.05077267,0.7591633
1230,0.0330437,-0.05116665,0.7589768
1231,0.0387533,-0.05136922,0.7593852
1232,0.04523255,-0.05092194,0.760801
1233,0.0520777,-0.04906232,0.7628102
1234,0.05862162,-0.04577825,0.7655674
1235,0.06481765,-0.04115358,0.7685654
1236,0.07004306,-0.03614497,0.7708231
1237,0.07488431,-0.03089996,0.7722246
1238,0.08199282,-0.01982806,0.7712098
1239,0.08333416,-0.01260763,0.7687274
1240,0.08353263,-0.004490241,0.7652966
1241,0.08293837,0.00450708,0.7607885
1242,0.09483325,0.02359725,0.7710333
1243,0.1007355,0.02518974,0.7796276
1244,0.1110084,0.02211526,0.8275502
1245,0.1107398,0.02416469,0.8160792
1246,0.1063817,0.02842817,0.7906566
1247,0.1095051,0.02596546,0.8041838
1248,0.08842187,0.02319472,0.7637266
1249,-0.02876548,0.03213906,0.7812507
1250,-0.02326336,0.02979607,0.7725801
1251,-0.03725459,0.03381475,0.806597
1252,-0.03407408,0.03594508,0.7927642
1253,-0.03849152,0.03215916,0.8186023
1254,-0.03864715,0.03030017,0.8300145
1255,-0.01713984,0.02856623,0.7650859
1256,0.08079587,0.02523719,0.7579387
1257,-0.009614266,0.02963326,0.759367
1258,0.06501936,0.03440537,0.7545359
1259,0.05916711,0.03894034,0.7543585
1260,0.07245311,0.02974349,0.7550594
1261,0.05144858,0.0478073,0.7515234
1262,0.05477927,0.04350691,0.7532607
1263,0.04858396,0.05156829,0.74983
1264,0.04598916,0.05509243,0.7480149
1265,0.04354675,0.05765814,0.7461686
1266,0.04043606,0.05955362,0.7445054
1267,0.03654551,0.06015738,0.7438471
1268,0.01213669,0.04099264,0.7553611
1269,0.006082717,0.03706069,0.755722
1270,0.01672009,0.04503725,0.754177
1271,-0.001390643,0.03312282,0.7564636
1272,0.02653391,0.05590022,0.7484563
1273,0.02357119,0.05254738,0.7504429
1274,0.02927344,0.05831856,0.74647
1275,0.0325915,0.05991059,0.744682
1276,0.02036355,0.04900212,0.752337
1277,-0.02458284,0.02244404,0.7752513
1278,-0.02946322,0.02398242,0.7843987
1279,-0.0190888,0.02101087,0.7664675
1280,-0.001229398,0.002666926,0.754393
1281,-0.004527215,0.004467677,0.7560761
1282,-0.008438542,0.006763693,0.7589515
1283,0.1016327,0.01698535,0.7828779
1284,0.09626944,0.01625344,0.7734948
1285,0.1054346,0.01788425,0.7929708
1286,0.08996168,0.01563654,0.7651437
1287,0.06688074,-0.001297478,0.7522293
1288,0.06974389,-0.0002681892,0.7528663
1289,0.07377676,0.0006047431,0.7538272
1290,0.07801019,0.002416454,0.7565463
1291,0.1096027,0.01581768,0.8263007
1292,0.1094394,0.01705717,0.8150956
1293,0.1082296,0.01776981,0.8040267
1294,-0.03348672,0.02529868,0.7947844
1295,-0.03659574,0.02541061,0.8060571
1296,-0.03785973,0.02474948,0.8172785
1297,-0.03792718,0.02373765,0.8285661
1298,0.001609664,0.0008835476,0.7534584
1299,0.06202978,-0.004119892,0.7506806
1300,0.06429589,-0.00269273,0.7512214
1301,0.05854265,-0.006181314,0.7510873
1302,0.06004072,-0.005126706,0.7507614
1303,0.008009704,-0.003219699,0.7510896
1304,0.009507608,-0.004198587,0.7511904
1305,0.006043337,-0.002227975,0.7512797
1306,0.003892876,-0.0007610582,0.752226
1307,-0.02596562,-0.01912469,0.8134143
1308,-0.02438209,-0.01982908,0.8027139
1309,-0.02207104,-0.02101728,0.7930837
1310,-0.01909105,-0.02163538,0.7852672
1311,-0.01482404,-0.02162754,0.7782202
1312,-0.01028167,-0.02131004,0.7719655
1313,-0.006869953,-0.02069645,0.7674278
1314,-0.00335566,-0.0194703,0.7639866
1315,0.0001201592,-0.01783058,0.7613116
1316,0.00272711,-0.01604623,0.7598422
1317,0.004652549,-0.01415106,0.7580276
1318,0.006690083,-0.01154424,0.7559414
1319,0.008910256,-0.008949773,0.7542734
1320,0.01032273,-0.007387959,0.7533537
1321,0.01167386,-0.005792907,0.7528818
1322,0.01200884,-0.005120251,0.7533966
1323,0.01181568,-0.006595305,0.7544369
1324,0.01127928,-0.00536238,0.7549273
1325,0.01115297,-0.005467316,0.7528127
1326,0.01047991,-0.005016166,0.7517899
1327,0.09422638,-0.02529031,0.8134235
1328,0.09289177,-0.02582212,0.8033541
1329,0.09085307,-0.02689421,0.7940691
1330,0.0879963,-0.02727928,0.7861878
1331,0.08362115,-0.02665364,0.7790415
1332,0.07928016,-0.02582567,0.7725675
1333,0.07573003,-0.0246473,0.767895
1334,0.07237977,-0.02313639,0.7642831
1335,0.06921052,-0.02116311,0.7616162
1336,0.06649005,-0.0192183,0.7606698
1337,0.06472944,-0.01714626,0.7590529
1338,0.06266841,-0.01414574,0.7567487
1339,0.06031655,-0.01151828,0.7550483
1340,0.05866549,-0.009735033,0.754038
1341,0.05749822,-0.008051041,0.7533338
1342,0.05701708,-0.007271674,0.7537024
1343,0.05710309,-0.008777482,0.7545134
1344,0.05722928,-0.007480036,0.7550032
1345,0.05711894,-0.007494012,0.7528471
1346,0.05765859,-0.007012953,0.7518164
