0,-0.04300857,-0.0469819,0.54735
1,-0.04301389,-0.04631957,0.540197
2,-0.04309278,-0.04438447,0.5233181
3,-0.04326187,-0.04117701,0.512459
4,-0.04370364,-0.03303885,0.5045565
5,-0.04416794,-0.02519532,0.5023065
6,-0.04450722,-0.0202705,0.5018578
7,-0.04516019,-0.01144404,0.4981425
8,-0.04542646,-0.008361571,0.4942023
9,-0.04584863,-0.002405845,0.4932008
10,-0.04617593,0.001506236,0.4939631
11,-0.05076612,0.07280374,0.4882424
12,-0.04995707,0.05789233,0.4802714
13,-0.04943307,0.04826487,0.4745576
14,-0.04794103,0.02505753,0.4877922
15,-0.04732412,0.01591732,0.489281
16,-0.05166215,0.08892874,0.4884617
17,-0.04864182,0.03434918,0.4724537
18,-0.048891,0.03844173,0.4714597
19,-0.04700311,0.01057541,0.4885959
20,-0.04818443,0.02777058,0.4813344
21,-0.04844888,0.03107982,0.4745234
22,-0.04675404,0.00618751,0.4895397
23,-0.04808686,0.02693732,0.4857447
24,-0.05111321,0.07920463,0.4896734
25,-0.04964109,0.05208514,0.4768933
26,-0.04916928,0.0434835,0.4722919
27,-0.05221604,0.09781244,0.4861885
28,-0.05376215,0.1241579,0.4852347
29,-0.05535151,0.1528175,0.4943345
30,-0.05457147,0.13855,0.4877099
31,-0.04829472,0.02888273,0.4776916
32,-0.04767174,0.02146536,0.4889598
33,-0.04485499,-0.01564471,0.5012299
34,-0.04304879,-0.04538386,0.5309232
35,-0.05048438,0.06758577,0.4856783
36,-0.125253,0.0476734,0.5737835
37,-0.1209474,0.02685883,0.5725563
38,-0.09077062,-0.02563874,0.5539038
39,-0.08192618,-0.03265244,0.5444571
40,-0.08309858,-0.03181865,0.5529339
41,-0.09209915,-0.02431814,0.5636623
42,-0.07366547,-0.03072545,0.5189293
43,-0.07779143,-0.03259033,0.5298501
44,-0.09797375,-0.01889289,0.5544945
45,-0.06967784,-0.02578595,0.5125677
46,-0.08391161,-0.0206655,0.5202048
47,-0.09021479,-0.02192042,0.53089
48,-0.09939138,-0.01698753,0.5647132
49,-0.07873477,-0.01734876,0.5143223
50,-0.09912857,-0.00955181,0.5271474
51,-0.09131446,-0.01049,0.5171275
52,-0.1100444,-0.002985498,0.5539114
53,-0.08920345,0.0187754,0.5019339
54,-0.08197149,0.01329605,0.5012288
55,-0.08564474,0.0008618487,0.5067002
56,-0.09340059,0.003065988,0.5104052
57,-0.1112429,-0.0006379429,0.5652769
58,-0.06788804,-0.02220103,0.5099558
59,-0.08463781,-0.009280924,0.5121617
60,-0.06645792,-0.01828956,0.507685
61,-0.07651174,-0.01496942,0.5121178
62,-0.06452543,-0.007150084,0.5006586
63,-0.07468869,-0.01226677,0.5099588
64,-0.121732,0.04985663,0.5393295
65,-0.1187268,0.01773785,0.5692897
66,-0.07078809,-0.004606227,0.5061255
67,-0.07891168,-0.006657258,0.5098236
68,-0.08153974,-0.008106146,0.5109758
69,-0.08233595,0.0002579605,0.5061815
70,-0.06340691,-0.003035298,0.4993618
71,-0.07464238,-0.003231872,0.5077545
72,-0.07975239,-1.899153E-05,0.5055392
73,-0.07833154,0.05475502,0.5033841
74,-0.07792792,0.04996568,0.5015211
75,-0.06293805,-0.0004726285,0.4994478
76,-0.06950478,-0.002064595,0.5051804
77,-0.07537366,6.884057E-05,0.505668
78,-0.07722678,0.00892752,0.5008911
79,-0.07945424,0.01119466,0.5013402
80,-0.06310502,0.001145567,0.5003894
81,-0.06913636,-0.0002779309,0.5045637
82,-0.07333788,-0.001849092,0.5075752
83,-0.07319839,0.004165797,0.5013114
84,-0.07517155,0.013903,0.4991615
85,-0.06913598,0.05266116,0.4979102
86,-0.06823954,0.04249794,0.4957725
87,-0.09705632,0.04585051,0.5066561
88,-0.1035781,0.05592102,0.5131496
89,-0.06909662,0.0005979305,0.504872
90,-0.07264934,-0.0006901026,0.5074937
91,-0.07394829,0.0001372397,0.5063101
92,-0.07326437,0.01027715,0.4986623
93,-0.06968651,0.03420217,0.4973455
94,-0.07024461,0.06062619,0.5019304
95,-0.06937465,0.05642574,0.4994067
96,-0.07922609,0.05864021,0.5041792
97,-0.07247569,-8.662138E-05,0.5077911
98,-0.07305527,9.352341E-06,0.5070183
99,-0.07141096,0.002548472,0.5022863
100,-0.09614488,0.05833749,0.5092713
101,-0.0992219,0.06033261,0.5114123
102,-0.1186833,0.07793888,0.5315887
103,-0.07259744,-7.608905E-05,0.5076804
104,-0.0703176,0.001368727,0.5033267
105,-0.0712781,0.006524904,0.4989104
106,-0.05735878,0.06542595,0.4883167
107,-0.05723749,0.05536951,0.4832158
108,-0.06243614,0.05024717,0.488887
109,-0.06713641,0.06420932,0.5012611
110,-0.06611925,0.06012962,0.4981671
111,-0.07523423,0.06030555,0.5038393
112,-0.07990157,0.06362793,0.5036336
113,-0.08007841,0.06821686,0.5032989
114,-0.1144103,0.06184327,0.5260549
115,-0.109289,0.0655787,0.521468
116,-0.06927885,0.0003964715,0.5049576
117,-0.06617948,0.00550388,0.4963406
118,-0.06787945,0.03716671,0.4913315
119,-0.05719024,0.07079932,0.4907567
120,-0.05459468,0.07199052,0.4889948
121,-0.07940692,0.07818112,0.5014852
122,-0.09343965,0.06385902,0.5070446
123,-0.09149876,0.06791364,0.505413
124,-0.1093334,0.07553075,0.5187244
125,-0.1150301,0.08817175,0.5217475
126,-0.1227297,0.0574161,0.5412556
127,-0.1262553,0.0568161,0.561213
128,-0.1270579,0.08583914,0.5526454
129,-0.1233983,0.06486628,0.5417919
130,-0.06476437,0.003662523,0.4971263
131,-0.06106714,0.02403925,0.4933847
132,-0.06893178,0.03509331,0.4947985
133,-0.06763025,0.03609024,0.4892635
134,-0.0657151,0.03959211,0.4874231
135,-0.06661578,0.07067686,0.5036204
136,-0.07654512,0.06473699,0.5037521
137,-0.09242682,0.07638983,0.5031777
138,-0.1048104,0.07530704,0.5138139
139,-0.1077027,0.08049813,0.5123121
140,-0.1119559,0.0833564,0.515965
141,-0.1293439,0.08803409,0.5626193
142,-0.1246612,0.08340462,0.5454919
143,-0.06325178,0.001074238,0.5004997
144,-0.05753815,0.01537214,0.4901938
145,-0.06886411,0.03090486,0.4964998
146,-0.06672379,0.03108799,0.4893291
147,-0.06567242,0.03769381,0.4855849
148,-0.06027376,0.04432212,0.4801981
149,-0.0573151,0.04620357,0.4773589
150,-0.05403861,0.05706742,0.4810306
151,-0.06320759,0.06915608,0.4994745
152,-0.0595236,0.07478732,0.4947115
153,-0.07673619,0.07766977,0.502318
154,-0.1213145,0.09970821,0.5328295
155,-0.05778251,0.009542463,0.4902564
156,-0.0666351,0.02797174,0.4966572
157,-0.06504206,0.02923112,0.4919805
158,-0.06505688,0.03007697,0.489764
159,-0.06556901,0.03446594,0.4849893
160,-0.06481726,0.03236151,0.4850528
161,-0.06256473,0.0834749,0.4933169
162,-0.0590266,0.08659677,0.4897211
163,-0.1106542,0.08668476,0.5119333
164,-0.1055419,0.08288242,0.5082784
165,-0.05583882,0.005796276,0.4914063
166,-0.05317469,0.01568046,0.4891119
167,-0.05110398,0.02502777,0.4875729
168,-0.06310895,0.0312574,0.4857956
169,-0.06003991,0.03663385,0.4772931
170,-0.05661075,0.03748406,0.4740123
171,-0.05553341,0.03386666,0.4745784
172,-0.05882403,0.03374564,0.4774196
173,-0.05370075,0.04750989,0.4753459
174,-0.1007427,0.07500793,0.5101523
175,-0.1033851,0.07919851,0.5085974
176,-0.1124566,0.09220724,0.5166846
177,-0.1202164,0.112685,0.5309899
178,-0.1179529,0.1064256,0.525742
179,-0.0535511,0.00168046,0.4953284
180,-0.05665084,0.03165139,0.4778713
181,-0.05421481,0.03111258,0.4763046
182,-0.05215945,0.02840474,0.4818885
183,-0.05671822,0.08797638,0.4889418
184,-0.06413852,0.07724054,0.4993335
185,-0.07470993,0.0704475,0.50409
186,-0.07365509,0.06651638,0.5038933
187,-0.07426136,0.07653388,0.5033559
188,-0.09581918,0.07520282,0.50562
189,-0.09950679,0.08230461,0.5037815
190,-0.05317917,0.001645612,0.495257
191,-0.05440009,0.01053914,0.4891362
192,-0.05279529,0.03802698,0.4720974
193,-0.05221434,0.0341055,0.4729965
194,-0.07628145,0.08775689,0.4963966
195,-0.07739515,0.09314211,0.4905857
196,-0.06952076,0.07184546,0.5046967
197,-0.07134563,0.07315633,0.5047475
198,-0.09675856,0.07094467,0.5081335
199,-0.09841818,0.07844032,0.5045878
200,-0.1019717,0.09280884,0.5005233
201,-0.09903093,0.08782876,0.5006609
202,-0.05187782,0.0060234,0.4902661
203,-0.05603492,0.02751735,0.4887006
204,-0.05270995,0.0277373,0.4859924
205,-0.05367559,0.02853908,0.4856089
206,-0.05130483,0.03091561,0.4749711
207,-0.05011095,0.02783995,0.4814417
208,-0.07578328,0.09922497,0.4874007
209,-0.07659642,0.08425485,0.4994543
210,-0.07173832,0.07460459,0.5052179
211,-0.09414907,0.07585405,0.5041525
212,-0.09654163,0.07937567,0.5029083
213,-0.09732984,0.1010673,0.4978676
214,-0.1220731,0.1196657,0.5378255
215,-0.04975273,0.001566431,0.494289
216,-0.05035191,0.02717408,0.4855222
217,-0.08314385,0.09370139,0.4915564
218,-0.08260684,0.101194,0.4889869
219,-0.08089228,0.08884837,0.49607
220,-0.06980194,0.07473022,0.5035871
221,-0.09591718,0.08409601,0.5011281
222,-0.09748542,0.09618966,0.4969645
223,-0.09367649,0.0896268,0.4975295
224,-0.09049222,0.101724,0.4933547
225,-0.04936958,0.001465335,0.4942484
226,-0.08697492,0.08933231,0.4960885
227,-0.09035161,0.09501089,0.4931966
228,-0.08086115,0.08542362,0.4983113
229,-0.07711193,0.08131132,0.5003529
230,-0.07672883,0.0792384,0.5010697
231,-0.1091807,0.1245853,0.515955
232,-0.1111804,0.1332893,0.5214615
233,-0.08535893,0.08593494,0.498065
234,-0.09299221,0.08086464,0.500684
235,-0.0904692,0.08552337,0.4988066
236,-0.0805168,0.0821145,0.499437
237,-0.07974708,0.08000675,0.5001597
238,-0.08946081,0.07740502,0.5018401
239,-0.1011833,0.1293344,0.5067075
240,-0.08403949,0.08248274,0.4988825
241,-0.0825652,0.07858673,0.5008538
242,-0.08315513,0.08026601,0.4995841
243,-0.08841443,0.08192554,0.4991297
244,-0.08600736,0.07840367,0.5009646
245,-0.1032846,0.1390436,0.5129414
246,-0.09499687,0.14361,0.506819
247,-0.08685946,0.1470053,0.5020456
248,-0.07741707,0.1364259,0.4917188
249,-0.08512732,0.1344045,0.4950869
250,-0.07921074,0.1496464,0.4989837
251,-0.06905019,0.1234794,0.4870205
252,-0.07658459,0.1227936,0.4886921
253,-0.08403347,0.1221705,0.4913461
254,-0.09120691,0.1212801,0.4958333
255,-0.09883419,0.1191018,0.5017959
256,-0.107242,0.11517,0.5101515
257,-0.05726139,0.07663673,0.4917945
258,-0.05539038,0.07856034,0.4907798
259,-0.07173437,0.06319927,0.5035735
260,-0.06281728,0.06422538,0.4963541
261,-0.0652218,0.04665592,0.4921804
262,-0.06693873,0.02509195,0.4979364
263,-0.06513311,0.01172349,0.4934279
264,-0.06320331,0.007230865,0.4933918
265,-0.08893719,0.06746025,0.5044599
266,-0.09057395,0.06288891,0.5057654
267,-0.09246771,0.0574307,0.5074874
268,-0.09484236,0.05269982,0.5074449
269,-0.09068291,0.04607221,0.5042694
270,-0.05862753,0.00517898,0.492974
271,-0.05678784,0.00169688,0.4967017
272,-0.05642417,0.001719064,0.4965819
273,-0.10894,0.009113906,0.5268442
274,-0.1033784,0.006894575,0.5192541
275,-0.1167303,0.01485564,0.5455588
276,-0.1181134,0.02243836,0.5417259
277,-0.1044123,0.01569652,0.5144747
278,-0.1031725,0.065846,0.5156796
279,-0.09787488,0.06739456,0.5098579
280,-0.1266055,0.05676949,0.5724565
281,-0.09304169,0.1324169,0.4999089
282,-0.06220376,0.1380811,0.488235
283,-0.065267,0.04180111,0.4892524
284,-0.06007246,0.0474578,0.4822954
285,-0.05726344,0.04942681,0.4795559
286,-0.05386746,0.05096148,0.4775525
287,-0.09697011,0.07454391,0.5071476
288,-0.09585384,0.06533393,0.508427
289,-0.1017689,0.06311585,0.5137933
290,-0.1065337,0.05884555,0.5166789
291,-0.1136095,0.05719151,0.5235835
292,-0.06019859,0.04092931,0.4780408
293,-0.05690021,0.04237135,0.4748808
294,-0.05308038,0.04322052,0.4729969
295,-0.06335939,0.1523432,0.49519
296,-0.06869755,0.02883612,0.4988492
297,-0.06822371,0.03786425,0.4933848
298,-0.06750037,0.07486793,0.5032035
299,-0.07759666,0.03203238,0.4987337
300,-0.07435095,0.02646091,0.4992772
301,-0.07321573,0.02319363,0.4988796
302,-0.08405483,0.04755085,0.5026864
303,-0.08385018,0.05323055,0.5044507
304,-0.08362609,0.05765007,0.5049191
305,-0.08348003,0.06303331,0.5039044
306,-0.05970402,0.0266234,0.4919929
307,-0.07165174,0.0194836,0.497962
308,-0.07064099,0.01442713,0.4968152
309,-0.06851438,0.009245136,0.4958326
310,-0.06912212,0.003797631,0.4997155
311,-0.06800347,0.002498163,0.5004079
312,-0.06632601,0.0007180274,0.502753
313,-0.06618343,0.0008746525,0.5025821
314,-0.0691514,0.06701139,0.5032427
315,-0.07122462,0.06948802,0.5041557
316,-0.07248187,0.07543348,0.504478
317,-0.05323734,0.02898206,0.4821858
318,-0.05519883,0.02539392,0.4887097
319,-0.06062768,0.03215193,0.4819682
320,-0.06294452,0.02678189,0.4944507
321,-0.0506091,0.02879458,0.4779681
322,-0.05288332,0.02934818,0.4787951
323,-0.05416695,0.02990663,0.4795725
324,-0.05518874,0.02996921,0.4832683
325,-0.09556524,0.07682152,0.5037208
326,-0.09394135,0.07746328,0.5024742
327,-0.09049176,0.07877316,0.5007653
328,-0.08679546,0.07995109,0.4997236
329,-0.07131664,0.07476394,0.5043568
330,-0.07275054,0.07227561,0.504855
331,-0.07714254,0.0688777,0.5035727
332,-0.08298364,0.06785111,0.503266
333,-0.09366912,0.06860152,0.5064205
334,-0.1018002,0.0806164,0.5064034
335,-0.1170979,0.126662,0.529805
336,-0.1153397,0.1193386,0.5237029
337,-0.113571,0.1116358,0.5185606
338,-0.1083736,0.09536244,0.5098855
339,-0.1066522,0.08995709,0.5056186
340,-0.1026826,0.08534193,0.5043017
341,-0.09686002,0.07596998,0.5053555
342,-0.09982442,0.07768019,0.5065075
343,-0.09532687,0.06965008,0.5072335
344,-0.06191005,0.09725241,0.4864022
345,-0.06865936,0.09703484,0.4868642
346,-0.07264367,0.09209342,0.4904055
347,-0.07232059,0.08655742,0.4969646
348,-0.07353436,0.08242139,0.5006683
349,-0.07403579,0.07993597,0.5014887
350,-0.07407815,0.07778889,0.5023409
351,-0.07690543,0.01710209,0.4997841
352,-0.07880339,0.01975494,0.4997894
353,-0.08347131,0.02578177,0.4994249
354,-0.08525546,0.0421381,0.5013968
355,-0.04889479,-0.002399902,0.4932275
356,-0.04878323,-0.008137651,0.4939434
357,-0.04858289,-0.01154335,0.497982
358,-0.0484952,-0.0206776,0.5020376
359,-0.04791318,-0.02559808,0.5024778
360,-0.04818764,-0.03331193,0.504863
361,-0.04862002,-0.0412928,0.5126558
362,-0.04968485,-0.04447014,0.5234272
363,-0.05089853,-0.04634341,0.5404078
364,-0.05126054,-0.04690768,0.5478638
365,-0.05266907,-0.001979937,0.4937402
366,-0.05273906,-0.007088931,0.4939628
367,-0.05268193,-0.01139191,0.497888
368,-0.05261102,-0.02112751,0.5027649
369,-0.05240408,-0.02629405,0.5031819
370,-0.0533378,-0.03322134,0.50562
371,-0.0546549,-0.04082571,0.5136638
372,-0.05647667,-0.04382198,0.5243022
373,-0.05834364,-0.04503323,0.5414989
374,-0.05924254,-0.0452166,0.5491855
375,-0.05606603,-0.001477584,0.4948246
376,-0.05644394,-0.005820649,0.4948089
377,-0.05660825,-0.01073072,0.4980345
378,-0.05652967,-0.02137862,0.5039319
379,-0.05688138,-0.02666604,0.5047081
380,-0.05878802,-0.03263265,0.5076594
381,-0.06112714,-0.0392124,0.5149983
382,-0.06351759,-0.04148248,0.5255464
383,-0.06642278,-0.04203994,0.5424605
384,-0.06715816,-0.04208807,0.5507167
385,-0.06615007,-6.488804E-05,0.5023644
386,-0.06652971,-0.002007822,0.5026089
387,-0.06831382,-0.005455267,0.5035145
388,-0.07236604,-0.0186046,0.5115289
389,-0.07435229,-0.0213659,0.51388
390,-0.07875006,-0.02512226,0.5200591
391,-0.08422796,-0.02749498,0.5310493
392,-0.08917013,-0.02705345,0.5451975
393,-0.0612125,0.01980868,0.4927005
394,-0.05655682,0.02115617,0.4901778
395,-0.05183935,0.02116878,0.4889764
396,-0.07512932,0.006427228,0.500808
397,-0.07738869,-1.961552E-05,0.5053113
398,-0.07643461,-0.004991978,0.5086678
399,-0.07294413,-0.008669823,0.5079042
400,-0.06963868,-0.01111379,0.5062214
401,-0.06531376,-0.01351821,0.5047131
402,-0.05661412,-0.01584779,0.5022685
403,-0.05269934,-0.01625155,0.5017943
404,-0.04854298,-0.01590499,0.5013496
405,-0.0504157,-0.04529767,0.5311731
406,-0.05751805,-0.04443809,0.5323705
407,-0.06513631,-0.04194919,0.5334952
408,-0.08021094,-0.03300774,0.5372258
409,-0.08699185,-0.02764116,0.5379753
410,-0.09356943,-0.02187477,0.5379041
411,-0.1037217,-0.008300547,0.5347724
412,-0.1098174,0.01804798,0.5225266
413,-0.1061082,0.04043946,0.5125132
414,-0.1027706,0.04681441,0.5101399
415,-0.09956867,0.05379169,0.5099716
416,-0.09626907,-0.0208123,0.5455098
417,-0.1073607,-0.005998073,0.5433611
418,-0.1132745,0.01184854,0.5363342
419,-0.1145309,0.02039615,0.5319462
420,-0.1117646,0.04328093,0.5189725
421,-0.07976924,-0.003554051,0.5080565
422,-0.08243587,-0.004188604,0.5088841
423,-0.0857632,-0.004566748,0.5095776
424,-0.09297013,-0.004072525,0.5139389
425,-0.1015388,-0.00182781,0.5236412
426,-0.1069965,-0.0001810156,0.5310729
427,-0.1115106,0.002782829,0.5409257
428,-0.1155297,0.00761447,0.5528114
429,-0.116024,0.008549544,0.5660293
430,-0.07722376,-0.002732098,0.5073542
431,-0.07534327,-0.0016007,0.5072197
432,-0.07401159,-0.0007933648,0.5072739
433,-0.07334948,-0.0004363582,0.5076585
434,-0.07286697,-0.0002412954,0.5080677
435,-0.1116293,0.05297127,0.5197507
436,-0.09912626,0.06940705,0.510892
437,-0.1083527,0.06199356,0.5195004
438,-0.1043433,0.06894722,0.5168285
439,-0.1002306,0.07092492,0.5117742
440,-0.09747669,0.07403564,0.5084262
441,-0.0978893,0.07205909,0.5089
442,-0.09864137,0.07438873,0.5084332
443,-0.0615979,0.1238855,0.4858975
444,-0.06982319,0.1373338,0.4894016
445,-0.0714007,0.1513947,0.4967675
446,-0.05429807,0.06677688,0.4863614
447,-0.06266183,0.05981087,0.4937181
448,-0.06581773,0.05597655,0.4959651
449,-0.07858012,0.04526624,0.5003167
450,-0.09271671,0.04011776,0.5034666
451,-0.09980007,0.03964768,0.507249
452,-0.116056,0.04737527,0.5260184
453,-0.1182232,0.05322502,0.5304424
454,-0.1033667,0.0986212,0.5030482
455,-0.1188145,0.01729573,0.5585166
456,-0.1240611,0.04873021,0.5504274
457,-0.1250287,0.0482931,0.5618747
458,-0.1078879,0.04926108,0.5148273
459,-0.1190968,0.05891631,0.5329301
460,-0.1240354,0.1049485,0.5386967
461,-0.1250846,0.05683142,0.5508532
462,-0.1261198,0.1111067,0.5471647
463,-0.1140863,0.07616404,0.5244471
464,-0.08956773,0.05245131,0.5056484
465,-0.08835901,0.05709029,0.5059872
466,-0.08709133,0.06261662,0.5046411
467,-0.08592148,0.06741616,0.5037364
468,-0.06733279,0.03344015,0.4890415
469,-0.09780734,0.07316835,0.5092204
470,-0.09835923,0.07291423,0.509043
471,-0.1008603,0.07233949,0.5118457
472,-0.1050676,0.07126678,0.5168875
473,-0.1098388,0.06909759,0.5218936
474,-0.1147476,0.06652757,0.5270962
475,-0.1195181,0.06503728,0.5339276
476,-0.1257718,0.0652593,0.5501806
477,-0.127209,0.06581922,0.5595496
478,-0.1277197,0.06631133,0.5697957
479,-0.0720664,0.03777175,0.4984677
480,-0.07308787,0.04881227,0.4992419
481,-0.07301344,0.05291598,0.5004628
482,-0.07391749,0.05711441,0.5025439
483,-0.06633653,0.01818042,0.4951164
484,-0.06128696,0.01360756,0.4917291
485,-0.06031523,0.008303361,0.4915941
486,-0.06712513,0.02985993,0.4931565
487,-0.06857152,0.03426272,0.4924374
488,-0.05953372,0.0684652,0.4933439
489,-0.05977536,0.06326949,0.4909883
490,-0.05985076,0.05323664,0.4858688
491,-0.06265988,0.04474314,0.4856134
492,-0.06273035,0.04203503,0.4835494
493,-0.06252111,0.03945591,0.4811924
494,-0.06259719,0.03577513,0.4805981
495,-0.06200267,0.03350876,0.481026
496,-0.05295181,0.1103607,0.4849409
497,-0.06150718,0.1102502,0.484794
498,-0.06920548,0.1102864,0.4850961
499,-0.07725963,0.1104562,0.486965
500,-0.08455431,0.1107213,0.4912853
501,-0.09133807,0.1103717,0.4954055
502,-0.09799265,0.1092573,0.4992816
503,-0.10526,0.1059307,0.5057154
504,-0.1114422,0.1030274,0.515099
505,-0.1158948,0.100017,0.5221363
506,-0.1189288,0.09499675,0.5283753
507,-0.122306,0.08099136,0.539342
508,-0.06838226,0.03178298,0.4934534
509,-0.07476185,-0.03762542,0.551904
510,-0.07409627,-0.03775323,0.5436174
511,-0.07263938,-0.03786831,0.5354169
512,-0.07090203,-0.03743183,0.5275078
513,-0.06742196,-0.03597495,0.5170735
514,-0.0646532,-0.03037762,0.5104387
515,-0.06258325,-0.02572112,0.5073634
516,-0.06124599,-0.02076773,0.5058125
517,-0.06122313,-0.01498777,0.5032785
518,-0.06053404,-0.00925089,0.4987794
519,-0.05981549,-0.004611045,0.4964418
520,-0.05978228,-0.0008924026,0.4970265
521,-0.05983115,0.001472164,0.4985104
522,-0.06014045,0.001493644,0.4986008
523,-0.06173543,0.004521265,0.4947438
524,-0.06478336,0.0283781,0.4953007
525,-0.05839456,0.0304442,0.4867692
526,-0.1202249,0.02492881,0.5511824
527,-0.1211678,0.02555075,0.5608515
528,-0.08418635,-0.03117985,0.5620691
529,-0.0516574,-0.04800155,0.5547197
530,-0.05973044,-0.04601055,0.5561863
531,-0.04298675,-0.04820538,0.5540361
532,-0.06768091,-0.04247781,0.5579457
533,-0.07587547,-0.03732747,0.5600024
534,-0.07115342,-0.01533499,0.5089105
535,-0.1235272,0.09246801,0.5398437
536,-0.1261092,0.09592362,0.5461787
537,-0.1289136,0.09970023,0.5554212
538,-0.09796618,0.07523149,0.506948
539,-0.1003069,0.07622685,0.508456
540,-0.1043665,0.07738888,0.5111933
541,-0.1086221,0.07808258,0.5156156
542,-0.1130204,0.07996568,0.5203989
543,-0.1173837,0.08353876,0.5272869
544,-0.1209995,0.08916828,0.5344456
545,-0.1234666,0.07268088,0.5420526
546,-0.1258478,0.07404391,0.5489179
547,-0.1279772,0.07532796,0.5570567
548,-0.1285208,0.07658733,0.5667743
549,-0.09853269,0.07365718,0.5090538
550,-0.1009199,0.07357277,0.5114214
551,-0.1050261,0.07332997,0.5158063
552,-0.1096873,0.07253344,0.5211414
553,-0.1150187,0.07142298,0.5272996
554,-0.1196655,0.07116449,0.5342813
555,-0.009699769,-0.02107307,0.5196743
556,-0.004105981,-0.02269517,0.5308203
557,0.001305815,-0.0167663,0.5303723
558,-0.005034674,-0.01638148,0.5193934
559,-0.03791519,-0.04064674,0.5127201
560,-0.03653666,-0.04366364,0.5234625
561,-0.02983197,-0.04219903,0.5243537
562,-0.0319372,-0.03944527,0.5137392
563,-0.01454543,-0.01783249,0.5136336
564,-0.01075943,-0.01349181,0.513635
565,0.004691314,-0.01622754,0.5374662
566,0.007223953,-0.01474703,0.5452627
567,0.01660962,0.001153713,0.5427661
568,0.01338619,-0.001672301,0.5339301
569,-0.03920884,-0.03282126,0.504931
570,-0.0340663,-0.03212107,0.5057319
571,-0.02567969,-0.0370522,0.5150928
572,-0.02307484,-0.03903085,0.5255803
573,-0.01618446,-0.03413444,0.5274513
574,-0.01978999,-0.03306765,0.5170889
575,-0.01695255,-0.01534796,0.5114706
576,-0.01335296,-0.01134149,0.511689
577,0.001134645,-0.005574757,0.5157237
578,0.009014588,-0.00358548,0.5260366
579,0.01042642,0.004444504,0.5222797
580,0.002028797,0.0009071892,0.5123368
581,0.01979394,0.0103101,0.5401147
582,0.015776,0.006747542,0.529959
583,-0.04037132,-0.02518803,0.5025408
584,-0.03582736,-0.0253503,0.5032824
585,-0.02874426,-0.03089807,0.5078052
586,-0.02319282,-0.02791913,0.510545
587,-0.01416731,-0.02714182,0.5188204
588,-0.01866584,-0.02274795,0.5125667
589,-0.005995672,-0.00511355,0.5109591
590,-0.004915107,0.02328179,0.5000869
591,-0.01191944,0.01683648,0.4999362
592,-0.00638482,0.004822499,0.5052219
593,0.001494069,0.008059453,0.5085902
594,0.01869446,0.004522976,0.5533912
595,0.01936062,0.007039432,0.5647398
596,0.02294841,0.01668163,0.5653325
597,0.02285637,0.01563888,0.5520525
598,-0.03126837,-0.0251869,0.504853
599,-0.02573486,-0.02358022,0.5074875
600,-0.00544871,-0.0004521646,0.5082175
601,-0.01784991,-0.005632643,0.5078368
602,-0.02072527,-0.0083375,0.5063521
603,-0.01858046,-0.0122969,0.5089321
604,-0.01556496,-0.008937741,0.5097165
605,-0.009368695,-0.004272368,0.5101296
606,-0.00900026,-0.0004430572,0.507888
607,-0.0411325,-0.01551946,0.5013917
608,-0.04047704,-0.0202046,0.5021181
609,-0.03627596,-0.02022798,0.5028669
610,-0.03689789,-0.01537973,0.5018681
611,-0.009747971,0.003888012,0.5051384
612,0.02522984,0.03335664,0.5501221
613,0.02568866,0.05734056,0.5493779
614,0.02314368,0.0581823,0.5383109
615,0.02362965,0.03069335,0.5405799
616,-0.03298825,-0.01444437,0.502361
617,-0.03229832,-0.0200201,0.5040767
618,-0.02770796,-0.01884122,0.5059879
619,-0.02852677,-0.01310449,0.5034503
620,-0.02283986,-0.01576854,0.5078768
621,-0.02463914,-0.01120678,0.5049591
622,-0.02510501,0.0001710104,0.5029646
623,-0.02281691,-0.002946023,0.5037475
624,-0.02059446,-0.001923527,0.5062899
625,-0.02225743,0.0004049623,0.5055116
626,-0.01221182,-0.003175984,0.5092281
627,-0.01505729,-0.001837276,0.5083137
628,-0.01430801,0.01451527,0.5004177
629,-0.01173849,0.02960095,0.4979669
630,-0.01594933,0.02295638,0.4987677
631,-0.04207699,-0.007798484,0.4940476
632,-0.0417333,-0.0111851,0.4980639
633,-0.03765687,-0.01054359,0.4980227
634,-0.03826429,-0.006294783,0.4941499
635,-0.0117759,-0.0001427643,0.5073062
636,-0.01462791,0.0003686491,0.5068473
637,-0.01759369,0.02018192,0.4989698
638,-0.02123017,0.0292183,0.4984995
639,-0.01858138,0.03519442,0.4977182
640,-0.02098899,0.05808283,0.5029045
641,-0.02073688,0.05327455,0.5009547
642,-0.0142273,0.05158934,0.5019546
643,-0.01522513,0.05722022,0.5038475
644,-0.03471005,-0.004635377,0.4950547
645,-0.03372294,-0.009441681,0.4982575
646,-0.03004943,-0.007513169,0.4990523
647,-0.0314826,-0.003040865,0.4967578
648,-0.02639571,-0.005042959,0.5009444
649,-0.02810768,-0.001124019,0.4996974
650,-0.02588019,0.002017512,0.5028068
651,-0.0229609,0.002086441,0.5049902
652,-0.01712402,-0.000323697,0.5077226
653,-0.01867086,0.0009069433,0.5078182
654,-0.01489967,0.003053901,0.504785
655,-0.01238988,0.003318829,0.5047308
656,-0.01639533,0.0120135,0.5002552
657,-0.01825369,0.009248009,0.5003933
658,-0.02200575,0.02589588,0.4982041
659,-0.04279123,-0.002076513,0.4933237
660,-0.03907951,-0.00126042,0.4939556
661,-0.0260902,0.002920639,0.5030772
662,-0.02319064,0.002924029,0.5053642
663,-0.01674457,0.001304639,0.5070929
664,-0.01822826,0.001973678,0.5074688
665,-0.02067922,0.01297705,0.4982516
666,-0.0190828,0.01683494,0.4985664
667,-0.02324227,0.02204582,0.4974286
668,-0.02953227,0.04467399,0.495387
669,-0.02996079,0.05494701,0.4975578
670,-0.03372258,0.05785731,0.4957124
671,-0.03316149,0.0484889,0.4919047
672,-0.0160804,0.06154299,0.5044075
673,-0.02061354,0.06205574,0.5037495
674,0.009360738,0.05611949,0.5138623
675,0.004160788,0.06217827,0.5123369
676,0.0004576296,0.05959528,0.5091541
677,0.004611753,0.05314663,0.5091604
678,-0.04296041,0.001785918,0.4943832
679,-0.03918279,0.002371917,0.4954843
680,-0.03570445,-0.0004123403,0.4951106
681,-0.03210036,0.000587577,0.4973797
682,-0.02900133,0.001284019,0.4998635
683,-0.01957275,0.001978835,0.5079026
684,-0.01700699,0.002942867,0.5055228
685,-0.01987606,0.006772866,0.5011949
686,-0.02147193,0.004959503,0.5025012
687,-0.01848122,0.002861208,0.5064982
688,-0.03020935,0.05872865,0.499088
689,-0.0298414,0.06299014,0.5016258
690,-0.03337283,0.06622052,0.5010207
691,-0.03391451,0.06206209,0.4979531
692,-0.01692828,0.06689861,0.5034519
693,-0.0205699,0.06711355,0.5032366
694,-0.01126688,0.0615682,0.5053927
695,-0.01327838,0.06688663,0.5041326
696,-0.0008170493,0.06600171,0.5107214
697,-0.003653482,0.06367111,0.5085783
698,-0.03589093,0.002747108,0.4969041
699,-0.0325019,0.002883226,0.4988852
700,-0.02916646,0.002884774,0.5008217
701,-0.01982903,0.002529885,0.508257
702,-0.0189569,0.002265081,0.5080469
703,-0.02212739,0.008965613,0.4987644
704,-0.02392784,0.006025553,0.4999345
705,-0.0286649,0.06572948,0.5032886
706,-0.02574012,0.05992776,0.5021635
707,-0.02482124,0.0632571,0.5034885
708,-0.01946848,0.002401631,0.508531
709,-0.019363,0.002656018,0.5073886
710,-0.02234538,0.003761124,0.503714
711,-0.04068162,0.06440184,0.4908712
712,-0.039474,0.05440727,0.4857306
713,-0.03647041,0.05174943,0.4886911
714,-0.0373658,0.06131936,0.4935446
715,-0.02406014,0.06779905,0.5034131
716,-0.02715125,0.06922546,0.5036005
717,0.0142068,0.06923024,0.5252419
718,0.00862043,0.07235348,0.520737
719,0.008103076,0.06870423,0.5187237
720,0.01397415,0.06455452,0.5227214
721,-0.01976517,0.002538078,0.5081402
722,-0.02323523,0.002670717,0.5054477
723,-0.02487379,0.004658179,0.5007759
724,-0.04414421,0.07156279,0.4906736
725,-0.04688266,0.07244943,0.4889354
726,-0.04659915,0.06722213,0.4863212
727,-0.04339049,0.06624326,0.4882358
728,-0.0227921,0.08146285,0.5011343
729,-0.02096025,0.07164814,0.5029291
730,-0.01801439,0.07161928,0.502853
731,-0.01972323,0.08222647,0.5004534
732,-0.01502852,0.07150565,0.5032866
733,-0.0162841,0.0824479,0.5005102
734,0.003240202,0.07512178,0.5161662
735,0.002438646,0.07193868,0.5150055
736,0.007367563,0.08222294,0.5179783
737,0.00813482,0.0792919,0.5204179
738,0.01366083,0.07881248,0.5265064
739,0.0121053,0.0834291,0.5236478
740,-0.02625684,0.002724233,0.5031421
741,-0.026996,0.03655231,0.4968047
742,-0.02907169,0.0400686,0.492981
743,-0.02942416,0.0393637,0.4909482
744,-0.02804294,0.03738835,0.4943653
745,-0.02961322,0.03558995,0.4886854
746,-0.02959588,0.03824719,0.4889038
747,-0.03179885,0.03963072,0.4852851
748,-0.03153896,0.03640993,0.4846941
749,-0.009668369,0.08119394,0.5026322
750,-0.009524755,0.07262446,0.5048969
751,-0.007462744,0.07360603,0.5058711
752,-0.007887535,0.08082855,0.5036013
753,-0.001167934,0.07662866,0.5111759
754,-0.002071615,0.07498853,0.5102882
755,0.00499633,0.08692323,0.5115072
756,0.006290093,0.08465891,0.5148485
757,0.01051596,0.08705102,0.5195738
758,0.008948427,0.09025912,0.515098
759,-0.02892084,0.01364795,0.4933468
760,-0.03306843,0.01511735,0.4917067
761,-0.03343309,0.009720597,0.4917255
762,-0.03029642,0.00894498,0.493521
763,-0.02757197,0.03323943,0.4960562
764,-0.02733157,0.03116489,0.4983522
765,-0.03805948,0.04560547,0.4800327
766,-0.04130404,0.04711429,0.4772415
767,-0.04129732,0.04325796,0.474758
768,-0.03776181,0.04220328,0.4778357
769,-0.04579484,0.0575429,0.4809959
770,-0.04239408,0.0562293,0.4831449
771,-0.04224158,0.07566123,0.4946056
772,-0.037885,0.07058072,0.4992956
773,-0.03797266,0.07846794,0.4991717
774,-0.04042009,0.08472861,0.4931206
775,-0.02395457,0.07196116,0.5032447
776,-0.02537465,0.08067507,0.501995
777,-0.027699,0.07924616,0.5030782
778,-0.0265651,0.07325311,0.5038074
779,0.0008356571,0.08507815,0.5078682
780,0.002114967,0.08343977,0.5104945
781,0.007106762,0.09336185,0.511001
782,0.002446301,0.08900246,0.5074071
783,-0.02950097,0.03005455,0.4962642
784,-0.03146461,0.03023931,0.4949385
785,-0.03307505,0.02843701,0.4941562
786,-0.02873228,0.02718798,0.4975679
787,-0.03137189,0.03112392,0.4916225
788,-0.03148045,0.03197443,0.4894269
789,-0.03359171,0.0329235,0.4855047
790,-0.04102712,0.03840302,0.47388
791,-0.0374346,0.03794306,0.4770685
792,-0.04403072,0.08726063,0.4896345
793,-0.04471468,0.0773014,0.4917325
794,-0.0009914599,0.08629599,0.5056459
795,-0.04151183,0.0163068,0.4891186
796,-0.03705379,0.01644632,0.4901984
797,-0.0387832,0.02213286,0.4901446
798,-0.04350799,0.02161737,0.4889775
799,-0.04166766,0.03465896,0.4744736
800,-0.03829051,0.03490764,0.4772484
801,-0.04509886,0.04800278,0.4753068
802,-0.045248,0.04366801,0.4729612
803,-0.03124298,0.09389922,0.4903733
804,-0.03568079,0.09874876,0.486778
805,-0.004047461,0.08369926,0.5038616
806,-0.002504382,0.08312172,0.5058114
807,-0.0009254254,0.09110248,0.5034357
808,-0.00354623,0.08770674,0.5030276
809,-0.03760741,0.00680056,0.4914976
810,-0.03934989,0.002409095,0.4955487
811,-0.03610279,0.002746294,0.4969875
812,-0.03477522,0.006432338,0.4932044
813,-0.03963368,0.01137153,0.4891668
814,-0.03617112,0.01071177,0.4903187
815,-0.04019916,0.03258006,0.4777555
816,-0.04250125,0.03057386,0.4795463
817,-0.04495116,0.03848106,0.4720567
818,-0.04652587,0.0884264,0.48887
819,-0.0468016,0.07901086,0.4907208
820,-0.03102733,0.08830768,0.4967122
821,-0.006083287,0.08440281,0.5022084
822,-0.04505612,0.03450976,0.472967
823,-0.04255193,0.09819943,0.486269
824,-0.02738395,0.08998217,0.4960977
825,-0.02704926,0.09538086,0.4902341
826,-0.02925742,0.08460608,0.5004061
827,-0.02651675,0.0866985,0.4991678
828,0.002623022,0.09608141,0.5046332
829,-0.04161837,0.006557686,0.4903069
830,-0.04356944,0.02824605,0.4859614
831,-0.04272166,0.02913807,0.4856086
832,-0.04327692,0.02956555,0.4821634
833,-0.04431197,0.02885257,0.4819092
834,-0.04375343,0.02987202,0.4787906
835,-0.04266152,0.03176875,0.4762336
836,-0.04557936,0.03125397,0.4749326
837,-0.04597425,0.02905821,0.4779667
838,-0.02931204,0.1014358,0.4871331
839,-0.02145591,0.09673001,0.4911897
840,-0.02306467,0.09159371,0.4957048
841,-0.0284714,0.082423,0.5012621
842,-0.02561575,0.08415675,0.5001103
843,-0.02999623,0.07702611,0.5049709
844,-0.03022438,0.07552887,0.5045019
845,-0.02872348,0.07484014,0.5045936
846,-0.02935584,0.07793455,0.5042179
847,-0.004857823,0.09299369,0.4999456
848,-0.002548479,0.09839495,0.4996918
849,-0.007777408,0.1009357,0.4964631
850,-0.01045974,0.09410603,0.4970299
851,-0.04476745,0.02536965,0.4875718
852,-0.04586434,0.02742034,0.4855405
853,-0.04314001,0.001904436,0.4943931
854,-0.04072587,0.02617284,0.4886597
855,-0.04018722,0.02840837,0.4886029
856,-0.03632261,0.02788768,0.491833
857,-0.04627383,0.02806092,0.4814579
858,-0.02289858,0.1040904,0.4886385
859,-0.02251069,0.08840796,0.4979872
860,-0.03434284,0.0766304,0.5028293
861,-0.03199345,0.07690477,0.5034211
862,-0.006674159,0.08195195,0.5031584
863,-0.008366149,0.08241333,0.5019278
864,-0.007370852,0.088937,0.5003618
865,-0.009817615,0.08541243,0.5000483
866,-0.01460831,0.09910953,0.492982
867,-0.01708893,0.09297422,0.4956637
868,-0.01812602,0.08940141,0.4976233
869,-0.02232349,0.08523424,0.4991052
870,-0.0280608,0.08042932,0.50208
871,-0.02560868,0.0821726,0.5007623
872,-0.01299492,0.0896458,0.4981527
873,-0.01450671,0.08592144,0.4985961
874,-0.01892028,0.0859496,0.498486
875,-0.02276297,0.08320822,0.499844
876,-0.01273378,0.08187366,0.5013269
877,-0.01195466,0.0832973,0.5002531
878,0.002578471,0.1398224,0.5206633
879,-0.006017596,0.1446429,0.5122873
880,-0.007186733,0.1347072,0.5059584
881,0.00142175,0.1308877,0.5150172
882,-0.01942732,0.08384128,0.4992251
883,-0.01576484,0.08397207,0.4992846
884,-0.014824,0.1482255,0.5062996
885,-0.01568347,0.136839,0.4993262
886,-0.0232967,0.1506821,0.5016723
887,-0.03165513,0.1389481,0.4913914
888,-0.02377108,0.1378433,0.4946382
889,-0.03123367,0.1524241,0.4987014
890,-0.03921779,0.1532508,0.4965785
891,-0.04733276,0.1532676,0.4950964
892,-0.04692955,0.1389252,0.488129
893,-0.03927855,0.1390012,0.4891916
894,-0.0385251,0.1250542,0.486792
895,-0.03689468,0.111838,0.4849124
896,-0.02904099,0.1128538,0.486619
897,-0.03102098,0.1251826,0.4883338
898,-0.0217992,0.1139078,0.4907374
899,-0.02361229,0.1254167,0.4908477
900,-0.01638374,0.1253858,0.4951673
901,-0.01511347,0.1144117,0.4946497
902,-0.008355174,0.1140957,0.498385
903,-0.008496884,0.124117,0.5009556
904,-0.0006385371,0.1116991,0.5046446
905,0.0004443713,0.1212152,0.5091408
906,0.00727085,0.1184677,0.5174673
907,0.006063141,0.1096052,0.5139091
908,0.01097693,0.1071621,0.5209731
909,0.01237289,0.113843,0.5246785
910,-0.02089342,-0.01940549,0.5100669
911,-0.0299399,0.03317915,0.4889888
912,-0.03204793,0.03423036,0.4847299
913,-0.02934409,0.03199435,0.4927685
914,-0.03771842,0.06573375,0.4961774
915,-0.03527791,0.04362636,0.4833143
916,-0.03520731,0.04100975,0.4809297
917,-0.03194602,0.04153836,0.4871245
918,-0.03470506,0.03735529,0.4803301
919,-0.03503056,0.0350223,0.4807816
920,-0.03621525,0.03353735,0.4817683
921,-0.004378725,0.04531138,0.5023563
922,-0.0122087,0.04633949,0.5004963
923,-0.007351838,0.05093213,0.5033833
924,-0.00940495,0.05709945,0.504925
925,-0.01202552,0.07190689,0.5039738
926,-0.007071469,0.06883993,0.5064695
927,-0.009814866,0.06755012,0.5052152
928,-0.007195864,0.06237115,0.5068353
929,0.01662202,0.01635762,0.5254294
930,0.01124207,0.01342756,0.5175965
931,0.02049508,0.01962665,0.5352804
932,0.02063337,0.0283941,0.5306195
933,0.01638128,0.02557302,0.5208796
934,0.01915244,0.0611469,0.5295026
935,0.01780505,0.05517966,0.5249784
936,0.01119316,0.02247762,0.512432
937,-0.001317132,-0.02248627,0.5377676
938,0.002760828,0.04577053,0.5060622
939,0.01414044,0.05070087,0.5178503
940,0.008918699,0.04726205,0.5113214
941,-0.01938842,0.04865505,0.4996532
942,-0.03260748,0.04367052,0.4889671
943,-0.03564312,0.04630462,0.485388
944,-0.04530117,0.05145365,0.4775155
945,-0.04170321,0.05033893,0.4794672
946,-0.004839577,0.0705883,0.5078343
947,0.001373846,0.06907795,0.5131088
948,-0.00309135,0.07285841,0.5092474
949,0.006717373,0.06537512,0.5158842
950,-0.0009328835,0.05149014,0.5056975
951,0.01454366,0.09110105,0.5263759
952,0.01154637,0.09539427,0.5207964
953,0.008373328,0.09904999,0.5156018
954,0.003802676,0.1016259,0.5087441
955,-0.00186925,0.1041271,0.5021245
956,-0.008229245,0.1057609,0.4970359
957,-0.01509773,0.1055577,0.4927287
958,-0.04594785,0.1246903,0.4857837
959,-0.04446683,0.1110612,0.4846878
960,-0.02367072,0.01686454,0.4964545
961,-0.02516572,0.01140926,0.4956531
962,-0.03860316,0.04869073,0.4821391
963,-0.02825618,0.005542538,0.497436
964,-0.0270502,0.007457461,0.4965188
965,-0.03144093,0.006082961,0.4949979
966,-0.02942054,0.002778215,0.500876
967,-0.03264305,0.002888187,0.4989229
968,-0.0346764,0.07248184,0.5034171
969,-0.03170715,0.06920896,0.5029963
970,-0.02993267,0.07188276,0.5039093
971,-0.03189822,0.07399809,0.5044735
972,-0.04152489,0.06952292,0.4932341
973,-0.02609529,0.05561424,0.5000375
974,-0.02544355,0.05153917,0.4987696
975,-0.03046562,0.07710491,0.5041194
976,0.0267902,0.05700763,0.5608765
977,0.02697632,0.06564306,0.5602407
978,0.02570456,0.06549914,0.5498733
979,-0.02497477,0.04036164,0.4978448
980,-0.03456544,0.02545768,0.4932254
981,-0.0414026,0.03073093,0.4832198
982,-0.03817942,0.03156997,0.4865948
983,-0.003672738,0.07750325,0.508327
984,-0.004658848,0.07624973,0.5075744
985,-0.00527291,0.08121195,0.5047884
986,-0.005924881,0.07480903,0.5066705
987,-0.006158948,0.080328,0.5050617
988,0.009333931,0.1339264,0.5289258
989,0.008248661,0.126399,0.5226747
990,-0.004035853,0.08062558,0.5063652
991,-0.001775172,0.08181445,0.5077692
992,-0.004906259,0.0798447,0.5065633
993,-0.03573712,-0.04447875,0.5311894
994,-0.03518195,-0.04541314,0.5404035
995,-0.02873429,-0.04276272,0.5323962
996,-0.02142831,-0.03938257,0.5334857
997,-0.01438313,-0.03442611,0.5353665
998,-0.02020108,-0.03931412,0.542433
999,-0.01303807,-0.03413862,0.543545
1000,-0.02849275,0.0202196,0.4948301
1001,-0.02791324,-0.04323616,0.5414932
1002,-0.004148416,0.05797661,0.5066475
1003,0.008532628,-0.01259966,0.5542247
1004,0.02328004,0.02296603,0.544611
1005,0.01256809,0.06016992,0.5188187
1006,0.003341485,0.0795424,0.5151364
1007,0.002858359,0.08146006,0.5131231
1008,-0.0008117408,0.07932024,0.5107902
1009,-0.001166388,0.08070233,0.509494
1010,-0.003233831,0.07915033,0.5084705
1011,-0.003240153,0.07989192,0.5078367
1012,-0.004333597,0.07940117,0.5078375
1013,0.02473636,0.02563737,0.5576289
1014,0.01929792,0.06688268,0.5320504
1015,-0.0007184856,0.07810697,0.511236
1016,-0.003304973,0.07839973,0.5084663
1017,0.00362451,0.07751754,0.5162583
1018,0.008702148,0.07590039,0.5211905
1019,0.01398687,0.07393965,0.526312
1020,-0.03389417,0.02127703,0.4925941
1021,-0.02840621,0.03654661,0.4920283
1022,-0.02829198,0.03405721,0.4930603
1023,0.02318415,0.06578409,0.5403041
1024,0.02593109,0.03407774,0.5598639
1025,0.02445309,0.02609726,0.5684458
1026,0.01401684,0.1203895,0.5300089
1027,0.01520661,0.1275676,0.5369352
1028,0.02744039,0.06563364,0.5715078
1029,0.02718568,0.05644548,0.5728287
1030,0.02550088,0.03536614,0.5716277
1031,0.00954121,-0.01049598,0.5643768
1032,-0.03482264,-0.04593793,0.5478532
1033,-0.0271019,-0.0432861,0.5491866
1034,-0.01957119,-0.03922504,0.5506697
1035,-0.01253175,-0.0338977,0.5518032
1036,-0.01911621,-0.0395784,0.5578597
1037,-0.01157321,-0.03345783,0.5598581
1038,-0.02662116,-0.04402364,0.5561496
1039,-0.03440046,-0.04696335,0.5546923
1040,-0.004922763,-0.02709644,0.5527616
1041,-0.005843394,-0.02811198,0.5443414
1042,0.003086772,-0.0185812,0.5633833
1043,-0.004010018,-0.02633978,0.5618566
1044,-0.009886302,-0.02849538,0.5297454
1045,-0.007406779,-0.02866573,0.5370994
1046,0.0007111877,-0.0216345,0.5450112
1047,0.002023831,-0.02003566,0.5536535
1048,0.01471606,0.1025756,0.5273179
1049,0.01656383,0.08569583,0.5307249
1050,0.01663793,0.107613,0.5318446
1051,0.01756668,0.09702933,0.5334466
1052,0.01993069,0.08914234,0.5384161
1053,0.022078,0.09184647,0.5445648
1054,0.0198005,0.1006913,0.5389078
1055,0.01885894,0.1131765,0.5377843
1056,0.02208172,0.1044721,0.5453088
1057,0.02426123,0.09453425,0.5517583
1058,0.02035704,0.1195665,0.5463043
1059,0.02454073,0.1085623,0.5545198
1060,0.02639466,0.09701698,0.5617056
1061,0.02683799,0.0746979,0.5585912
1062,0.02537109,0.07395265,0.5492512
1063,0.02295957,0.07326478,0.5408964
1064,0.02739958,0.07524201,0.5688474
1065,0.02696079,0.08555977,0.5658404
1066,0.02645783,0.08422847,0.5561239
1067,0.01840605,0.07909082,0.5334349
1068,0.01898327,0.0730239,0.5330791
1069,0.02209519,0.08104791,0.5411238
1070,0.0243939,0.08268175,0.5479823
1071,-0.003941499,0.07897298,0.5085465
1072,-0.0464403,0.001666844,0.4939289
1073,-0.1186426,0.01893206,0.5516481
1074,0.02449464,0.02722957,0.550688
1075,-0.07227389,0.07630207,0.5035788
1076,-0.07148278,0.07782243,0.5025019
1077,-0.07006823,0.07938345,0.5022978
1078,-0.06772666,0.08217686,0.4990713
1079,-0.06928613,0.09107801,0.4899406
1080,-0.0643966,0.09165774,0.4883207
1081,-0.05982613,0.09241526,0.4877383
1082,-0.05196437,0.09324168,0.4872505
1083,-0.04400305,0.09317891,0.4876212
1084,-0.03921374,0.09294783,0.4880793
1085,-0.0344051,0.09251603,0.4896622
1086,-0.03491837,0.08353724,0.498917
1087,-0.03230673,0.08126891,0.502057
1088,-0.03074283,0.08008899,0.5023394
1089,-0.02968523,0.07872953,0.5033411
1090,-0.01859955,0.07389413,0.5035731
1091,-0.02149346,0.0740191,0.503714
1092,-0.01561439,0.07351203,0.5037465
1093,-0.008208849,0.07481045,0.5060709
1094,-0.01015922,0.07428443,0.5051854
1095,-0.02644879,0.07439169,0.504674
1096,-0.02401,0.07397215,0.5040828
1097,-0.02865072,0.07557148,0.5050727
1098,-0.02969513,0.0761427,0.5052279
1099,-0.01262765,0.07383282,0.5043429
1100,-0.006556962,0.07569425,0.5068557
1101,-0.005099446,0.07680619,0.5077894
1102,-0.004211627,0.07789925,0.5084522
1103,-0.07982466,0.07062584,0.5040601
1104,-0.08266953,0.07017764,0.5039686
1105,-0.08558065,0.06946047,0.5041773
1106,-0.09109507,0.06961478,0.5056934
1107,-0.09309803,0.06991918,0.5065899
1108,-0.07732095,0.07086477,0.5044013
1109,-0.07494375,0.07156973,0.5049608
1110,-0.07193097,0.07368687,0.5054757
1111,-0.0728983,0.07299785,0.5053371
1112,-0.08859227,0.06944257,0.5048178
1113,-0.09482854,0.0706054,0.507389
1114,-0.09639602,0.07154384,0.5083523
1115,-0.09739538,0.07252657,0.5090277
1116,-0.09779555,0.0735618,0.5091298
1117,-0.003878839,0.07858497,0.5086426
1118,-0.06218283,0.0290515,0.4906643
1119,-0.03421116,0.03060462,0.4903853
1120,-0.07239225,0.0001542857,0.5088468
1121,-0.07228075,-0.0009446358,0.5088803
1122,-0.06933348,0.0008333093,0.5079819
1123,-0.06894403,-0.001040561,0.5072167
1124,-0.06665014,0.001202044,0.5065638
1125,-0.06625543,-0.0004645512,0.5059653
1126,-0.05317537,0.002781867,0.5001614
1127,-0.05296834,0.0008035526,0.4991136
1128,-0.05616265,0.00073101,0.5004003
1129,-0.05632995,0.002664861,0.5013937
1130,-0.04951515,0.002698699,0.4992951
1131,-0.04924922,0.0007676296,0.4981303
1132,-0.04648263,0.002758436,0.4990836
1133,-0.0462433,0.0008862801,0.4978635
1134,-0.06308041,3.24389E-05,0.5040209
1135,-0.06345555,0.001765607,0.5047753
1136,-0.05993756,0.002301864,0.5031985
1137,-0.0596207,0.0005938662,0.5023388
1138,-0.07278468,-0.0002036644,0.5083665
1139,-0.0199493,0.001656408,0.5093777
1140,-0.02318756,0.00121031,0.5076509
1141,-0.02314932,0.003132429,0.5084582
1142,-0.02001512,0.002754194,0.5093291
1143,-0.02599745,0.001550674,0.5064511
1144,-0.02582578,0.003223937,0.5070737
1145,-0.03979252,0.003454461,0.5003821
1146,-0.03648732,0.00368413,0.5016932
1147,-0.03631288,0.001727508,0.5007167
1148,-0.03952571,0.001471544,0.4993503
1149,-0.04322993,0.001052978,0.4982767
1150,-0.0434365,0.003002113,0.4994299
1151,-0.02927357,0.001720523,0.5044507
1152,-0.03276661,0.001960106,0.5027319
1153,-0.03284986,0.003680516,0.5035604
1154,-0.02929256,0.00345454,0.5051538
1155,-0.01955593,0.002416873,0.5088568
1156,-0.008746285,0.01948972,0.4998479
1157,-0.01390038,0.02584754,0.4982341
1158,-0.01986994,0.03206347,0.4981255
1159,-0.02579604,0.03784032,0.497746
1160,-0.02947266,0.04218867,0.4943415
1161,-0.03304085,0.04594192,0.4907327
1162,-0.03618164,0.04900028,0.4871644
1163,-0.03911483,0.05164597,0.4840659
1164,-0.0421263,0.05351595,0.4814405
1165,-0.04555636,0.05473172,0.4795059
1166,-0.04981467,0.05528071,0.4787706
1167,-0.05396926,0.05424878,0.479542
1168,-0.05719208,0.05264812,0.481526
1169,-0.05989635,0.05045133,0.4842089
1170,-0.06241827,0.04750146,0.4873869
1171,-0.06506573,0.04411286,0.4910174
1172,-0.0680166,0.04000948,0.494752
1173,-0.07095101,0.03541098,0.4983505
1174,-0.07599786,0.02916482,0.4991353
1175,-0.08104774,0.02241111,0.4995514
1176,-0.08523181,0.01561132,0.5014378
1177,-0.08947603,0.001758759,0.5081627
1178,-0.0893365,-0.004499933,0.5113944
1179,-0.08800995,-0.01013344,0.5142441
1180,-0.08129004,-0.01925492,0.5169236
1181,-0.07658298,-0.02354915,0.5166629
1182,-0.07173809,-0.0286083,0.5156708
1183,-0.06605908,-0.03365862,0.5135971
1184,-0.06002337,-0.03640234,0.5110751
1185,-0.05391147,-0.03746814,0.5093036
1186,-0.04847394,-0.03762372,0.508367
1187,-0.04347429,-0.03741695,0.5079817
1188,-0.03845954,-0.03704872,0.5084559
1189,-0.03304034,-0.03623208,0.509416
1190,-0.02709752,-0.03443495,0.5111846
1191,-0.02141193,-0.03096009,0.5136403
1192,-0.01632708,-0.0252982,0.5156062
1193,-0.01206136,-0.01977449,0.51634
1194,-0.007905774,-0.01515187,0.5160706
1195,-0.002344929,-0.0055681,0.5128964
1196,-0.00173426,3.439933E-05,0.5098761
1197,-0.002418373,0.006188708,0.506466
1198,0.0003220178,0.0296022,0.5015988
1199,-0.009881455,0.03451813,0.4980392
1200,-0.01797489,0.03920712,0.4979041
1201,-0.02468795,0.04359092,0.4977507
1202,-0.02956699,0.04763603,0.495822
1203,-0.03339721,0.05146044,0.4929084
1204,-0.0367881,0.05473557,0.4900517
1205,-0.03977279,0.05734576,0.4872692
1206,-0.04263441,0.05933821,0.4847424
1207,-0.0459636,0.06052172,0.482682
1208,-0.05012496,0.06095545,0.4819639
1209,-0.09492484,0.02402096,0.5035227
1210,-0.08581721,0.03024747,0.4994966
1211,-0.07865475,0.03587897,0.498831
1212,-0.07277344,0.04093039,0.4983416
1213,-0.06856264,0.04543336,0.4962108
1214,-0.06533952,0.04964123,0.4931864
1215,-0.06246082,0.05324058,0.4902416
1216,-0.05987599,0.056186,0.4873964
1217,-0.05734123,0.05848053,0.4848148
1218,-0.05419623,0.06004686,0.4827177
1219,-0.09753918,0.01345741,0.5087016
1220,-0.09775153,0.004765593,0.5138373
1221,-0.09688129,-0.003105544,0.5179629
1222,-0.09483171,-0.01018451,0.5212951
1223,-0.08655638,-0.02134287,0.524649
1224,-0.08110587,-0.02642223,0.5245026
1225,-0.0754914,-0.031748,0.5233448
1226,-0.06903959,-0.036883,0.521392
1227,-0.06230813,-0.04049244,0.5194435
1228,-0.05537538,-0.04262356,0.5180976
1229,-0.04885984,-0.04321041,0.5171907
1230,-0.04315997,-0.04301271,0.5170076
1231,-0.03747684,-0.04251608,0.5172307
1232,-0.03104046,-0.04113977,0.5181735
1233,-0.02437833,-0.03818757,0.5195013
1234,-0.0180908,-0.03379286,0.5213852
1235,-0.01225113,-0.02792899,0.5232237
1236,-0.007287256,-0.02208464,0.5242084
1237,-0.002358675,-0.01670283,0.5240011
1238,0.004718039,-0.004830614,0.5200093
1239,0.005863007,0.002440269,0.5164264
1240,0.005715162,0.01042484,0.5120318
1241,0.004391801,0.01915015,0.5065275
1242,0.012625,0.04097356,0.5142524
1243,0.01786171,0.04419364,0.5231007
1244,0.02650319,0.04910715,0.572346
1245,0.02637708,0.0491437,0.5605908
1246,0.02244216,0.04912679,0.5342603
1247,0.02533866,0.04894879,0.548381
1248,0.006508142,0.03874005,0.5068927
1249,-0.1143871,0.03632437,0.5244028
1250,-0.1086938,0.03363625,0.5157021
1251,-0.1225745,0.04044284,0.5495047
1252,-0.1197147,0.04086333,0.5354427
1253,-0.1236438,0.040504,0.5616357
1254,-0.1236856,0.04045074,0.573311
1255,-0.1023043,0.03211763,0.5084407
1256,-0.001437951,0.03846313,0.5015215
1257,-0.09453237,0.03288711,0.5030029
1258,-0.01843508,0.04375056,0.4985837
1259,-0.02491006,0.04727728,0.4979291
1260,-0.010366,0.04058988,0.4990606
1261,-0.03361471,0.05450731,0.4937681
1262,-0.02978324,0.0510169,0.4961457
1263,-0.03696757,0.05753912,0.491343
1264,-0.04005676,0.06050932,0.488886
1265,-0.04290955,0.06256928,0.4865379
1266,-0.04629058,0.06386882,0.4845373
1267,-0.05028831,0.06395473,0.4837493
1268,-0.07303876,0.04455387,0.4984404
1269,-0.07885488,0.04035718,0.4993461
1270,-0.06879994,0.04877252,0.4965139
1271,-0.08621281,0.03622461,0.5002222
1272,-0.05996338,0.05933141,0.4890137
1273,-0.06261283,0.05603674,0.4915288
1274,-0.05742517,0.06172112,0.4866141
1275,-0.05423677,0.06340881,0.4845735
1276,-0.0655119,0.05266539,0.4940331
1277,-0.1099651,0.02704655,0.5189067
1278,-0.115005,0.02890758,0.5284933
1279,-0.1040082,0.02512656,0.5106149
1280,-0.08436392,0.006892405,0.5035902
1281,-0.08807717,0.008504235,0.5044095
1282,-0.09236889,0.01072649,0.505955
1283,0.01984785,0.03695013,0.5270483
1284,0.01508988,0.03467111,0.5171587
1285,0.02287309,0.03917857,0.5377373
1286,0.009387869,0.03208812,0.5087388
1287,-0.011714,0.0089736,0.5022814
1288,-0.008640233,0.0106888,0.5021591
1289,-0.004812226,0.01269136,0.5025706
1290,-0.0005784817,0.01554277,0.5038763
1291,0.02594509,0.04251275,0.5719768
1292,0.02601922,0.04176898,0.5604616
1293,0.02513521,0.0407734,0.5491793
1294,-0.1185715,0.03095834,0.5389727
1295,-0.1212113,0.03233621,0.5502911
1296,-0.1223179,0.0331762,0.5614874
1297,-0.1223017,0.0339217,0.5729426
1298,-0.08124195,0.005466398,0.503307
1299,-0.01620147,0.005802919,0.5023999
1300,-0.01408123,0.007363379,0.5021645
1301,-0.01957697,0.003775793,0.5045308
1302,-0.01805228,0.004705381,0.5033466
1303,-0.07464099,0.001925585,0.5034778
1304,-0.07305845,0.001157111,0.5043375
1305,-0.07654159,0.002852786,0.5028861
1306,-0.07876842,0.004121179,0.5029327
1307,-0.1057908,-0.009066675,0.5652014
1308,-0.1044582,-0.0114142,0.5544966
1309,-0.1024355,-0.01393736,0.5450633
1310,-0.0995527,-0.01543551,0.5369801
1311,-0.09549887,-0.01606867,0.5298374
1312,-0.09138786,-0.01624471,0.5235943
1313,-0.08835922,-0.01591828,0.5192847
1314,-0.08524631,-0.01496746,0.5160652
1315,-0.08211745,-0.0134657,0.5135944
1316,-0.079519,-0.01158018,0.5119952
1317,-0.07730284,-0.009499453,0.5103652
1318,-0.07509687,-0.006822394,0.5088753
1319,-0.07324976,-0.004077225,0.5076583
1320,-0.07204213,-0.002162543,0.5071027
1321,-0.07133357,-0.000568076,0.5063953
1322,-0.07105768,0.0003698645,0.5067235
1323,-0.0708539,-0.001120144,0.5082811
1324,-0.07118537,0.0005152794,0.5087058
1325,-0.07131633,0.0001460146,0.5064242
1326,-0.07201154,0.0004968625,0.5053235
1327,0.01497936,-0.001924687,0.564785
1328,0.01414058,-0.004481269,0.5541197
1329,0.01276359,-0.007324886,0.5446689
1330,0.01007479,-0.009242646,0.5363498
1331,0.006051876,-0.01046941,0.5289863
1332,0.001982093,-0.01125384,0.5226215
1333,-0.001140162,-0.01128284,0.5181326
1334,-0.00448782,-0.01064465,0.5148737
1335,-0.007928859,-0.009419141,0.5125532
1336,-0.0108952,-0.007822298,0.5113105
1337,-0.01339408,-0.006031975,0.5099453
1338,-0.01603951,-0.003643313,0.50866
1339,-0.01833375,-0.00123135,0.5077339
1340,-0.01989543,0.0005135331,0.5073988
1341,-0.0208113,0.001991313,0.5068129
1342,-0.02124241,0.002855446,0.5072089
1343,-0.02126688,0.001347423,0.5087699
1344,-0.02126048,0.002981695,0.509201
1345,-0.02113609,0.002632287,0.5068707
1346,-0.02052807,0.003038956,0.5057026
