0,-0.03968707,-0.07252657,0.5542821
1,-0.04429199,-0.07252558,0.5492496
2,-0.05565272,-0.072899,0.5375527
3,-0.06309412,-0.07097691,0.5295128
4,-0.0684553,-0.06423622,0.5227445
5,-0.07030825,-0.05708246,0.5200453
6,-0.07136393,-0.05232202,0.5190758
7,-0.07486547,-0.04374082,0.5160945
8,-0.07821131,-0.04077715,0.5133045
9,-0.07909721,-0.03505712,0.5122778
10,-0.07913645,-0.03070902,0.5127019
11,-0.08388722,0.04486753,0.4962608
12,-0.09030536,0.03026846,0.493405
13,-0.0951291,0.02027013,0.4910523
14,-0.08619103,-0.00236501,0.5039104
15,-0.0852479,-0.01107567,0.5065169
16,-0.08384203,0.05568348,0.494191
17,-0.09746365,0.006227793,0.4918026
18,-0.09801929,0.01036078,0.490446
19,-0.08590547,-0.01634356,0.5069979
20,-0.09096472,6.16964E-05,0.498995
21,-0.09605468,0.003104301,0.4937141
22,-0.08533016,-0.02071116,0.5084084
23,-0.08764741,-0.000552224,0.5021703
24,-0.08284814,0.04992013,0.4962129
25,-0.09316673,0.02426022,0.4920357
26,-0.09708504,0.01531556,0.4902711
27,-0.08428799,0.06525215,0.4917797
28,-0.08376565,0.09353074,0.4864703
29,-0.07517125,0.1246659,0.4879635
30,-0.08107618,0.1092214,0.4857422
31,-0.09371313,0.001030747,0.496294
32,-0.08534875,-0.005808301,0.5053479
33,-0.07222582,-0.0476339,0.5184786
34,-0.05038683,-0.07296938,0.5430069
35,-0.08598077,0.04010333,0.4953223
36,-0.07165192,0.04086588,0.6116055
37,-0.07133009,0.01842801,0.6113731
38,-0.06702378,-0.04240927,0.5875295
39,-0.06770927,-0.05230242,0.5766861
40,-0.06273788,-0.04974465,0.5828503
41,-0.06132961,-0.03939204,0.5950055
42,-0.07899128,-0.05490805,0.5530561
43,-0.07467554,-0.05491559,0.5635688
44,-0.07093538,-0.03431422,0.5911544
45,-0.08071102,-0.05188301,0.5457633
46,-0.08412505,-0.04418723,0.5594966
47,-0.08101828,-0.04230531,0.5702066
48,-0.06491813,-0.03069901,0.5990994
49,-0.08434479,-0.04222962,0.5523843
50,-0.08813725,-0.02938826,0.5723904
51,-0.0898995,-0.0334497,0.5623275
52,-0.07840191,-0.01632022,0.5957018
53,-0.09987652,-0.005065922,0.5478979
54,-0.09507829,-0.01096491,0.5450611
55,-0.09229825,-0.02374605,0.5533432
56,-0.09557675,-0.02017627,0.5590233
57,-0.07163174,-0.01222747,0.6044207
58,-0.08156679,-0.04897919,0.542081
59,-0.08824844,-0.03303723,0.5554554
60,-0.08230305,-0.04550766,0.5389509
61,-0.08485228,-0.03978835,0.5495538
62,-0.08618526,-0.03558851,0.5317613
63,-0.08540247,-0.0376046,0.5468473
64,-0.09444012,0.03918584,0.5858395
65,-0.07297827,0.008280154,0.6093435
66,-0.08580548,-0.03171679,0.5409407
67,-0.08654399,-0.03149443,0.5509658
68,-0.08676842,-0.0323719,0.5532124
69,-0.09029334,-0.02488448,0.551681
70,-0.08650455,-0.03178423,0.5300794
71,-0.08653063,-0.02914497,0.5458551
72,-0.09021273,-0.02534388,0.5500172
73,-0.09166756,0.03414733,0.5291951
74,-0.0930208,0.02877501,0.529079
75,-0.08573211,-0.02969955,0.5302327
76,-0.08572116,-0.02965139,0.5392267
77,-0.08895505,-0.02590982,0.5455758
78,-0.09265578,-0.01564679,0.5427005
79,-0.09295122,-0.01317756,0.5443348
80,-0.08512259,-0.02802421,0.5313319
81,-0.08589576,-0.02821896,0.5385327
82,-0.08626755,-0.02811967,0.5444292
83,-0.09140533,-0.02060494,0.5402322
84,-0.09331891,-0.009935438,0.5382532
85,-0.08993176,0.0297825,0.5199569
86,-0.091988,0.01890604,0.5212254
87,-0.1020169,0.02755524,0.5474747
88,-0.1013669,0.04005658,0.5541623
89,-0.08561286,-0.02740685,0.5387561
90,-0.08612424,-0.02716436,0.5436304
91,-0.08789079,-0.02584828,0.5445017
92,-0.09301983,-0.01375494,0.5371473
93,-0.09185576,0.01079996,0.5262731
94,-0.08707675,0.03845847,0.5212306
95,-0.08871388,0.03385185,0.5200136
96,-0.09146096,0.03839363,0.5294797
97,-0.08570334,-0.02661428,0.5435411
98,-0.08695449,-0.02593273,0.5440779
99,-0.08995888,-0.02239472,0.539282
100,-0.09912013,0.04114795,0.5455615
101,-0.09953281,0.04390327,0.5488987
102,-0.09642506,0.06596514,0.5726005
103,-0.08615182,-0.02603125,0.5439137
104,-0.08864376,-0.02368641,0.5390006
105,-0.09228037,-0.01775624,0.5363343
106,-0.08854575,0.03971212,0.5023706
107,-0.09314317,0.0293974,0.501155
108,-0.0927116,0.02568464,0.5100351
109,-0.08531512,0.04159606,0.5178066
110,-0.08722998,0.0371793,0.5161293
111,-0.08893853,0.03929305,0.5260663
112,-0.09196506,0.04335029,0.5286431
113,-0.09199667,0.04775173,0.5276763
114,-0.09884152,0.04926925,0.5695561
115,-0.09855244,0.05180092,0.5620567
116,-0.08664419,-0.02475182,0.5390862
117,-0.09206652,-0.0186881,0.5301849
118,-0.09542138,0.01379384,0.5189171
119,-0.08627223,0.04495899,0.5027207
120,-0.08578338,0.04507667,0.4995388
121,-0.09181612,0.05540827,0.5244511
122,-0.09860595,0.04615787,0.5409337
123,-0.09827045,0.04967789,0.5375437
124,-0.09952392,0.06076679,0.5578213
125,-0.1010384,0.07388297,0.5602098
126,-0.09331518,0.04743565,0.5864623
127,-0.08088605,0.04919472,0.6022959
128,-0.08532768,0.07766164,0.5915154
129,-0.09281065,0.05518553,0.5858918
130,-0.0906086,-0.02085831,0.5297798
131,-0.09039885,-0.0003072396,0.5186242
132,-0.09356268,0.01194922,0.5229256
133,-0.09694986,0.01261811,0.5173465
134,-0.09680837,0.01564882,0.513783
135,-0.08284862,0.04696897,0.5179198
136,-0.08954982,0.04384529,0.5261263
137,-0.09954447,0.05646204,0.5350167
138,-0.1000946,0.05913251,0.5514851
139,-0.1022994,0.0635184,0.5501668
140,-0.1026405,0.0679458,0.555232
141,-0.07923462,0.08096533,0.599318
142,-0.08966294,0.07378302,0.5851964
143,-0.08686873,-0.02346668,0.5307963
144,-0.09131017,-0.009701997,0.5158569
145,-0.09245329,0.008007169,0.5250276
146,-0.09668018,0.007579206,0.5176663
147,-0.0983149,0.0136714,0.5128011
148,-0.09825782,0.01892152,0.5035316
149,-0.09831861,0.020007,0.4990558
150,-0.09250052,0.03027557,0.4970674
151,-0.0838379,0.04509211,0.5129607
152,-0.08450475,0.04982447,0.5064177
153,-0.08953889,0.05485028,0.5231959
154,-0.09576607,0.08766799,0.5699736
155,-0.09197798,-0.01527949,0.5172845
156,-0.09115028,0.004900244,0.5239785
157,-0.09367848,0.005570719,0.5188364
158,-0.09531028,0.006278086,0.5169783
159,-0.09896951,0.01044527,0.5129092
160,-0.09855187,0.008187309,0.5129148
161,-0.08598283,0.05601975,0.505407
162,-0.08681761,0.05675223,0.5014039
163,-0.1047431,0.06973653,0.5498749
164,-0.103435,0.06409281,0.5447642
165,-0.09007701,-0.01942178,0.5172881
166,-0.08925989,-0.01021445,0.5112518
167,-0.08833317,-0.0017573,0.5063632
168,-0.0969363,0.006755356,0.5124883
169,-0.1009463,0.01109914,0.5029949
170,-0.1011599,0.01106839,0.4980168
171,-0.1003804,0.007259356,0.4984074
172,-0.1003314,0.007940816,0.5028133
173,-0.09737785,0.02045346,0.4948013
174,-0.1002712,0.05759624,0.5463583
175,-0.1023394,0.06043869,0.5454645
176,-0.1036721,0.0761135,0.5527129
177,-0.09529874,0.100224,0.5650259
178,-0.09862345,0.09250569,0.5603212
179,-0.08569942,-0.02358304,0.5186931
180,-0.09876032,0.005374156,0.5020916
181,-0.09845913,0.004338931,0.4992567
182,-0.09317322,0.001486788,0.5022452
183,-0.08645996,0.05606392,0.498392
184,-0.08324347,0.05173928,0.5115242
185,-0.08766348,0.04887273,0.5240471
186,-0.0873837,0.04497353,0.5238477
187,-0.08729099,0.05361716,0.5224193
188,-0.1000831,0.05638692,0.5395889
189,-0.1029577,0.0603165,0.5373582
190,-0.08282939,-0.02928634,0.5191841
191,-0.09059211,-0.01487545,0.5133323
192,-0.1001469,0.0106422,0.493891
193,-0.09943111,0.006699305,0.4948889
194,-0.09094851,0.05822242,0.5159024
195,-0.09512245,0.06361265,0.5111903
196,-0.08367719,0.04858056,0.5205844
197,-0.08470412,0.05028763,0.5217631
198,-0.0995042,0.05368775,0.5428279
199,-0.1019598,0.05759646,0.5394167
200,-0.1054533,0.07107414,0.5331022
201,-0.1030372,0.06476932,0.5328582
202,-0.08827638,-0.01988021,0.5130477
203,-0.09051597,0.001800105,0.5102789
204,-0.09040879,0.001168497,0.5057682
205,-0.0912925,0.002130721,0.5060261
206,-0.09760335,0.003509818,0.4962149
207,-0.09216775,0.0005124342,0.5005026
208,-0.09598687,0.06934451,0.5069593
209,-0.08960854,0.05596203,0.5192041
210,-0.08445222,0.05163075,0.52226
211,-0.1000137,0.05640934,0.5371687
212,-0.1015978,0.0573689,0.5360993
213,-0.1043069,0.07715109,0.5253166
214,-0.09046759,0.1084507,0.5706688
215,-0.08407392,-0.02440784,0.51487
216,-0.08927871,0.0001211613,0.503748
217,-0.09748422,0.06606268,0.5154071
218,-0.09862335,0.07234531,0.5116283
219,-0.09388552,0.06015798,0.5182646
220,-0.08365396,0.05089321,0.5197628
221,-0.102088,0.06007649,0.5323089
222,-0.1035245,0.07190238,0.5267621
223,-0.1009063,0.06456816,0.5270143
224,-0.1018225,0.07523584,0.5183542
225,-0.08106914,-0.03015562,0.5154661
226,-0.09745348,0.06271902,0.5218783
227,-0.1007403,0.06948131,0.5206603
228,-0.09291521,0.05764119,0.5205227
229,-0.08962683,0.05563968,0.5211365
230,-0.08993381,0.05523557,0.5219854
231,-0.09815913,0.1082051,0.5435272
232,-0.09418795,0.1182886,0.5486203
233,-0.09617737,0.05881166,0.5230784
234,-0.100479,0.05726307,0.5318332
235,-0.09954427,0.05959459,0.5268797
236,-0.09251396,0.05617477,0.5223831
237,-0.09236398,0.05599234,0.523191
238,-0.09847112,0.05665447,0.5318242
239,-0.09863685,0.1107213,0.5311284
240,-0.09530552,0.05673926,0.5241473
241,-0.09435895,0.05626214,0.5260657
242,-0.09497596,0.05653212,0.5250198
243,-0.09827304,0.05697085,0.5274026
244,-0.09664965,0.05671742,0.5286468
245,-0.09448312,0.1219297,0.5364534
246,-0.09300284,0.1244201,0.5258818
247,-0.09087069,0.1259487,0.5169095
248,-0.09318008,0.1116525,0.5044851
249,-0.09588948,0.1115532,0.5121135
250,-0.08783358,0.1267607,0.5088491
251,-0.09223016,0.09521602,0.4978076
252,-0.09583604,0.0961096,0.5037471
253,-0.0987245,0.09728932,0.5101846
254,-0.1005032,0.09844264,0.5176142
255,-0.1018304,0.09843946,0.5269172
256,-0.1021646,0.09704973,0.5391147
257,-0.085061,0.05045811,0.502998
258,-0.08493567,0.05033556,0.499998
259,-0.08660451,0.04144618,0.5228469
260,-0.08608201,0.04073495,0.5117154
261,-0.09238627,0.02262983,0.5154418
262,-0.09042734,0.00201393,0.5262947
263,-0.09349918,-0.01208211,0.5260201
264,-0.09288833,-0.01692301,0.5252336
265,-0.09732087,0.04879592,0.5351502
266,-0.09769705,0.04463393,0.5380948
267,-0.0979664,0.03947382,0.5417696
268,-0.09974637,0.03475224,0.5446078
269,-0.09954998,0.02663586,0.5412232
270,-0.09047022,-0.0196574,0.5210535
271,-0.08652815,-0.02316257,0.522453
272,-0.08378019,-0.02863116,0.5227774
273,-0.09518492,-0.008726032,0.5760866
274,-0.09641039,-0.01349647,0.5687433
275,-0.08785363,0.001734471,0.5918166
276,-0.0909971,0.009377027,0.5890455
277,-0.1009672,-0.004612008,0.5660356
278,-0.09870377,0.05057464,0.5536949
279,-0.09926385,0.05064081,0.545515
280,-0.07282218,0.05017596,0.6099996
281,-0.09770501,0.1117683,0.5206967
282,-0.08572964,0.1100192,0.4914914
283,-0.09494837,0.01775201,0.5144129
284,-0.09630282,0.02212496,0.504216
285,-0.09638637,0.02329836,0.4998588
286,-0.09555324,0.02400495,0.4958154
287,-0.09984129,0.05651332,0.541639
288,-0.09912848,0.04811635,0.5434551
289,-0.09933169,0.04737701,0.5518749
290,-0.1006526,0.04394819,0.5581304
291,-0.1004023,0.04405636,0.5682445
292,-0.1001002,0.01544114,0.502693
293,-0.1002425,0.01599127,0.4978507
294,-0.09915295,0.0159521,0.4936332
295,-0.07989193,0.125899,0.4943882
296,-0.0904012,0.005623747,0.5277806
297,-0.09398431,0.01442684,0.5207617
298,-0.08269708,0.05065257,0.5169141
299,-0.09544101,0.008361926,0.5336259
300,-0.0927575,0.002887726,0.5339459
301,-0.09247523,-0.0001484854,0.5336494
302,-0.09629353,0.02719301,0.5349526
303,-0.09457456,0.03350327,0.5343024
304,-0.09391649,0.03817931,0.533429
305,-0.0942466,0.04344389,0.5315471
306,-0.09041493,0.001854032,0.5157172
307,-0.09265685,-0.003798433,0.5325667
308,-0.0933736,-0.008997083,0.5322666
309,-0.09332938,-0.01454775,0.5311667
310,-0.09082447,-0.02083967,0.5353816
311,-0.08964315,-0.02227089,0.5349275
312,-0.08663035,-0.02401542,0.5349749
313,-0.08534291,-0.02786502,0.535099
314,-0.08495296,0.04448553,0.5201036
315,-0.08542362,0.04711055,0.521786
316,-0.08542531,0.05245399,0.5221198
317,-0.09360094,0.002263464,0.5031736
318,-0.09006743,-0.0004757345,0.5103272
319,-0.09817878,0.00689815,0.5077094
320,-0.09057544,0.002838845,0.5198443
321,-0.09505646,0.001415748,0.498212
322,-0.09592007,0.002447594,0.5003636
323,-0.09607363,0.003267189,0.5017743
324,-0.09388767,0.003695291,0.505219
325,-0.1008015,0.05694906,0.5376967
326,-0.1004893,0.05674115,0.5352371
327,-0.09928234,0.05680954,0.5313346
328,-0.09741314,0.05683387,0.5277486
329,-0.08474047,0.05136602,0.5212514
330,-0.08565587,0.05008292,0.5228958
331,-0.08975489,0.04784082,0.525668
332,-0.0940373,0.04793509,0.5298089
333,-0.09890015,0.05065258,0.5397496
334,-0.1028928,0.06027286,0.5418226
335,-0.09267411,0.1135366,0.5598123
336,-0.09717235,0.1048425,0.5542968
337,-0.1007344,0.09574082,0.5503546
338,-0.1059478,0.07707528,0.5429115
339,-0.106182,0.07064872,0.5410343
340,-0.1038751,0.06446132,0.5387744
341,-0.1006875,0.05705772,0.5401956
342,-0.1017826,0.05781223,0.542266
343,-0.09930808,0.05208742,0.5413665
344,-0.08958726,0.06585081,0.4985137
345,-0.09257904,0.06641223,0.5032462
346,-0.09250467,0.06149048,0.5086702
347,-0.08847523,0.05660944,0.5140261
348,-0.08698044,0.0544187,0.5186115
349,-0.08718207,0.05447622,0.5202113
350,-0.0875246,0.0538741,0.521342
351,-0.09341735,-0.006821021,0.5394971
352,-0.09467064,-0.004354768,0.5399671
353,-0.09844191,0.001757534,0.5402963
354,-0.09811708,0.02115368,0.5368054
355,-0.08111609,-0.03450815,0.5146636
356,-0.08063541,-0.03991464,0.5155212
357,-0.07734292,-0.04320309,0.5184389
358,-0.07405946,-0.05196893,0.5221158
359,-0.07287993,-0.05677796,0.5228767
360,-0.07139026,-0.06367312,0.5260884
361,-0.06671564,-0.07014811,0.5333418
362,-0.06021867,-0.07174543,0.542174
363,-0.04964513,-0.07108164,0.5549012
364,-0.04509687,-0.07081158,0.5604239
365,-0.0832085,-0.03336655,0.5179026
366,-0.08326203,-0.0382041,0.5182218
367,-0.08024479,-0.04233609,0.5212985
368,-0.0764423,-0.05153795,0.5256982
369,-0.07565841,-0.05659343,0.5267907
370,-0.0746371,-0.06260228,0.5303695
371,-0.07018051,-0.06853522,0.5380473
372,-0.06432077,-0.06978711,0.5472867
373,-0.0540069,-0.06837478,0.5605417
374,-0.04969089,-0.06741439,0.5665007
375,-0.0845403,-0.03216887,0.5212068
376,-0.08502994,-0.03624212,0.5213727
377,-0.08276942,-0.04101036,0.5240381
378,-0.07834405,-0.05088496,0.5294162
379,-0.07781979,-0.05593379,0.5312388
380,-0.07707616,-0.06083449,0.5356743
381,-0.07372145,-0.06567069,0.5432094
382,-0.06821974,-0.06609494,0.5524756
383,-0.05879119,-0.06391533,0.5661886
384,-0.05388315,-0.06266708,0.5723706
385,-0.08544179,-0.02884464,0.5345585
386,-0.08600125,-0.0301031,0.5348655
387,-0.08674035,-0.03315453,0.5369046
388,-0.08309871,-0.04457048,0.545982
389,-0.08239567,-0.04701805,0.5492193
390,-0.08147736,-0.04927339,0.5563127
391,-0.0776723,-0.04879588,0.5673922
392,-0.07179793,-0.04549904,0.580821
393,-0.09129608,-0.004658295,0.5197449
394,-0.09023594,-0.004346661,0.5136302
395,-0.08809587,-0.005277093,0.5088292
396,-0.09213178,-0.01826716,0.5413765
397,-0.08993296,-0.02577937,0.5475339
398,-0.086508,-0.03041309,0.5482125
399,-0.08581718,-0.03481865,0.5440307
400,-0.08546378,-0.03817739,0.5400887
401,-0.08364633,-0.04143779,0.5357231
402,-0.07974302,-0.04557293,0.5275734
403,-0.0772926,-0.04672376,0.5245869
404,-0.07470853,-0.04717708,0.5212491
405,-0.05542779,-0.07149512,0.5482616
406,-0.05959909,-0.06940483,0.5537894
407,-0.06406915,-0.06560803,0.5593831
408,-0.07130919,-0.05395617,0.5704155
409,-0.07513858,-0.04769816,0.5743262
410,-0.07874003,-0.04059438,0.5771818
411,-0.08638123,-0.02582478,0.579592
412,-0.09828517,1.744833E-05,0.572391
413,-0.1035832,0.02358207,0.5592418
414,-0.1032443,0.02992566,0.5534801
415,-0.1010389,0.03686991,0.5494902
416,-0.0756724,-0.03780554,0.5840301
417,-0.08359937,-0.02121708,0.5869149
418,-0.09168524,-0.003198656,0.5835804
419,-0.09541024,0.005243311,0.5805231
420,-0.1026877,0.0283363,0.566549
421,-0.08830466,-0.02825376,0.5511439
422,-0.08858889,-0.02852192,0.5530592
423,-0.09056749,-0.02832193,0.5548751
424,-0.09294579,-0.0270017,0.5612786
425,-0.09197889,-0.02182281,0.5711566
426,-0.09108381,-0.01771586,0.5786627
427,-0.08765893,-0.01194603,0.586744
428,-0.08262715,-0.004855025,0.5972142
429,-0.07396411,-0.002010349,0.606734
430,-0.08791915,-0.02790746,0.5484606
431,-0.08743323,-0.02726417,0.5463717
432,-0.08696689,-0.02676477,0.5449978
433,-0.08646289,-0.02648606,0.5445368
434,-0.0858328,-0.02633714,0.5442765
435,-0.1020361,0.03888139,0.565088
436,-0.09919208,0.05293369,0.5467677
437,-0.09964969,0.04780778,0.5607629
438,-0.09838735,0.05388983,0.5546325
439,-0.09915482,0.05463906,0.5478928
440,-0.09930833,0.05646538,0.5430365
441,-0.09954082,0.05502076,0.5440238
442,-0.09983854,0.0569501,0.5440193
443,-0.0882277,0.09434035,0.4921128
444,-0.08992913,0.1108552,0.4977432
445,-0.08414096,0.1267232,0.5014108
446,-0.08793771,0.04008381,0.4986874
447,-0.08824933,0.03610741,0.5110884
448,-0.0890182,0.03256923,0.515685
449,-0.09454599,0.02355782,0.5303136
450,-0.1014073,0.02005047,0.5441288
451,-0.1032068,0.02101334,0.5516452
452,-0.1004425,0.03421098,0.5734696
453,-0.0985354,0.04129028,0.5768768
454,-0.1057672,0.0773265,0.5330465
455,-0.08046494,0.006358029,0.601917
456,-0.0878972,0.03947145,0.5949746
457,-0.08018276,0.04030332,0.6033667
458,-0.1032232,0.03381059,0.5598133
459,-0.09701874,0.04763336,0.578041
460,-0.09235252,0.09447307,0.5756687
461,-0.08778864,0.04808265,0.5946071
462,-0.08660709,0.1018139,0.5822866
463,-0.09859294,0.0629386,0.5649616
464,-0.09752537,0.0336064,0.5395224
465,-0.09632529,0.03841655,0.5377795
466,-0.09620062,0.04368391,0.5348171
467,-0.09577279,0.04812706,0.5323901
468,-0.09713396,0.009975972,0.5174353
469,-0.09908132,0.05596326,0.5439692
470,-0.0995654,0.05586132,0.5443859
471,-0.09926298,0.05602933,0.5480936
472,-0.09820876,0.05617,0.5546898
473,-0.09790735,0.05536668,0.5618604
474,-0.09790266,0.05418403,0.569536
475,-0.09609932,0.05402686,0.577838
476,-0.08811504,0.0566951,0.593052
477,-0.08202844,0.05832538,0.6001859
478,-0.07472506,0.05973381,0.6072024
479,-0.09249981,0.01437627,0.5272625
480,-0.09171064,0.02653186,0.5245982
481,-0.0904553,0.03105052,0.5239471
482,-0.08927509,0.03572006,0.524953
483,-0.09247048,-0.005375134,0.5262522
484,-0.09255488,-0.01079044,0.5207306
485,-0.09251615,-0.01621304,0.5208576
486,-0.09410456,0.00667399,0.5211226
487,-0.09526859,0.01116358,0.5208127
488,-0.08601313,0.04370777,0.5065778
489,-0.08827318,0.03848704,0.5063528
490,-0.09304012,0.02801387,0.5053226
491,-0.09572507,0.02010999,0.5090867
492,-0.09752783,0.01732487,0.508247
493,-0.09934565,0.01460489,0.507001
494,-0.1001675,0.01093679,0.5073717
495,-0.09966587,0.008527236,0.5077249
496,-0.08469115,0.07750794,0.4889192
497,-0.0897896,0.07837607,0.4942514
498,-0.09412596,0.0799019,0.4994072
499,-0.09788749,0.08198106,0.5051035
500,-0.1000083,0.08414625,0.5117171
501,-0.1018084,0.08591401,0.5184677
502,-0.1034986,0.0868567,0.5255966
503,-0.1047828,0.08606832,0.5354745
504,-0.1033126,0.08569087,0.5473372
505,-0.1010247,0.08462197,0.5569618
506,-0.09832571,0.08127346,0.5655324
507,-0.09290141,0.0702627,0.5797892
508,-0.09456424,0.008807231,0.5218676
509,-0.05803286,-0.05690312,0.5775771
510,-0.06311667,-0.0584644,0.5715488
511,-0.0677043,-0.06015059,0.5650592
512,-0.07174822,-0.06073754,0.5581404
513,-0.07648416,-0.06118792,0.548511
514,-0.07914749,-0.0572634,0.5415097
515,-0.0799121,-0.05361101,0.5371864
516,-0.08024764,-0.04916142,0.5341348
517,-0.08231654,-0.04378874,0.5315979
518,-0.08490019,-0.03864738,0.5273244
519,-0.08608022,-0.03430226,0.5250936
520,-0.08543413,-0.03070674,0.5258114
521,-0.08448465,-0.02814779,0.5271567
522,-0.08683403,-0.02306722,0.5267748
523,-0.09088896,-0.01993922,0.5253015
524,-0.09102365,0.00490067,0.5213428
525,-0.09321369,0.005016217,0.5100189
526,-0.08591558,0.01352831,0.5965505
527,-0.0798348,0.01562988,0.6037123
528,-0.05746388,-0.04759855,0.5898172
529,-0.04118995,-0.07100274,0.5655956
530,-0.04571585,-0.06728411,0.5718868
531,-0.03563118,-0.07290109,0.5590144
532,-0.04974239,-0.06205221,0.5779142
533,-0.05361051,-0.05528004,0.5840234
534,-0.08440387,-0.04167961,0.543079
535,-0.09239838,0.08188332,0.5784674
536,-0.08866543,0.08686493,0.584631
537,-0.08342336,0.09181195,0.5920768
538,-0.1003841,0.05718554,0.5423387
539,-0.1011394,0.05769289,0.5445606
540,-0.1013019,0.06012549,0.5488406
541,-0.1008765,0.0623356,0.5543262
542,-0.1004537,0.06570809,0.5603534
543,-0.09845042,0.07069656,0.5671842
544,-0.09544839,0.07667459,0.5730283
545,-0.09225484,0.06275228,0.5843095
546,-0.08849737,0.06531382,0.5904478
547,-0.0835844,0.0677491,0.5972015
548,-0.07661082,0.06984825,0.6037361
549,-0.09949116,0.05645379,0.5443868
550,-0.09954128,0.05697002,0.5475706
551,-0.09905417,0.05784522,0.5534629
552,-0.09845223,0.05847035,0.56056
553,-0.09751476,0.05902225,0.5687164
554,-0.09546147,0.06002852,0.5769147
555,-0.03466804,-0.05656002,0.5086363
556,-0.02301907,-0.05758572,0.5120904
557,-0.02009914,-0.05228424,0.507672
558,-0.03187867,-0.05241738,0.5051739
559,-0.0591676,-0.07139636,0.5258819
560,-0.05096094,-0.07327825,0.5329263
561,-0.04562632,-0.07289824,0.5286028
562,-0.05425872,-0.07114176,0.5222463
563,-0.04193296,-0.05350097,0.5074085
564,-0.03933009,-0.04958501,0.5047519
565,-0.01279527,-0.05157365,0.5096036
566,-0.005554878,-0.04976031,0.5122537
567,-0.001935308,-0.03573175,0.5017661
568,-0.01043825,-0.03900258,0.4995725
569,-0.06504946,-0.06475154,0.5198723
570,-0.06085228,-0.06492343,0.5167987
571,-0.0488684,-0.06976687,0.5184553
572,-0.03996585,-0.07077315,0.5241796
573,-0.03369826,-0.06699188,0.5198822
574,-0.04322607,-0.06671033,0.5151556
575,-0.04516418,-0.05075537,0.5067071
576,-0.04235812,-0.04701401,0.5042801
577,-0.0306171,-0.04300162,0.4976233
578,-0.01874143,-0.04107329,0.4983714
579,-0.02053013,-0.0341257,0.493504
580,-0.03239487,-0.03702741,0.4937658
581,-0.002005414,-0.02773488,0.4960273
582,-0.01184425,-0.03179488,0.4937903
583,-0.06745841,-0.05772063,0.5175519
584,-0.06376217,-0.0585733,0.5150374
585,-0.05562653,-0.06445722,0.5144092
586,-0.04980128,-0.06225333,0.5120594
587,-0.03809134,-0.06163246,0.5117447
588,-0.04531223,-0.05772689,0.5097788
589,-0.03811018,-0.04147986,0.4993088
590,-0.04626508,-0.01466585,0.4855813
591,-0.05026783,-0.01878427,0.4914792
592,-0.04225708,-0.03199413,0.4945058
593,-0.03525725,-0.03045558,0.4904421
594,0.007380181,-0.0319178,0.50594
595,0.01639458,-0.02869696,0.5117817
596,0.01938343,-0.01996988,0.5074342
597,0.009273331,-0.02218249,0.4995645
598,-0.05954298,-0.0590176,0.5130466
599,-0.05383262,-0.05808748,0.5109398
600,-0.03975151,-0.03676405,0.496454
601,-0.04825582,-0.0410788,0.5032622
602,-0.05155562,-0.04379299,0.5043921
603,-0.04824975,-0.04766709,0.5054405
604,-0.04528363,-0.04441421,0.5037449
605,-0.04079106,-0.04010235,0.500647
606,-0.04209887,-0.03615652,0.4984283
607,-0.06951206,-0.04816536,0.5159602
608,-0.06836899,-0.05292327,0.5163907
609,-0.06484865,-0.05357896,0.5140751
610,-0.06622457,-0.04876167,0.5134293
611,-0.04448488,-0.03221919,0.4966018
612,0.009507868,-0.005603049,0.4927347
613,0.01081849,0.01808893,0.485681
614,0.001118182,0.01855961,0.4800202
615,0.00112177,-0.008826755,0.4887597
616,-0.06326229,-0.04844832,0.5108368
617,-0.0612679,-0.05387679,0.5122654
618,-0.05668247,-0.05322381,0.5102968
619,-0.05930891,-0.0477833,0.5082554
620,-0.05192748,-0.05066165,0.5078561
621,-0.05538798,-0.04627347,0.5064851
622,-0.05715644,-0.03510809,0.5035474
623,-0.0547684,-0.03854394,0.5030304
624,-0.05151998,-0.03732867,0.5032905
625,-0.05361791,-0.03492094,0.5034122
626,-0.04343408,-0.0386189,0.5012337
627,-0.04634693,-0.03697824,0.5016953
628,-0.05151635,-0.02034779,0.493699
629,-0.05246119,-0.006532406,0.486689
630,-0.05406833,-0.01158351,0.491549
631,-0.07598361,-0.04079214,0.5106977
632,-0.07255667,-0.04409003,0.5135804
633,-0.06980654,-0.0442261,0.5105987
634,-0.07323494,-0.03998626,0.5077503
635,-0.04443252,-0.03535571,0.4993775
636,-0.04707063,-0.03445433,0.5003049
637,-0.05504997,-0.01377779,0.4931525
638,-0.05818205,-0.003614976,0.49291
639,-0.05731913,0.001228358,0.489202
640,-0.05462026,0.0258082,0.48812
641,-0.05616098,0.02073778,0.487924
642,-0.05114848,0.0174847,0.484524
643,-0.05007876,0.02361642,0.4849413
644,-0.0700324,-0.0390023,0.5056629
645,-0.06697946,-0.043905,0.5079483
646,-0.06364901,-0.04246932,0.5055448
647,-0.06635047,-0.03785297,0.5043229
648,-0.05940074,-0.04032531,0.5038619
649,-0.06158369,-0.03622213,0.5035399
650,-0.05817138,-0.03341855,0.5039084
651,-0.05491909,-0.0333539,0.5032999
652,-0.04866804,-0.03529678,0.5020021
653,-0.05011588,-0.0339315,0.5025014
654,-0.04888324,-0.03217299,0.4986417
655,-0.04659446,-0.03229984,0.4975229
656,-0.05349076,-0.0223309,0.4949857
657,-0.05511096,-0.0245502,0.4964332
658,-0.0590575,-0.006618294,0.4937722
659,-0.07678653,-0.03523745,0.5100272
660,-0.07362892,-0.03505283,0.5076526
661,-0.05861856,-0.03233877,0.5043303
662,-0.05536331,-0.03240622,0.5038235
663,-0.04895488,-0.0333466,0.501158
664,-0.05021857,-0.03257814,0.5018371
665,-0.05845979,-0.02005794,0.4954585
666,-0.05677105,-0.01665643,0.4941762
667,-0.06072373,-0.01013918,0.4945469
668,-0.06653414,0.01371274,0.4919083
669,-0.06474742,0.02437237,0.4915611
670,-0.06834645,0.0281769,0.4922419
671,-0.07133818,0.01825963,0.4912189
672,-0.04991062,0.02822327,0.4847411
673,-0.05342225,0.02974218,0.487399
674,-0.0263011,0.01743124,0.4744647
675,-0.03036891,0.02467589,0.4755532
676,-0.03541133,0.0226385,0.4767963
677,-0.03319217,0.01506848,0.475639
678,-0.07653382,-0.03100438,0.5104313
679,-0.07293894,-0.03112976,0.5082512
680,-0.07044756,-0.03476427,0.5059952
681,-0.06618669,-0.03417321,0.5047985
682,-0.0621784,-0.03386223,0.5041637
683,-0.05107386,-0.0327751,0.5028041
684,-0.05052309,-0.03188983,0.5000262
685,-0.05627733,-0.02652245,0.4979918
686,-0.05695487,-0.02788885,0.4998533
687,-0.05134272,-0.03160614,0.5012933
688,-0.06357082,0.02827936,0.4918869
689,-0.06111276,0.03255357,0.4923962
690,-0.0636762,0.03667374,0.4937709
691,-0.06657046,0.03257325,0.4929686
692,-0.0507089,0.03362628,0.4834676
693,-0.0532822,0.03465275,0.4858884
694,-0.04591381,0.02717491,0.4819858
695,-0.04775879,0.03283332,0.4813104
696,-0.03454403,0.02959614,0.4769962
697,-0.03822246,0.02772169,0.4781714
698,-0.06961162,-0.03129409,0.5069676
699,-0.06575555,-0.03158814,0.5059704
700,-0.06207122,-0.03208384,0.5049383
701,-0.05139596,-0.03213716,0.5032905
702,-0.0506961,-0.03219068,0.5025176
703,-0.0597629,-0.02353135,0.4972027
704,-0.06077781,-0.02603801,0.4993556
705,-0.05881171,0.0350716,0.4920678
706,-0.05822925,0.02868935,0.4905235
707,-0.05632623,0.03184761,0.4899706
708,-0.05104283,-0.03189701,0.5032617
709,-0.05165905,-0.0315719,0.5023237
710,-0.05706139,-0.02890529,0.5012897
711,-0.07599267,0.03584194,0.4925408
712,-0.07978003,0.02515237,0.4902609
713,-0.07576066,0.02210612,0.4906949
714,-0.07203206,0.03251795,0.4926344
715,-0.05542485,0.0360796,0.4883836
716,-0.05722139,0.03811175,0.4904385
717,-0.01350978,0.03058265,0.4750486
718,-0.0202824,0.03456225,0.4753925
719,-0.02244017,0.03091417,0.475253
720,-0.01593453,0.02575387,0.4746569
721,-0.05166323,-0.03155276,0.503098
722,-0.0566499,-0.02970478,0.5033389
723,-0.06109454,-0.0271815,0.5007061
724,-0.07793079,0.04315689,0.4933888
725,-0.08096132,0.04409286,0.4940769
726,-0.0830166,0.03903096,0.4931332
727,-0.07958656,0.03776465,0.4923229
728,-0.0552542,0.04852406,0.4833133
729,-0.05333754,0.03906767,0.4850093
730,-0.05141711,0.03840986,0.4828373
731,-0.05373118,0.04855356,0.4805141
732,-0.04911079,0.03770638,0.4809903
733,-0.05143387,0.04802813,0.4780569
734,-0.02708541,0.03811177,0.4756571
735,-0.02867443,0.03511156,0.4761187
736,-0.02285897,0.04409016,0.4725984
737,-0.02053136,0.04137473,0.4741251
738,-0.01226167,0.04024072,0.4743008
739,-0.01532917,0.0447813,0.4726026
740,-0.06074516,-0.0284413,0.5037192
741,-0.0636695,0.005164207,0.4932253
742,-0.06817611,0.009054514,0.4909632
743,-0.07006229,0.008325521,0.4898638
744,-0.06650299,0.006288609,0.4916956
745,-0.0722401,0.004596796,0.4891535
746,-0.07190477,0.007254522,0.4887782
747,-0.07611408,0.008875884,0.4876076
748,-0.07663118,0.005610611,0.4876499
749,-0.0456357,0.04559831,0.4749421
750,-0.04418921,0.03766536,0.4778693
751,-0.04202435,0.0382655,0.4768315
752,-0.04372498,0.04498967,0.4743157
753,-0.03364156,0.0402033,0.4751706
754,-0.03499322,0.03873813,0.4756009
755,-0.02968004,0.04816587,0.4694575
756,-0.02605037,0.04627121,0.4709707
757,-0.01945885,0.04818175,0.4703623
758,-0.02405103,0.05106095,0.4679876
759,-0.06856032,-0.01710809,0.4966667
760,-0.07293697,-0.01483163,0.4978858
761,-0.07384856,-0.02001888,0.4990373
762,-0.07015647,-0.02141792,0.4983147
763,-0.06511004,0.002285139,0.493389
764,-0.06301472,9.66331E-05,0.4955342
765,-0.08383722,0.01582284,0.4872914
766,-0.08798388,0.0177351,0.4873495
767,-0.09015819,0.01376257,0.4864466
768,-0.08558224,0.01223643,0.4862939
769,-0.08713119,0.02913317,0.4909436
770,-0.08347147,0.02735609,0.4902158
771,-0.073137,0.04768128,0.4936952
772,-0.06758855,0.04168712,0.4948759
773,-0.06756964,0.04909089,0.4938808
774,-0.07281236,0.05341654,0.4907329
775,-0.05508254,0.04003554,0.4873158
776,-0.05630974,0.04837531,0.4859093
777,-0.05711983,0.04761242,0.4885412
778,-0.05631265,0.04185678,0.4892939
779,-0.03511368,0.04676412,0.4703436
780,-0.03199392,0.04549297,0.4713237
781,-0.02879565,0.05364013,0.4659196
782,-0.034681,0.04995132,0.4685009
783,-0.06644503,-0.0003527068,0.4954683
784,-0.06883815,0.0001354832,0.4958688
785,-0.07061639,-0.001410479,0.4968547
786,-0.06491492,-0.003344623,0.4965198
787,-0.07135899,0.0007581916,0.493347
788,-0.07313315,0.001472952,0.4917526
789,-0.07752358,0.002548244,0.4904246
790,-0.09103949,0.008904578,0.4866048
791,-0.08627293,0.007905342,0.486372
792,-0.0770888,0.05517359,0.4904134
793,-0.07644957,0.04875085,0.4933428
794,-0.03844297,0.04774901,0.4700259
795,-0.08116587,-0.01193273,0.5019739
796,-0.07701903,-0.01271205,0.4993677
797,-0.07794905,-0.006899318,0.4994237
798,-0.08235342,-0.006488835,0.502204
799,-0.09126887,0.005248319,0.4881896
800,-0.08688458,0.004975684,0.4877068
801,-0.09182056,0.01925319,0.4885012
802,-0.09408342,0.01485611,0.4878815
803,-0.07004786,0.05781188,0.4823053
804,-0.07430804,0.06307551,0.4823619
805,-0.04144739,0.04606155,0.4717114
806,-0.03880483,0.04539905,0.4717455
807,-0.040075,0.05173434,0.4681068
808,-0.04243352,0.04900852,0.470183
809,-0.07734707,-0.02203875,0.5024614
810,-0.0761333,-0.02551151,0.5074819
811,-0.07271215,-0.0259063,0.5060334
812,-0.07403146,-0.02297759,0.5016698
813,-0.08017917,-0.01706126,0.5014784
814,-0.07682311,-0.01843309,0.4997813
815,-0.08796469,0.003044037,0.489835
816,-0.08829598,0.00159565,0.4930167
817,-0.09496435,0.009508761,0.4880486
818,-0.07999394,0.05504786,0.4911909
819,-0.07931613,0.04925156,0.4937746
820,-0.06497457,0.0532442,0.4866936
821,-0.04426701,0.04696845,0.472155
822,-0.09465852,0.005662385,0.4895336
823,-0.07823173,0.06389596,0.485842
824,-0.06299572,0.05394536,0.483444
825,-0.0666761,0.05896511,0.4787621
826,-0.06053665,0.05049568,0.4884005
827,-0.05969035,0.05185483,0.485067
828,-0.03709685,0.05640829,0.4649672
829,-0.08116171,-0.02137099,0.5048445
830,-0.08425712,-0.0001284853,0.4987111
831,-0.08389592,0.0005533826,0.4976447
832,-0.08690931,0.0008775927,0.4954818
833,-0.0878488,0.0003579352,0.4962831
834,-0.089781,0.001126697,0.4934826
835,-0.09080478,0.002660599,0.4906512
836,-0.09380382,0.002692649,0.4919026
837,-0.09194511,0.000738563,0.4947484
838,-0.06976801,0.06494185,0.4774768
839,-0.06242285,0.05979256,0.4754621
840,-0.0604255,0.05498291,0.4797134
841,-0.05900745,0.04979628,0.488111
842,-0.05807391,0.05055007,0.4850712
843,-0.0574158,0.04611368,0.4918524
844,-0.05810299,0.04469475,0.4920372
845,-0.0570564,0.043846,0.4910853
846,-0.05745341,0.04683293,0.4907075
847,-0.04580027,0.05398418,0.4690786
848,-0.0445482,0.05863406,0.4658884
849,-0.05017185,0.06174831,0.4671336
850,-0.05150084,0.05567486,0.4712939
851,-0.08401098,-0.002658581,0.5013893
852,-0.08621753,-0.0005225893,0.5002759
853,-0.07967567,-0.02529459,0.5096959
854,-0.08026209,-0.002554076,0.4990308
855,-0.07986388,-0.0004697125,0.4980671
856,-0.07465276,-0.001546906,0.497667
857,-0.08956768,-2.639741E-05,0.4975963
858,-0.0646745,0.06653976,0.473592
859,-0.05818596,0.0528427,0.4811543
860,-0.06224574,0.0469175,0.4944613
861,-0.05989436,0.0461785,0.4929376
862,-0.04342863,0.04554483,0.4731139
863,-0.04555541,0.04616447,0.4735699
864,-0.04708976,0.05059998,0.4712994
865,-0.04825499,0.04839585,0.4734063
866,-0.05696682,0.06092687,0.4706901
867,-0.05659878,0.05565867,0.4753562
868,-0.055773,0.05293965,0.4775696
869,-0.0568682,0.05081788,0.4818921
870,-0.05814905,0.04846998,0.4881394
871,-0.05744401,0.04941782,0.4852529
872,-0.052207,0.05209507,0.4741482
873,-0.0523352,0.04967583,0.4757794
874,-0.05524329,0.05069439,0.4787962
875,-0.05630687,0.04981352,0.4822889
876,-0.04856814,0.04678012,0.476172
877,-0.04909512,0.04757298,0.4749258
878,-0.0193684,0.1017275,0.4662687
879,-0.03060662,0.1077334,0.4660712
880,-0.03814876,0.09757349,0.4648136
881,-0.02640292,0.092619,0.465016
882,-0.05471986,0.04966561,0.4793811
883,-0.05230819,0.04897794,0.4768414
884,-0.0403098,0.1126533,0.4677611
885,-0.04810468,0.1009675,0.4662423
886,-0.04864115,0.1164956,0.4702064
887,-0.06360515,0.1053561,0.4719422
888,-0.05640988,0.1030345,0.4687278
889,-0.05595895,0.1196279,0.4735968
890,-0.06275993,0.1219315,0.4777653
891,-0.06924409,0.1235129,0.4826134
892,-0.07585724,0.1079566,0.480601
893,-0.07005298,0.106652,0.475839
894,-0.07324918,0.09152847,0.4769292
895,-0.07499373,0.07653645,0.4781283
896,-0.0691769,0.07676238,0.4734232
897,-0.06753906,0.09052238,0.472694
898,-0.06230474,0.07716246,0.4704973
899,-0.06117277,0.08970473,0.4690636
900,-0.05373364,0.08881297,0.4665622
901,-0.05522784,0.07687759,0.4678586
902,-0.04820226,0.07583787,0.4655058
903,-0.0447205,0.08652487,0.464673
904,-0.03886563,0.07255017,0.4638528
905,-0.03314722,0.08247094,0.4638607
906,-0.02236709,0.07896123,0.4647365
907,-0.02738311,0.06977575,0.4647066
908,-0.01821689,0.06700986,0.4663916
909,-0.01330729,0.07401382,0.4667172
910,-0.04882963,-0.05439443,0.5087739
911,-0.07236964,0.002322497,0.4900949
912,-0.07703039,0.003492633,0.4885198
913,-0.06904902,0.001282336,0.492496
914,-0.07002529,0.03711966,0.4937201
915,-0.0796335,0.01348775,0.4879476
916,-0.0815978,0.01069711,0.4868366
917,-0.07467707,0.01089524,0.4885773
918,-0.08200028,0.006922545,0.4868104
919,-0.08201565,0.004631627,0.4878114
920,-0.08216657,0.003416456,0.4895873
921,-0.04449351,0.008390756,0.4800164
922,-0.05105195,0.01143494,0.4837403
923,-0.04552311,0.0151791,0.4808999
924,-0.04536677,0.02214844,0.4816297
925,-0.04655097,0.0374686,0.479188
926,-0.04162777,0.03350586,0.4779637
927,-0.04455253,0.03279336,0.4793912
928,-0.04202343,0.02711309,0.4798738
929,-0.0145972,-0.0233659,0.4884081
930,-0.02335194,-0.02637585,0.4881772
931,-0.005123382,-0.01952043,0.4905961
932,-0.008332447,-0.01167019,0.485649
933,-0.0180873,-0.01502799,0.4838848
934,-0.007756376,0.02166941,0.4763013
935,-0.0125194,0.01547317,0.4759951
936,-0.02713918,-0.01836708,0.4830798
937,-0.0161358,-0.05725794,0.5144484
938,-0.03710165,0.007391321,0.4773801
939,-0.02062252,0.01103233,0.4753631
940,-0.02912125,0.008021059,0.4759383
941,-0.05644391,0.01557488,0.4874066
942,-0.0735227,0.01321642,0.4898653
943,-0.07811318,0.01633626,0.4890421
944,-0.08998548,0.02281209,0.4894498
945,-0.08628753,0.02115273,0.4884729
946,-0.03896144,0.03485522,0.4768808
947,-0.03105887,0.03236971,0.4762768
948,-0.03655306,0.03681932,0.4760704
949,-0.0257614,0.02763373,0.4752156
950,-0.03951165,0.01434756,0.4777854
951,-0.01144934,0.0517504,0.4709391
952,-0.01771506,0.0559049,0.4682526
953,-0.02446466,0.05934615,0.4658755
954,-0.0337384,0.06217128,0.4642869
955,-0.0430243,0.06484645,0.4645897
956,-0.0503725,0.06685863,0.4665167
957,-0.05751486,0.06718937,0.4696723
958,-0.07859125,0.09249938,0.4815001
959,-0.07988618,0.07668461,0.4832606
960,-0.06206525,-0.0151698,0.4950093
961,-0.06421868,-0.02014503,0.4964385
962,-0.08235236,0.01907539,0.4884408
963,-0.06613236,-0.02532366,0.5003984
964,-0.06564,-0.02362958,0.4986188
965,-0.07026473,-0.02396654,0.5007355
966,-0.06474873,-0.02750045,0.5042371
967,-0.06864145,-0.02659986,0.5049864
968,-0.06222001,0.04262368,0.495038
969,-0.06077857,0.03901166,0.4933072
970,-0.05866233,0.0411967,0.4920953
971,-0.05942344,0.04349546,0.4935595
972,-0.074416,0.04118422,0.4935902
973,-0.06034126,0.02436169,0.4904013
974,-0.0610228,0.01999402,0.4901103
975,-0.05841808,0.0460918,0.4916962
976,0.02004991,0.01839304,0.4924856
977,0.0205621,0.02682932,0.4900059
978,0.01203606,0.02620631,0.4840624
979,-0.06174314,0.008334601,0.4917136
980,-0.07242502,-0.004142037,0.4978708
981,-0.08469418,0.001738893,0.4947514
982,-0.07985562,0.002179068,0.4946564
983,-0.03737656,0.04139286,0.4749076
984,-0.0386947,0.04035333,0.4753752
985,-0.04110619,0.04487626,0.4730762
986,-0.04031719,0.0391686,0.4760176
987,-0.04145564,0.04431283,0.4740641
988,-0.00925645,0.0950557,0.4679573
989,-0.0164869,0.08727079,0.4659176
990,-0.03905687,0.04426174,0.4733629
991,-0.03666646,0.04440954,0.47245
992,-0.03948649,0.0437493,0.4742531
993,-0.04507713,-0.07333717,0.5378373
994,-0.03864965,-0.0730055,0.5437472
995,-0.03934529,-0.07272337,0.5334133
996,-0.03337447,-0.07059041,0.5284246
997,-0.02697,-0.06680106,0.5239204
998,-0.02659021,-0.06941088,0.5335574
999,-0.02062149,-0.0656406,0.5283756
1000,-0.06674716,-0.0106749,0.496115
1001,-0.03274801,-0.07202619,0.5390153
1002,-0.04045684,0.02185688,0.4788393
1003,0.001632367,-0.04704921,0.5165604
1004,0.003852389,-0.01586837,0.4932418
1005,-0.02013895,0.02127101,0.4742775
1006,-0.02765062,0.04225898,0.4740645
1007,-0.02949875,0.04391622,0.4727355
1008,-0.03365267,0.04265044,0.4741477
1009,-0.03484631,0.04367675,0.4732976
1010,-0.03695881,0.04287246,0.4744481
1011,-0.03742136,0.04350293,0.4739097
1012,-0.03812267,0.04332516,0.474726
1013,0.01494254,-0.01226177,0.4994305
1014,-0.005283841,0.0276278,0.4764621
1015,-0.03325025,0.04154439,0.4746646
1016,-0.03699762,0.04216553,0.4746007
1017,-0.0266517,0.04041839,0.4752066
1018,-0.0197007,0.03808009,0.4751834
1019,-0.01243693,0.03536797,0.474923
1020,-0.07244568,-0.008583339,0.4978372
1021,-0.06872181,0.005480945,0.4904084
1022,-0.06800362,0.003121788,0.4915262
1023,0.00332345,0.02630452,0.4794389
1024,0.01749806,-0.004051144,0.4980839
1025,0.02285711,-0.01082842,0.5062017
1026,-0.007021108,0.08081682,0.4678923
1027,0.0004322743,0.08823562,0.4703632
1028,0.02925569,0.02756098,0.4971486
1029,0.0292643,0.01870349,0.5001855
1030,0.0259974,-0.001698906,0.5055264
1031,0.009356189,-0.0441965,0.521966
1032,-0.0335484,-0.07287887,0.5486226
1033,-0.02713579,-0.07140499,0.5435092
1034,-0.02072164,-0.06854117,0.5385138
1035,-0.01482491,-0.06451526,0.5333956
1036,-0.015837,-0.06825776,0.5429321
1037,-0.008875194,-0.06343316,0.5378378
1038,-0.02246274,-0.07152627,0.5479158
1039,-0.02909188,-0.07321464,0.5531003
1040,-0.008656333,-0.05920579,0.5274813
1041,-0.01480154,-0.06115807,0.5227819
1042,0.004173146,-0.05121224,0.527189
1043,-0.002077096,-0.05758777,0.5325809
1044,-0.0274705,-0.06261919,0.5160367
1045,-0.02079488,-0.06222644,0.5192848
1046,-0.009799049,-0.05588619,0.5175337
1047,-0.003038322,-0.0535477,0.5219079
1048,-0.01056251,0.06236836,0.4689931
1049,-0.006943104,0.04642628,0.4735454
1050,-0.00483453,0.06774788,0.4697486
1051,-0.004044463,0.05687431,0.4721853
1052,0.00135767,0.04956194,0.4755416
1053,0.007721893,0.0522875,0.4775384
1054,0.002505905,0.06093837,0.4736235
1055,0.002262275,0.07347925,0.4711484
1056,0.009758457,0.06492019,0.4756763
1057,0.01505268,0.05518565,0.4804341
1058,0.01069945,0.08008438,0.4746252
1059,0.01863808,0.06900278,0.4791593
1060,0.0240556,0.05785494,0.4850572
1061,0.02009493,0.03566086,0.4871033
1062,0.01214399,0.03456678,0.4820746
1063,0.004284597,0.03379711,0.4783705
1064,0.02809293,0.03679499,0.4934174
1065,0.02648969,0.04679762,0.4896772
1066,0.01886336,0.0449297,0.4838091
1067,-0.003862311,0.03989239,0.4754418
1068,-0.004178391,0.03385231,0.4760483
1069,0.00431944,0.04151331,0.4774317
1070,0.01122238,0.04321349,0.4800658
1071,-0.03736311,0.04287608,0.4749958
1072,-0.08222902,-0.02489883,0.5119393
1073,-0.08488594,0.007061947,0.5967587
1074,0.009406294,-0.01135905,0.4950314
1075,-0.08568822,0.05261345,0.5211442
1076,-0.08513103,0.05318051,0.5195637
1077,-0.08437898,0.05269077,0.5178478
1078,-0.08486818,0.05396747,0.5132995
1079,-0.09023215,0.05993051,0.5065614
1080,-0.08981792,0.06198296,0.502511
1081,-0.08849167,0.06110664,0.4986491
1082,-0.08475159,0.06034327,0.4923069
1083,-0.07896275,0.0594988,0.4880046
1084,-0.07535124,0.05942459,0.4864461
1085,-0.07170747,0.05720365,0.4855789
1086,-0.06578173,0.05117398,0.4914437
1087,-0.06136416,0.04904351,0.4918428
1088,-0.05976956,0.04857572,0.4907179
1089,-0.05840454,0.0473895,0.4903921
1090,-0.05106841,0.04071394,0.4832669
1091,-0.05289718,0.04146021,0.4853893
1092,-0.04897596,0.03971485,0.4812928
1093,-0.04240647,0.03957098,0.4772204
1094,-0.04439297,0.03941496,0.4781755
1095,-0.05548161,0.04294273,0.4895592
1096,-0.05431787,0.04199136,0.4874688
1097,-0.05655377,0.04453883,0.4911963
1098,-0.05710962,0.04527259,0.4919479
1099,-0.04664057,0.03942584,0.4794911
1100,-0.04066891,0.04013482,0.4763716
1101,-0.03887214,0.04097807,0.4757352
1102,-0.0376843,0.0419044,0.4753328
1103,-0.09111696,0.04974997,0.5277182
1104,-0.09312391,0.04975522,0.5297951
1105,-0.0950508,0.04965759,0.5322435
1106,-0.09760569,0.05082538,0.5370795
1107,-0.09826553,0.05152847,0.5391129
1108,-0.08913941,0.04952573,0.5261165
1109,-0.08708043,0.04975944,0.5247242
1110,-0.0844949,0.05103759,0.5226736
1111,-0.08532634,0.05065851,0.523329
1112,-0.09662682,0.05023171,0.5347337
1113,-0.09875659,0.05264984,0.5408249
1114,-0.09901439,0.05404572,0.5424703
1115,-0.099048,0.05525658,0.5435768
1116,-0.09906243,0.05623727,0.5438635
1117,-0.03725929,0.0425033,0.4750771
1118,-0.0928361,0.004733389,0.5158289
1119,-0.0742817,0.0007134303,0.4946372
1120,-0.08500268,-0.02578073,0.5441633
1121,-0.08469331,-0.02738589,0.5442934
1122,-0.08431766,-0.0242887,0.5405505
1123,-0.083826,-0.02862672,0.5407522
1124,-0.08393518,-0.02338872,0.5372929
1125,-0.08291329,-0.0286956,0.5378622
1126,-0.08171897,-0.02233301,0.5211319
1127,-0.08020362,-0.02931445,0.5227674
1128,-0.08106479,-0.02882581,0.5262737
1129,-0.08244064,-0.02204738,0.5246123
1130,-0.08013061,-0.02303448,0.5176098
1131,-0.07847017,-0.03007931,0.5190118
1132,-0.07833146,-0.0234761,0.5150772
1133,-0.07671604,-0.03051585,0.5164161
1134,-0.08232422,-0.02861628,0.5342137
1135,-0.08354455,-0.02258899,0.5331445
1136,-0.08287376,-0.0220188,0.5288898
1137,-0.08157133,-0.02846117,0.5303712
1138,-0.08541685,-0.02637904,0.5442784
1139,-0.05100816,-0.03277149,0.5046213
1140,-0.05437824,-0.03346915,0.5060855
1141,-0.05448182,-0.02920043,0.5050586
1142,-0.05119544,-0.0311757,0.5041179
1143,-0.05692149,-0.03309355,0.5072669
1144,-0.05761771,-0.02794351,0.5058421
1145,-0.0729294,-0.02412656,0.510765
1146,-0.06964677,-0.02459865,0.5093082
1147,-0.06763984,-0.03144694,0.5107422
1148,-0.07083346,-0.03114562,0.5120797
1149,-0.07433965,-0.03085154,0.514347
1150,-0.07610837,-0.02383304,0.5129005
1151,-0.0603399,-0.03257123,0.5083154
1152,-0.06377713,-0.03183787,0.5095862
1153,-0.065533,-0.02542217,0.508138
1154,-0.06162465,-0.02663256,0.5069064
1155,-0.05107298,-0.03191312,0.5037099
1156,-0.04848165,-0.01728588,0.4888235
1157,-0.05343103,-0.009484896,0.489215
1158,-0.05776922,-0.001436842,0.4911133
1159,-0.06229015,0.006069647,0.4927528
1160,-0.06728917,0.01118101,0.4917532
1161,-0.07231906,0.01567109,0.4908884
1162,-0.07693456,0.01918818,0.490041
1163,-0.08100534,0.0222259,0.4894717
1164,-0.08480697,0.0245019,0.4894513
1165,-0.08833823,0.02625064,0.4903167
1166,-0.09158403,0.02754742,0.4927987
1167,-0.0938168,0.02742385,0.4965692
1168,-0.09457146,0.02662284,0.5005146
1169,-0.0945277,0.02515766,0.5048041
1170,-0.09403808,0.02288214,0.5095698
1171,-0.0933296,0.02007857,0.5150587
1172,-0.09270504,0.01641815,0.5210975
1173,-0.09198287,0.01191251,0.5273076
1174,-0.09413814,0.005354395,0.5338326
1175,-0.09658676,-0.001744711,0.5400267
1176,-0.09735759,-0.008612334,0.546308
1177,-0.09431869,-0.02226167,0.5559536
1178,-0.09221645,-0.02786425,0.557867
1179,-0.08966003,-0.03349929,0.5586611
1180,-0.08450587,-0.04365971,0.5557007
1181,-0.08203514,-0.04844197,0.5525396
1182,-0.07988653,-0.05375744,0.5494308
1183,-0.07787701,-0.05963148,0.5449445
1184,-0.07559187,-0.06366792,0.5393383
1185,-0.07253717,-0.06600761,0.5339309
1186,-0.06935283,-0.06721333,0.5295598
1187,-0.06609992,-0.06789312,0.5258622
1188,-0.06228145,-0.06838357,0.5226433
1189,-0.05782549,-0.06842998,0.5194098
1190,-0.05237169,-0.06750695,0.5162473
1191,-0.04655784,-0.06486642,0.5135132
1192,-0.04177959,-0.06004619,0.5107778
1193,-0.03854945,-0.05535985,0.5079538
1194,-0.03593473,-0.05133816,0.5048032
1195,-0.03463212,-0.04259499,0.498049
1196,-0.03634857,-0.03717588,0.4947775
1197,-0.03902867,-0.03161202,0.492213
1198,-0.04201747,-0.009567739,0.4815798
1199,-0.05132823,-0.001933712,0.4843564
1200,-0.05688649,0.005284816,0.487887
1201,-0.06155793,0.01162753,0.4907788
1202,-0.06616177,0.01683674,0.4916265
1203,-0.07057986,0.02136601,0.4914497
1204,-0.07473387,0.02527064,0.4912134
1205,-0.07861467,0.02825581,0.4909016
1206,-0.08218944,0.03057872,0.4908426
1207,-0.08572976,0.03219082,0.4916001
1208,-0.08891592,0.03338045,0.4940369
1209,-0.102374,0.001633813,0.5509769
1210,-0.09977187,0.007027118,0.5403782
1211,-0.09594753,0.01285185,0.5329002
1212,-0.09274873,0.01793143,0.5265228
1213,-0.09159749,0.02205166,0.5208149
1214,-0.09144031,0.0257259,0.5154224
1215,-0.09145278,0.0287902,0.5103149
1216,-0.09166693,0.03107904,0.5057267
1217,-0.0917211,0.03265435,0.5016364
1218,-0.09108168,0.03332897,0.4976705
1219,-0.09963995,-0.00877613,0.5591754
1220,-0.09539644,-0.01725405,0.562785
1221,-0.09233545,-0.02470314,0.5654965
1222,-0.08894838,-0.0317649,0.5666367
1223,-0.08231134,-0.04331402,0.5637805
1224,-0.07953507,-0.04912607,0.5607409
1225,-0.07712287,-0.05495809,0.5572733
1226,-0.07456408,-0.0611721,0.552593
1227,-0.07154419,-0.06603555,0.5472631
1228,-0.06774182,-0.06953052,0.5419635
1229,-0.06387772,-0.07133926,0.5370252
1230,-0.05999798,-0.07216568,0.5329462
1231,-0.05586141,-0.07266529,0.5290453
1232,-0.05069211,-0.07233547,0.5250059
1233,-0.04501779,-0.07044858,0.5207931
1234,-0.03916107,-0.06704747,0.5170966
1235,-0.03372333,-0.06209766,0.5134786
1236,-0.02987636,-0.05716285,0.5101582
1237,-0.02697298,-0.05231458,0.5063555
1238,-0.02548501,-0.0422951,0.4979008
1239,-0.0272711,-0.03580905,0.4935614
1240,-0.03043291,-0.02863714,0.4894659
1241,-0.03514724,-0.02066314,0.4850574
1242,-0.02496057,0.0007659718,0.4775982
1243,-0.01490986,0.003999193,0.4783481
1244,0.02787831,0.01162022,0.5020547
1245,0.01884424,0.0107033,0.4945195
1246,-0.003289749,0.009191357,0.480549
1247,0.008811115,0.009737305,0.4875379
1248,-0.03432322,-0.0009559793,0.4777763
1249,-0.1002487,0.02171077,0.5730895
1250,-0.102566,0.01665122,0.5647895
1251,-0.08787248,0.03039209,0.5944773
1252,-0.09604712,0.02881731,0.5832642
1253,-0.07988904,0.03190527,0.6034855
1254,-0.07148834,0.03311764,0.6114449
1255,-0.1039399,0.01295161,0.5563359
1256,-0.04327067,0.0002927836,0.479872
1257,-0.1027216,0.01198265,0.547536
1258,-0.05670818,0.01021281,0.4873363
1259,-0.06150508,0.01547791,0.490182
1260,-0.05092115,0.004804785,0.4833923
1261,-0.06994422,0.02456835,0.4915818
1262,-0.06585419,0.02030997,0.4913133
1263,-0.07368787,0.02831954,0.4916642
1264,-0.07736441,0.0316438,0.4915629
1265,-0.08081526,0.03394656,0.4915877
1266,-0.08432857,0.03566326,0.4924001
1267,-0.08748812,0.03643421,0.4947088
1268,-0.09259298,0.02193345,0.5254768
1269,-0.09563273,0.01806794,0.5316312
1270,-0.09115446,0.02562434,0.5200949
1271,-0.09957401,0.01436577,0.5389136
1272,-0.09021022,0.03439361,0.5061231
1273,-0.09025612,0.0318717,0.510561
1274,-0.09016001,0.03597882,0.5021464
1275,-0.0894625,0.03678026,0.4982231
1276,-0.09056547,0.02885599,0.5151548
1277,-0.1008573,0.00966808,0.5691631
1278,-0.09792404,0.01396949,0.5773
1279,-0.103173,0.005317308,0.56084
1280,-0.09428073,-0.01737914,0.5498344
1281,-0.09637987,-0.01558578,0.5517854
1282,-0.09856562,-0.01270679,0.5550272
1283,-0.01127257,-0.003456335,0.4817075
1284,-0.02162408,-0.006146801,0.4800379
1285,-0.001227413,-0.0005956199,0.4852546
1286,-0.03118521,-0.008507167,0.4794152
1287,-0.04796121,-0.02655381,0.4947631
1288,-0.04611384,-0.02560258,0.4924957
1289,-0.04350878,-0.02478296,0.4899862
1290,-0.0400959,-0.02317652,0.4873246
1291,0.02683382,0.005241873,0.5037867
1292,0.01818868,0.003571523,0.496608
1293,0.008822135,0.001689715,0.4903398
1294,-0.09305274,0.01819653,0.5862586
1295,-0.08679298,0.02153331,0.5953475
1296,-0.0795733,0.02392356,0.6035761
1297,-0.07134415,0.02605445,0.6113434
1298,-0.09216166,-0.01921635,0.54859
1299,-0.05184575,-0.02884252,0.4972468
1300,-0.04991951,-0.0276848,0.4960154
1301,-0.05379943,-0.03000419,0.5003676
1302,-0.05309176,-0.02954163,0.4987422
1303,-0.09042545,-0.02363389,0.5433466
1304,-0.0891129,-0.02440619,0.5424287
1305,-0.09147838,-0.02254843,0.5448694
1306,-0.09177723,-0.0208399,0.5469901
1307,-0.06838363,-0.02165156,0.6021958
1308,-0.07468288,-0.02567459,0.5938319
1309,-0.07940857,-0.02980398,0.5861212
1310,-0.08250999,-0.03323837,0.5791675
1311,-0.08441029,-0.03588515,0.5722694
1312,-0.08552528,-0.03783689,0.5660388
1313,-0.086952,-0.0389965,0.5617682
1314,-0.0869958,-0.0387028,0.5578296
1315,-0.08619033,-0.03752094,0.5543507
1316,-0.0856823,-0.03581806,0.5519788
1317,-0.08587131,-0.03435399,0.5495747
1318,-0.08582203,-0.03245994,0.5468038
1319,-0.08588931,-0.03043329,0.5442868
1320,-0.0857527,-0.02893375,0.5428119
1321,-0.08603495,-0.02765677,0.5416681
1322,-0.08563232,-0.02680292,0.541591
1323,-0.08435728,-0.02793977,0.5427828
1324,-0.08468683,-0.02505242,0.5428526
1325,-0.08660855,-0.02549222,0.5419443
1326,-0.0878941,-0.02502224,0.542081
1327,0.01341518,-0.03667299,0.5167961
1328,0.005066869,-0.03985984,0.5112869
1329,-0.002878477,-0.04308677,0.5071948
1330,-0.01063703,-0.04547723,0.5045735
1331,-0.01832213,-0.04689953,0.5030891
1332,-0.02527995,-0.04768831,0.5021874
1333,-0.0302789,-0.04800393,0.5014141
1334,-0.03456753,-0.04725194,0.5014764
1335,-0.038142,-0.0455841,0.5020187
1336,-0.04082815,-0.04351375,0.5024997
1337,-0.0434424,-0.04146626,0.5024225
1338,-0.04654205,-0.03898658,0.5026706
1339,-0.04922015,-0.03647856,0.5028122
1340,-0.05093613,-0.0346098,0.5030887
1341,-0.05242153,-0.03313334,0.5029612
1342,-0.05287113,-0.03212795,0.5034983
1343,-0.052315,-0.03307958,0.5051728
1344,-0.05233099,-0.03025514,0.5044873
1345,-0.05381926,-0.03075287,0.5029628
1346,-0.05395469,-0.03046942,0.5017244
