0,-0.05332578,-0.05257331,0.5574116
1,-0.05331458,-0.05190612,0.5509818
2,-0.05316057,-0.05165224,0.5352645
3,-0.05320346,-0.04905717,0.5246553
4,-0.05356369,-0.0415899,0.5164115
5,-0.05397546,-0.03394831,0.5136805
6,-0.0541601,-0.02940972,0.512372
7,-0.05440817,-0.021697,0.50642
8,-0.05441083,-0.01953368,0.5019631
9,-0.05467812,-0.01360644,0.5002065
10,-0.0549245,-0.008732102,0.499928
11,-0.05979117,0.07679363,0.4949351
12,-0.05875985,0.06269891,0.4863959
13,-0.05804877,0.05322424,0.4801081
14,-0.05679238,0.02857169,0.4910743
15,-0.05623626,0.01955143,0.491588
16,-0.06061373,0.08963156,0.4952481
17,-0.05713354,0.03929647,0.4771338
18,-0.05737903,0.04351708,0.4764235
19,-0.05589025,0.01425245,0.4904659
20,-0.05682512,0.03191021,0.4852298
21,-0.05697241,0.03590381,0.4789178
22,-0.0556805,0.01013466,0.4908645
23,-0.05685519,0.03071382,0.4892384
24,-0.0601733,0.08224902,0.4964058
25,-0.05833868,0.05700146,0.4826614
26,-0.05769876,0.04846099,0.4775842
27,-0.06116711,0.09914107,0.4940498
28,-0.06287792,0.1269912,0.494236
29,-0.0649193,0.1565786,0.5049967
30,-0.06388221,0.1421029,0.4974957
31,-0.05686526,0.03339664,0.4818365
32,-0.05655596,0.02492905,0.4917122
33,-0.05429759,-0.02504753,0.5100595
34,-0.05319938,-0.05235088,0.5427616
35,-0.05944541,0.0720628,0.4921814
36,-0.1354549,0.04693783,0.577519
37,-0.1307457,0.02530943,0.5757945
38,-0.1015399,-0.03043285,0.5615556
39,-0.09265392,-0.03840448,0.5536356
40,-0.09381944,-0.03654482,0.5612572
41,-0.1030681,-0.02827207,0.570484
42,-0.08252202,-0.0383255,0.5292739
43,-0.08804766,-0.0398486,0.5399103
44,-0.1081761,-0.02324895,0.5614474
45,-0.07775162,-0.03362207,0.522288
46,-0.09119651,-0.02819839,0.5283896
47,-0.09841993,-0.02810111,0.5389571
48,-0.1098631,-0.02060359,0.5710672
49,-0.08527049,-0.02501882,0.5226208
50,-0.1058782,-0.01489292,0.5339283
51,-0.09765474,-0.01659232,0.5245338
52,-0.118685,-0.006111022,0.5592274
53,-0.09651712,0.01528772,0.5069542
54,-0.08954567,0.01060022,0.5076821
55,-0.0923296,-0.004222963,0.5150049
56,-0.1002787,-0.002231997,0.5175847
57,-0.121118,-0.003509156,0.5701844
58,-0.07569845,-0.03001931,0.5192879
59,-0.09049748,-0.01495836,0.5203298
60,-0.07437427,-0.02643921,0.5162756
61,-0.08330308,-0.02192889,0.520152
62,-0.07236713,-0.01647878,0.50809
63,-0.08181117,-0.01923051,0.5176329
64,-0.1313365,0.0503349,0.5433319
65,-0.128881,0.01573819,0.5728123
66,-0.07820277,-0.01246217,0.5128246
67,-0.08536065,-0.01218698,0.51801
68,-0.08752326,-0.01364841,0.5194274
69,-0.08930504,-0.004878576,0.5145678
70,-0.07135694,-0.01328241,0.5062997
71,-0.08169355,-0.009018435,0.5147552
72,-0.08733086,-0.005150889,0.513562
73,-0.08696,0.05805483,0.5085827
74,-0.08651803,0.05288872,0.506532
75,-0.07038026,-0.01083535,0.5059518
76,-0.07695243,-0.01044607,0.5116215
77,-0.08277623,-0.005009833,0.5120528
78,-0.08473966,0.006891939,0.5070097
79,-0.08704801,0.008950409,0.507939
80,-0.06980548,-0.00865397,0.506489
81,-0.07611489,-0.008779024,0.5107189
82,-0.08047014,-0.007682425,0.5138705
83,-0.08071439,0.002584543,0.5061366
84,-0.08302943,0.0134483,0.5041193
85,-0.07788993,0.05629744,0.503215
86,-0.07728414,0.04515439,0.5006428
87,-0.1056402,0.04731814,0.5111035
88,-0.1126889,0.05789659,0.5178524
89,-0.07535099,-0.007664653,0.5107231
90,-0.07946653,-0.006503102,0.5134264
91,-0.08123222,-0.004797198,0.5122989
92,-0.08101073,0.01019389,0.5031244
93,-0.07861138,0.03561193,0.5024827
94,-0.07901295,0.06437398,0.5076462
95,-0.07812412,0.06017788,0.5049103
96,-0.08791642,0.06214221,0.5095693
97,-0.07887486,-0.005932443,0.5134606
98,-0.08020145,-0.004688149,0.5127938
99,-0.07894658,0.00112575,0.5066185
100,-0.1051492,0.06092274,0.5142611
101,-0.1083874,0.06284465,0.5164397
102,-0.1283987,0.07911085,0.5367718
103,-0.07934065,-0.004598082,0.513221
104,-0.0777079,-0.0001348034,0.5073603
105,-0.07900044,0.00661446,0.5027791
106,-0.06622505,0.06987897,0.4946264
107,-0.06600361,0.05993927,0.4890032
108,-0.07128941,0.05430256,0.4942542
109,-0.07599971,0.0681814,0.5072165
110,-0.07497841,0.0642551,0.5040194
111,-0.08396745,0.06395143,0.5094633
112,-0.08864821,0.06716657,0.5092841
113,-0.08885725,0.07167638,0.5091534
114,-0.1241188,0.06351048,0.5308667
115,-0.1189528,0.06761906,0.5265992
116,-0.07620224,-0.001242083,0.5088468
117,-0.07458745,0.007569668,0.4988139
118,-0.0767414,0.04007081,0.4962817
119,-0.06613812,0.07503493,0.4972378
120,-0.06352118,0.07606054,0.4955902
121,-0.08805013,0.08033121,0.508059
122,-0.1024655,0.06684083,0.512394
123,-0.1004967,0.07100252,0.5109384
124,-0.1185817,0.07730384,0.5242758
125,-0.1241846,0.08947433,0.5266615
126,-0.1326608,0.05815814,0.5456648
127,-0.1364536,0.05673419,0.5654395
128,-0.1372794,0.08639572,0.5584244
129,-0.1334406,0.06574006,0.5465535
130,-0.07303606,0.005549917,0.4995385
131,-0.06945673,0.02691639,0.4964584
132,-0.07782811,0.03727975,0.4996901
133,-0.07642654,0.03922486,0.4940744
134,-0.07448757,0.04317679,0.4923794
135,-0.07561021,0.07382078,0.5098375
136,-0.08532964,0.06831826,0.5095643
137,-0.1010582,0.07846709,0.5091653
138,-0.1139497,0.07718295,0.5195699
139,-0.1158122,0.08184907,0.5177802
140,-0.1205256,0.0848247,0.5213292
141,-0.1397102,0.08811493,0.5684192
142,-0.1348249,0.08403753,0.5508084
143,-0.07043975,0.002313722,0.5025375
144,-0.06580445,0.01863521,0.4924604
145,-0.07761306,0.03297685,0.5007951
146,-0.07539769,0.03430692,0.4935343
147,-0.07437994,0.04141717,0.490407
148,-0.068826,0.04880443,0.4852927
149,-0.06585442,0.05092958,0.482627
150,-0.06281596,0.06179282,0.487032
151,-0.07218956,0.07289889,0.505695
152,-0.06868815,0.07890408,0.5014507
153,-0.08550066,0.08010288,0.5089161
154,-0.1308006,0.1007567,0.5383331
155,-0.06582861,0.01312343,0.4918341
156,-0.07527865,0.03032927,0.5004442
157,-0.07370758,0.03216744,0.4959452
158,-0.07371236,0.03328161,0.4938541
159,-0.07421851,0.03823857,0.4895046
160,-0.07345961,0.03609042,0.4894009
161,-0.07074802,0.08596458,0.5004002
162,-0.06803038,0.08819492,0.4971907
163,-0.1186146,0.08791093,0.5168248
164,-0.1129947,0.08385485,0.5136584
165,-0.06388359,0.009666942,0.4926776
166,-0.06176297,0.01930868,0.4912391
167,-0.05988598,0.02850343,0.4907767
168,-0.07174958,0.03486378,0.490043
169,-0.06853724,0.04124425,0.4819528
170,-0.06504562,0.04238783,0.4787567
171,-0.06401115,0.03866858,0.4790801
172,-0.06732731,0.03829591,0.4818617
173,-0.06224461,0.05243458,0.4807787
174,-0.1099251,0.07689938,0.5159915
175,-0.111644,0.08016959,0.5143152
176,-0.1210932,0.09340749,0.5206899
177,-0.1295946,0.1140285,0.5369859
178,-0.1268483,0.1076327,0.5308969
179,-0.06177609,0.004596815,0.4958241
180,-0.06520549,0.0360523,0.4821836
181,-0.06275436,0.03572577,0.4806046
182,-0.06079056,0.03243968,0.4857847
183,-0.06554712,0.0887697,0.4958304
184,-0.07250365,0.08013301,0.50597
185,-0.08360305,0.07385243,0.5102468
186,-0.08248558,0.07007401,0.5098801
187,-0.08317387,0.0791375,0.5099733
188,-0.1046754,0.07727994,0.5116217
189,-0.1065876,0.0823606,0.5089781
190,-0.06100498,-0.008476426,0.5011755
191,-0.06257568,0.01416073,0.4908164
192,-0.06127192,0.04297261,0.4769946
193,-0.06071167,0.03898882,0.477605
194,-0.08290023,0.08685641,0.5036069
195,-0.08352327,0.09287082,0.4979883
196,-0.07845744,0.07477559,0.5110352
197,-0.08032177,0.07608566,0.5111765
198,-0.105957,0.073679,0.5138277
199,-0.1064384,0.07903946,0.51041
200,-0.1079616,0.09357119,0.5057602
201,-0.1048846,0.08788183,0.5064151
202,-0.06033376,0.009928887,0.4915831
203,-0.06464013,0.03095297,0.4922854
204,-0.06135527,0.03140604,0.4896373
205,-0.06231024,0.0322404,0.4894001
206,-0.05983254,0.03566617,0.4793285
207,-0.05872776,0.03194451,0.4853229
208,-0.08211144,0.09929486,0.4951652
209,-0.08367622,0.08360908,0.5064331
210,-0.08078171,0.07733478,0.5118047
211,-0.1028922,0.07789238,0.5101538
212,-0.1039627,0.07972254,0.508607
213,-0.1029939,0.1015653,0.5027103
214,-0.1320969,0.1208767,0.5448196
215,-0.05841047,0.00472062,0.494761
216,-0.05907244,0.03089998,0.489069
217,-0.08885503,0.09385099,0.4990706
218,-0.08821515,0.1009974,0.4965597
219,-0.08711549,0.08795082,0.5031457
220,-0.07846712,0.0773453,0.5105487
221,-0.1024903,0.08363272,0.5064192
222,-0.1026373,0.09633397,0.5029848
223,-0.09928246,0.08938193,0.5040186
224,-0.09594235,0.1017959,0.4994178
225,-0.05763999,-0.008770845,0.5001403
226,-0.09278168,0.08905593,0.5030233
227,-0.09570885,0.09550498,0.5004134
228,-0.08738023,0.08471896,0.5050398
229,-0.08475125,0.08209408,0.5074709
230,-0.08511618,0.0810194,0.5078498
231,-0.1176989,0.1266416,0.5222145
232,-0.1206048,0.135343,0.5291004
233,-0.09170351,0.0851166,0.5044622
234,-0.1001758,0.08086048,0.5066534
235,-0.09684603,0.08475665,0.5046433
236,-0.08778768,0.08237425,0.506263
237,-0.08784238,0.08146574,0.5068843
238,-0.09806325,0.07947945,0.507952
239,-0.1094849,0.1319187,0.5139177
240,-0.09109905,0.08247136,0.5054412
241,-0.09110077,0.08067562,0.5072926
242,-0.091067,0.08150657,0.5061741
243,-0.09547134,0.0818068,0.5053884
244,-0.09457003,0.08041461,0.5072762
245,-0.1126239,0.1416423,0.5213379
246,-0.104377,0.1465827,0.5158542
247,-0.096551,0.1502578,0.5117404
248,-0.0862371,0.1394978,0.5006698
249,-0.09370698,0.1374137,0.503579
250,-0.08885373,0.1530806,0.5089768
251,-0.07742842,0.1257244,0.4953812
252,-0.0845269,0.1249606,0.4966418
253,-0.09157671,0.1243474,0.4988303
254,-0.09855528,0.1234934,0.5026152
255,-0.1062508,0.1211656,0.5078118
256,-0.1150066,0.1169067,0.5154094
257,-0.06657033,0.08050894,0.4988213
258,-0.06441579,0.08160727,0.4973236
259,-0.08052832,0.06687333,0.5094293
260,-0.07174411,0.06863937,0.5025389
261,-0.07421099,0.05013734,0.4973465
262,-0.07552545,0.02729392,0.5014075
263,-0.07363612,0.01451915,0.4959631
264,-0.0716233,0.0102614,0.495118
265,-0.09793147,0.07071549,0.5100181
266,-0.09950503,0.06602193,0.5111023
267,-0.1013154,0.06016473,0.512499
268,-0.1035888,0.05489719,0.5121909
269,-0.09922879,0.04787629,0.5088722
270,-0.06676161,0.00887385,0.4942019
271,-0.06470168,0.004364415,0.4974864
272,-0.06393109,-0.008233543,0.5026966
273,-0.11605,0.005400562,0.532031
274,-0.1101909,0.0021887,0.5251635
275,-0.1251562,0.01245287,0.5494693
276,-0.1262684,0.02064127,0.5453573
277,-0.1112729,0.01156818,0.5197899
278,-0.1126873,0.06828494,0.5209924
279,-0.1071259,0.0701441,0.5153447
280,-0.1369938,0.05622117,0.5766318
281,-0.1013808,0.1353993,0.5078562
282,-0.07136118,0.1413754,0.4977619
283,-0.07413276,0.04521577,0.4943549
284,-0.06871077,0.0518858,0.4875676
285,-0.06587227,0.05407521,0.484976
286,-0.06253666,0.05576905,0.4831964
287,-0.1059924,0.07683308,0.5131207
288,-0.1050189,0.06818158,0.513836
289,-0.111136,0.06557226,0.5189676
290,-0.1158862,0.06082626,0.5214835
291,-0.1231564,0.05872755,0.5281668
292,-0.06868695,0.04553037,0.4829525
293,-0.06537304,0.04720928,0.4799441
294,-0.06157619,0.0482082,0.4782022
295,-0.07294074,0.1560293,0.5056583
296,-0.07740348,0.0302454,0.5030828
297,-0.0771644,0.04042416,0.4984117
298,-0.07588795,0.07773211,0.5096909
299,-0.08613463,0.03203218,0.5027834
300,-0.08275108,0.02663036,0.503981
301,-0.08157056,0.0237873,0.5032316
302,-0.09261049,0.04990079,0.5074781
303,-0.09246112,0.05613181,0.509465
304,-0.0923503,0.06091655,0.5101511
305,-0.092261,0.06649489,0.5094174
306,-0.06824942,0.0297412,0.4954711
307,-0.07981725,0.0204769,0.5020226
308,-0.07864951,0.01563877,0.5004879
309,-0.07665187,0.01085305,0.4989609
310,-0.07699442,0.004053558,0.5031812
311,-0.07564206,0.002506848,0.503735
312,-0.07335497,0.0008561444,0.5058465
313,-0.07264801,-0.008467157,0.5086815
314,-0.07805759,0.07059886,0.5093028
315,-0.08013822,0.07282155,0.5103191
316,-0.08148601,0.07813069,0.5110723
317,-0.06186767,0.03296361,0.4861521
318,-0.06385887,0.02882334,0.4920157
319,-0.06921148,0.03616665,0.4862797
320,-0.07151236,0.02954668,0.4980406
321,-0.05917762,0.03325836,0.4820683
322,-0.06148552,0.03371471,0.482876
323,-0.0627688,0.03417593,0.4836891
324,-0.06382047,0.03385083,0.4873157
325,-0.104052,0.07841849,0.5099174
326,-0.1021128,0.07888521,0.5085997
327,-0.09852242,0.08002212,0.5070246
328,-0.0947157,0.08106255,0.5061415
329,-0.08023132,0.07737647,0.5109215
330,-0.08171423,0.07546914,0.5111667
331,-0.08594912,0.07234604,0.5095731
332,-0.0917735,0.07126292,0.5089956
333,-0.1027161,0.07148366,0.5119746
334,-0.1095307,0.08106858,0.5117599
335,-0.1267646,0.1282371,0.5369228
336,-0.1241537,0.1209512,0.5295157
337,-0.121851,0.1130491,0.5235361
338,-0.1160319,0.09662676,0.5132337
339,-0.1136759,0.09100667,0.5103692
340,-0.1093276,0.08586843,0.5096396
341,-0.1056938,0.07783194,0.5115795
342,-0.1082754,0.07849014,0.5123475
343,-0.1044484,0.07246306,0.5128555
344,-0.07009183,0.09806471,0.4942648
345,-0.07603717,0.09744324,0.4949212
346,-0.07928698,0.09168845,0.4980254
347,-0.07938281,0.0858276,0.5041239
348,-0.08105517,0.08222941,0.5077945
349,-0.08208591,0.0811443,0.508597
350,-0.08271465,0.07986026,0.5091057
351,-0.08498921,0.01622647,0.5050693
352,-0.08674227,0.01838004,0.5052611
353,-0.09153333,0.0239531,0.5037147
354,-0.09376301,0.04372143,0.506011
355,-0.05726388,-0.01365185,0.5001327
356,-0.05735228,-0.01941376,0.5016456
357,-0.05739002,-0.0218183,0.5062276
358,-0.0577493,-0.02981688,0.5124661
359,-0.05743936,-0.03436563,0.5138241
360,-0.05793672,-0.04186575,0.5166692
361,-0.05856135,-0.04919626,0.5247834
362,-0.05981897,-0.05163233,0.53523
363,-0.06129737,-0.05192413,0.5510725
364,-0.06183795,-0.0523487,0.5577787
365,-0.06060176,-0.01321372,0.5004729
366,-0.06092218,-0.01833932,0.5015996
367,-0.06104773,-0.02161575,0.5060132
368,-0.06140485,-0.03020893,0.5130248
369,-0.06149515,-0.03494958,0.5143901
370,-0.06281136,-0.04164368,0.5172203
371,-0.06460223,-0.04870691,0.5256203
372,-0.06668459,-0.05088068,0.5358806
373,-0.06882837,-0.05051661,0.5519444
374,-0.06997828,-0.05024323,0.5588068
375,-0.06365923,-0.01267857,0.5014493
376,-0.06427688,-0.01694004,0.5022949
377,-0.06457065,-0.02082585,0.5059301
378,-0.06495631,-0.03034725,0.513862
379,-0.06556301,-0.03511626,0.5156143
380,-0.06792139,-0.04083869,0.518839
381,-0.07098185,-0.04703232,0.5266724
382,-0.07370225,-0.04831162,0.5367873
383,-0.07692482,-0.0473971,0.5525559
384,-0.07791557,-0.04687195,0.5599834
385,-0.07326712,-0.00985542,0.5087066
386,-0.07427208,-0.01154641,0.5092428
387,-0.07610871,-0.01416066,0.5103873
388,-0.07964683,-0.02614862,0.5199885
389,-0.08161718,-0.02931007,0.5227922
390,-0.08683355,-0.03289824,0.5292728
391,-0.09341426,-0.03411071,0.540051
392,-0.09954256,-0.03251036,0.5535812
393,-0.06955339,0.02249946,0.49563
394,-0.06504638,0.0242496,0.4931358
395,-0.06065607,0.02464507,0.4917245
396,-0.08268854,0.004602657,0.5063045
397,-0.0849801,-0.005173173,0.5124553
398,-0.08327968,-0.01063503,0.5162975
399,-0.08031837,-0.0160362,0.5150358
400,-0.07736699,-0.01906833,0.5135292
401,-0.07342015,-0.02203661,0.5125885
402,-0.06475615,-0.02518323,0.5106611
403,-0.06124778,-0.02558097,0.5104358
404,-0.05758649,-0.02532022,0.5101109
405,-0.06075333,-0.05220379,0.5427928
406,-0.06796096,-0.05110615,0.5436237
407,-0.07569341,-0.04851561,0.544374
408,-0.09062923,-0.03936133,0.5469686
409,-0.09702325,-0.03385873,0.5466855
410,-0.1024675,-0.02740184,0.545688
411,-0.1108251,-0.01281861,0.541008
412,-0.1166192,0.01512905,0.5274482
413,-0.1145526,0.04084365,0.5166301
414,-0.1114532,0.0481835,0.5144535
415,-0.1084532,0.05584147,0.5146524
416,-0.1058099,-0.02565693,0.5530216
417,-0.1151677,-0.009552595,0.5491838
418,-0.1209607,0.009087019,0.5407842
419,-0.1220344,0.01828285,0.536056
420,-0.1205105,0.04380696,0.5229672
421,-0.08672836,-0.008258381,0.5161924
422,-0.08907658,-0.008886646,0.51724
423,-0.09211646,-0.009027877,0.5176031
424,-0.09939452,-0.009455332,0.521211
425,-0.1082058,-0.006747351,0.5300001
426,-0.1140354,-0.004253094,0.5367864
427,-0.119206,-0.0003617192,0.5458662
428,-0.1246015,0.004811432,0.5570079
429,-0.1259971,0.006049939,0.5701247
430,-0.08437938,-0.0075375,0.5148578
431,-0.08254197,-0.006743801,0.5139198
432,-0.08118632,-0.005990849,0.5135015
433,-0.08030624,-0.005488939,0.5136045
434,-0.07945615,-0.005145858,0.5137616
435,-0.1209108,0.05434722,0.5241622
436,-0.1084616,0.07208056,0.516469
437,-0.1179091,0.06402655,0.5244589
438,-0.1138784,0.07129624,0.5222351
439,-0.109606,0.07349045,0.5174242
440,-0.1066215,0.07643443,0.5143993
441,-0.107136,0.07470755,0.5146955
442,-0.1078041,0.07668499,0.5146173
443,-0.07030655,0.126378,0.4946033
444,-0.07888842,0.1405059,0.4986823
445,-0.08100823,0.1549699,0.5070163
446,-0.06319758,0.07119323,0.4927933
447,-0.07158712,0.0643039,0.4997752
448,-0.07468866,0.05998389,0.5016209
449,-0.08718166,0.04761171,0.5051116
450,-0.1011447,0.04096327,0.5079637
451,-0.1081634,0.04015439,0.5115781
452,-0.1252431,0.04803599,0.5300499
453,-0.1278099,0.05419303,0.5347241
454,-0.1094667,0.09952437,0.5069304
455,-0.1280739,0.01514659,0.562104
456,-0.1336771,0.04886136,0.5542722
457,-0.1349014,0.04800959,0.5656551
458,-0.1168467,0.05056181,0.5191269
459,-0.1288998,0.06011746,0.5374985
460,-0.1340189,0.1060596,0.5450073
461,-0.1351341,0.05716872,0.5551428
462,-0.1365653,0.1119143,0.5541836
463,-0.1235975,0.07776874,0.5298252
464,-0.09822044,0.05495831,0.5105084
465,-0.09713066,0.06007133,0.5110852
466,-0.09595296,0.06589771,0.5100418
467,-0.09480099,0.07076929,0.5093547
468,-0.07605394,0.03663966,0.4935298
469,-0.1070214,0.07569208,0.5151123
470,-0.1076067,0.07546702,0.5149739
471,-0.1101618,0.07480493,0.5176142
472,-0.1143949,0.07351183,0.5225949
473,-0.1192741,0.07114445,0.5273185
474,-0.1245201,0.06827965,0.5321553
475,-0.1294128,0.0663239,0.5387903
476,-0.1359788,0.06575684,0.5549022
477,-0.1375469,0.06592073,0.5642375
478,-0.1381783,0.0659794,0.5744521
479,-0.08096981,0.03928514,0.5028926
480,-0.08176807,0.05190861,0.5042512
481,-0.08162174,0.05638393,0.5056666
482,-0.08261461,0.06071555,0.5079673
483,-0.07452166,0.02033868,0.4982329
484,-0.06963845,0.01674024,0.4941262
485,-0.06853522,0.01176671,0.4930883
486,-0.07581428,0.03260382,0.4972054
487,-0.0773919,0.0369163,0.4971374
488,-0.06851798,0.07281309,0.4997203
489,-0.06868351,0.06773636,0.4971812
490,-0.06864099,0.05762593,0.4914513
491,-0.07138681,0.04878282,0.4907637
492,-0.07138267,0.04616217,0.4885677
493,-0.07110593,0.04372774,0.4860771
494,-0.07115722,0.04006616,0.4852017
495,-0.0705747,0.03769444,0.4854411
496,-0.06192316,0.1116908,0.4933106
497,-0.06973294,0.1111888,0.4929545
498,-0.07690416,0.111155,0.4931125
499,-0.08429224,0.1114447,0.4943606
500,-0.09119049,0.1117226,0.4976547
501,-0.09780137,0.1115586,0.5010717
502,-0.1043871,0.1105585,0.5045559
503,-0.1121112,0.1072497,0.5101076
504,-0.1193328,0.1040953,0.5189288
505,-0.1244179,0.1008773,0.526383
506,-0.1280074,0.0957079,0.5331354
507,-0.1322599,0.08178706,0.5445333
508,-0.07712591,0.03440415,0.4977714
509,-0.08552673,-0.04238846,0.5607882
510,-0.08468425,-0.04326067,0.5533171
511,-0.08322448,-0.04435437,0.5458257
512,-0.08094633,-0.04420537,0.5382827
513,-0.07703848,-0.04375872,0.5282377
514,-0.07335645,-0.03840535,0.5210682
515,-0.07083096,-0.03388773,0.5176209
516,-0.06947374,-0.02908811,0.5151452
517,-0.06930883,-0.02408313,0.5113389
518,-0.06834786,-0.01914379,0.5063736
519,-0.06751983,-0.01544069,0.5037084
520,-0.06728554,-0.01172134,0.50352
521,-0.06688749,-0.008344772,0.504656
522,-0.06777474,0.003721305,0.4998081
523,-0.07010979,0.007731075,0.4963844
524,-0.07343791,0.03097725,0.4991085
525,-0.06707281,0.03396931,0.4908996
526,-0.1288631,0.02324057,0.554498
527,-0.1302818,0.02395078,0.5640827
528,-0.0951342,-0.03509533,0.5693919
529,-0.062298,-0.05299824,0.5635414
530,-0.07071453,-0.05072856,0.5647615
531,-0.05331307,-0.05324263,0.5630197
532,-0.07879114,-0.04689686,0.5662147
533,-0.08705185,-0.04157104,0.5679736
534,-0.07867502,-0.02305593,0.5167385
535,-0.1334509,0.0932953,0.5454361
536,-0.1364577,0.09675323,0.5524661
537,-0.1396708,0.1000943,0.5617418
538,-0.1070153,0.07735611,0.513166
539,-0.10928,0.07760604,0.5142623
540,-0.1131502,0.07887636,0.5170869
541,-0.1174136,0.07966922,0.5212477
542,-0.1221572,0.08149789,0.5258595
543,-0.1268388,0.08482961,0.5324603
544,-0.1304989,0.08966345,0.5393595
545,-0.1335238,0.07348658,0.5469811
546,-0.1361013,0.0746484,0.5539815
547,-0.1383187,0.07562082,0.5622393
548,-0.1389549,0.07646545,0.5719695
549,-0.1077221,0.07608563,0.5150853
550,-0.1101797,0.07586361,0.5172153
551,-0.1143792,0.07542551,0.5214595
552,-0.119268,0.0744445,0.5265517
553,-0.1247351,0.07312898,0.5325175
554,-0.1295912,0.07238723,0.5394155
555,-0.02159612,-0.02884306,0.5300003
556,-0.0152627,-0.02932848,0.5409585
557,-0.01085256,-0.0226935,0.5399638
558,-0.01769565,-0.0235239,0.5292661
559,-0.04784848,-0.04857944,0.5248832
560,-0.04656221,-0.05083971,0.5353961
561,-0.03985568,-0.04928381,0.5362049
562,-0.04195189,-0.04735037,0.5258625
563,-0.02703739,-0.02587488,0.5233269
564,-0.02377494,-0.02109521,0.5232202
565,-0.00717365,-0.02155012,0.5467964
566,-0.004240181,-0.01948418,0.554257
567,0.003484957,-0.002208585,0.5507185
568,-0.0002448745,-0.005842375,0.5423818
569,-0.04919924,-0.04130157,0.5167661
570,-0.04434267,-0.04051674,0.5174075
571,-0.03580486,-0.04495119,0.5270565
572,-0.03318612,-0.0458893,0.5372567
573,-0.02653844,-0.04093774,0.5388789
574,-0.03018212,-0.04096394,0.5287565
575,-0.02927499,-0.02296161,0.5204003
576,-0.0259845,-0.01824243,0.5206646
577,-0.01236048,-0.01087005,0.5254653
578,-0.004661232,-0.00838774,0.5351228
579,-0.00312268,0.0001175459,0.5312807
580,-0.01128758,-0.003457962,0.5222406
581,0.006639842,0.007496812,0.5475984
582,0.002139486,0.003160633,0.5383254
583,-0.05046372,-0.03394403,0.5138789
584,-0.04641038,-0.03401723,0.5145078
585,-0.03939469,-0.03912649,0.5191526
586,-0.03429744,-0.03606512,0.521467
587,-0.0253374,-0.03485598,0.5299093
588,-0.0304416,-0.03071359,0.5227894
589,-0.01945109,-0.0101482,0.5209886
590,-0.01641378,0.02083361,0.5079106
591,-0.02285946,0.01534967,0.5083909
592,-0.0186019,0.001006908,0.5157052
593,-0.01115603,0.003904774,0.5186512
594,0.006411795,0.001584728,0.5609288
595,0.008183528,0.004408988,0.5720557
596,0.01191355,0.01453851,0.5722166
597,0.0111105,0.01321831,0.55898
598,-0.04231101,-0.03365388,0.5158171
599,-0.03722868,-0.03181901,0.5179461
600,-0.01839262,-0.003894092,0.5182984
601,-0.02941327,-0.01263687,0.5153499
602,-0.0320622,-0.01615528,0.5138694
603,-0.03049015,-0.01999893,0.5171482
604,-0.02773752,-0.01568502,0.518056
605,-0.02251092,-0.009200043,0.5198518
606,-0.0213858,-0.00409713,0.5177071
607,-0.05099584,-0.02491026,0.5101765
608,-0.05054774,-0.02930984,0.5126136
609,-0.04688959,-0.02931701,0.5132005
610,-0.04744068,-0.02480059,0.5106452
611,-0.02149715,9.167008E-06,0.5150191
612,0.01312732,0.03213721,0.5568196
613,0.01478559,0.05816506,0.5569033
614,0.01267048,0.05937669,0.5459043
615,0.01115035,0.02932033,0.5475054
616,-0.04387867,-0.0237863,0.5108396
617,-0.04338472,-0.02902396,0.5140592
618,-0.03901553,-0.02717256,0.5154198
619,-0.03957723,-0.02222508,0.5116682
620,-0.03441521,-0.0239752,0.5166258
621,-0.03563365,-0.01973381,0.51284
622,-0.03576621,-0.009030814,0.5095085
623,-0.03377464,-0.01134169,0.5107478
624,-0.03189954,-0.009248924,0.5131518
625,-0.03323085,-0.007447354,0.5119796
626,-0.02485673,-0.00797044,0.5183654
627,-0.0270167,-0.006648929,0.5166152
628,-0.02512626,0.01333739,0.5084794
629,-0.02234744,0.02873709,0.5047072
630,-0.02656629,0.02257298,0.5061526
631,-0.05144442,-0.01903984,0.501697
632,-0.05142364,-0.02144738,0.5063077
633,-0.04785233,-0.02078119,0.5061093
634,-0.04810433,-0.01750236,0.5016948
635,-0.02383757,-0.003770118,0.5166112
636,-0.02619917,-0.003329391,0.51526
637,-0.02796291,0.02015625,0.5057035
638,-0.03144046,0.03010748,0.5048605
639,-0.02861375,0.03595003,0.5036588
640,-0.03102538,0.0615415,0.5095842
641,-0.03077513,0.05639907,0.507501
642,-0.02444864,0.0542277,0.5086465
643,-0.02537229,0.06036304,0.5106591
644,-0.04497635,-0.01571053,0.5023978
645,-0.04445856,-0.01957947,0.506142
646,-0.04084943,-0.0173584,0.5066214
647,-0.04196204,-0.01376602,0.5038715
648,-0.03716202,-0.01422482,0.5083967
649,-0.03841975,-0.01112042,0.5065723
650,-0.03686814,-0.007358647,0.5088595
651,-0.03422105,-0.005923424,0.5110089
652,-0.0286713,-0.005269148,0.5150625
653,-0.03002504,-0.004071343,0.5142509
654,-0.02575929,-0.000839089,0.5128914
655,-0.02346271,-0.000518797,0.5139893
656,-0.02718916,0.01101805,0.507516
657,-0.02892393,0.008497825,0.5068254
658,-0.03224239,0.02706318,0.50389
659,-0.05207722,-0.01328792,0.5001153
660,-0.04890484,-0.01243698,0.5005366
661,-0.03753261,-0.005996427,0.5088681
662,-0.03505312,-0.004865204,0.5110316
663,-0.02808414,-0.002813688,0.5142994
664,-0.02937185,-0.002223095,0.513849
665,-0.03112589,0.01366865,0.5036896
666,-0.02955547,0.01717848,0.5046518
667,-0.03352403,0.02359155,0.502522
668,-0.03884251,0.0475939,0.5012426
669,-0.03959464,0.0586594,0.5038738
670,-0.04317236,0.06191622,0.5021606
671,-0.04233896,0.05213523,0.4978716
672,-0.0261368,0.06501862,0.5113271
673,-0.03062583,0.0656963,0.5105911
674,-0.0008806139,0.05791938,0.5211495
675,-0.005850662,0.06462763,0.5197638
676,-0.009689614,0.06205006,0.516393
677,-0.005776674,0.05492103,0.5162733
678,-0.05219902,-0.008395809,0.5002174
679,-0.04882051,-0.007649266,0.5012133
680,-0.04594915,-0.01150875,0.5014997
681,-0.04253323,-0.01002821,0.5036704
682,-0.03956583,-0.008762094,0.5061119
683,-0.03119237,-0.002993657,0.5138608
684,-0.0279361,-0.0009876518,0.5124436
685,-0.03052975,0.006228665,0.506512
686,-0.03217706,0.004513102,0.5069289
687,-0.02940172,-0.001004349,0.5127017
688,-0.03989543,0.06250241,0.505577
689,-0.0396001,0.06673393,0.5083436
690,-0.04302064,0.07009177,0.5078273
691,-0.04345954,0.06611529,0.5045886
692,-0.02686839,0.07050138,0.5105661
693,-0.03049789,0.07077891,0.5102893
694,-0.02132664,0.06482044,0.5124269
695,-0.02319638,0.07038889,0.5113037
696,-0.01067539,0.06893007,0.5181917
697,-0.01362327,0.06662907,0.5158604
698,-0.04606546,-0.007088429,0.5027968
699,-0.04323965,-0.006705669,0.5047402
700,-0.04026074,-0.006572261,0.5065762
701,-0.03168841,-0.002593043,0.5137668
702,-0.03029322,-0.001866235,0.5139767
703,-0.03262683,0.009935474,0.5031549
704,-0.03434182,0.007103416,0.5034608
705,-0.03848119,0.06942301,0.5101866
706,-0.03563945,0.0636094,0.5088053
707,-0.0347512,0.06697503,0.5103412
708,-0.03127667,-0.001678522,0.5140954
709,-0.03045333,-0.00104433,0.5131415
710,-0.0332315,0.003112515,0.5075914
711,-0.04990783,0.06885559,0.4975327
712,-0.04851593,0.05884067,0.4917911
713,-0.04559551,0.05589574,0.4947089
714,-0.04671103,0.06573444,0.5001581
715,-0.03396966,0.07146946,0.5104569
716,-0.03696796,0.07284736,0.5106972
717,0.004340865,0.07155431,0.5331916
718,-0.001121968,0.07496756,0.5287417
719,-0.001675185,0.07133625,0.5265388
720,0.004053511,0.06676126,0.5304509
721,-0.03136976,-0.001052664,0.5135913
722,-0.03465721,0.001825381,0.5091181
723,-0.03546594,0.005432576,0.5039221
724,-0.05334503,0.07579365,0.4974706
725,-0.05603854,0.07655709,0.4956952
726,-0.05564416,0.0716535,0.4929198
727,-0.05251654,0.07069679,0.4948758
728,-0.03270686,0.08367901,0.5090773
729,-0.03085179,0.07517731,0.5101771
730,-0.02790779,0.07513605,0.5101085
731,-0.02969827,0.08435983,0.5084434
732,-0.02486927,0.0750204,0.5106068
733,-0.02622968,0.08458149,0.5085307
734,-0.006464284,0.0779855,0.5242255
735,-0.007237006,0.07486778,0.5229044
736,-0.002474446,0.08451532,0.5265508
737,-0.001585115,0.08176161,0.5287887
738,0.003744882,0.08109715,0.5348838
739,0.002202045,0.08554537,0.5322473
740,-0.03757412,0.003501633,0.5059392
741,-0.03651542,0.03840886,0.5030339
742,-0.03830056,0.04289902,0.4989983
743,-0.0385359,0.04242165,0.4968757
744,-0.03729568,0.0398583,0.500289
745,-0.03868788,0.03898795,0.4941485
746,-0.03868431,0.04161067,0.4946734
747,-0.04083133,0.04352392,0.4909612
748,-0.04054743,0.04036241,0.4900848
749,-0.0195007,0.08332466,0.5107638
750,-0.01927479,0.07590113,0.5124128
751,-0.01719984,0.07677767,0.5135568
752,-0.01766046,0.08302878,0.5118115
753,-0.01086744,0.07966294,0.5192872
754,-0.01180921,0.07811116,0.5182699
755,-0.005516138,0.08869257,0.5201299
756,-0.003803693,0.08670929,0.5235763
757,0.0005106404,0.08907699,0.5283099
758,-0.001247693,0.09226235,0.5238071
759,-0.03884563,0.01689832,0.4962911
760,-0.04282059,0.01855453,0.4943004
761,-0.04338739,0.01347028,0.4933204
762,-0.04019137,0.01245786,0.4953486
763,-0.03703786,0.03560135,0.5013741
764,-0.03706831,0.03290439,0.5035889
765,-0.04702026,0.05018177,0.4857057
766,-0.05015308,0.05188943,0.4828628
767,-0.05007451,0.04814181,0.4801823
768,-0.04668029,0.0468699,0.4833176
769,-0.05465597,0.06229875,0.4871568
770,-0.05133988,0.06087307,0.4892578
771,-0.05144003,0.07999887,0.5017742
772,-0.04733659,0.07442034,0.5061759
773,-0.04782475,0.08180062,0.506472
774,-0.0500253,0.08733503,0.5008661
775,-0.03381171,0.07551033,0.5104859
776,-0.03513912,0.08302499,0.5099189
777,-0.03737197,0.08178866,0.5108309
778,-0.03633213,0.07667276,0.5110862
779,-0.009392358,0.08662998,0.5165806
780,-0.007904161,0.08545254,0.5192711
781,-0.003209755,0.09518223,0.5193826
782,-0.008300975,0.0904753,0.5159983
783,-0.0389986,0.03268056,0.5009484
784,-0.04083519,0.03305929,0.4995889
785,-0.04250147,0.03142227,0.4984812
786,-0.03847764,0.02973714,0.5018907
787,-0.04058093,0.03427506,0.496453
788,-0.04061063,0.03537338,0.4943807
789,-0.04260356,0.03671231,0.4905068
790,-0.04975913,0.04339238,0.4790127
791,-0.04629764,0.0426717,0.4822837
792,-0.05319705,0.08935299,0.4974747
793,-0.05366834,0.08131765,0.4990437
794,-0.01141872,0.08724052,0.5139942
795,-0.05075899,0.02001707,0.4913694
796,-0.04666583,0.01984296,0.4926189
797,-0.04817642,0.02538307,0.493323
798,-0.05249638,0.02517532,0.4918217
799,-0.05032056,0.03951388,0.4793292
800,-0.04708831,0.03954025,0.4822355
801,-0.05382103,0.05295699,0.480916
802,-0.05390658,0.04868704,0.478321
803,-0.04218563,0.09480681,0.4986744
804,-0.04615295,0.09969789,0.4954277
805,-0.01419875,0.08480918,0.5125707
806,-0.01248167,0.08459859,0.5144672
807,-0.0117259,0.09205852,0.5119625
808,-0.01422574,0.08807649,0.5111133
809,-0.04759578,0.01087033,0.4927625
810,-0.0491021,0.005470231,0.4959149
811,-0.04633167,0.00563889,0.4975881
812,-0.04490845,0.01041778,0.4944113
813,-0.04926852,0.01506233,0.4909824
814,-0.04611892,0.0144327,0.492015
815,-0.04895493,0.03709876,0.4824034
816,-0.05119339,0.03490239,0.4838774
817,-0.05349931,0.04344935,0.4771226
818,-0.05564356,0.08957182,0.496051
819,-0.05588429,0.08218399,0.4975064
820,-0.04150572,0.08900245,0.5050413
821,-0.01654402,0.08521495,0.5106421
822,-0.05358486,0.03943516,0.4777265
823,-0.05213098,0.09943124,0.4946303
824,-0.03789643,0.09047884,0.5046884
825,-0.03771494,0.09667065,0.4990873
826,-0.03966619,0.0852502,0.5086524
827,-0.03705803,0.08696071,0.5073687
828,-0.0080809,0.09778202,0.5129131
829,-0.05105443,0.01051222,0.4915797
830,-0.0525023,0.03199419,0.4897219
831,-0.05165736,0.03292165,0.4895567
832,-0.05200544,0.03362374,0.4862109
833,-0.05303324,0.03292931,0.4859007
834,-0.0523759,0.03429049,0.4830205
835,-0.05129614,0.03644861,0.4807868
836,-0.0541367,0.03605502,0.4793774
837,-0.05457031,0.03354499,0.4821426
838,-0.03986573,0.1026161,0.4959956
839,-0.03242695,0.09815157,0.5002824
840,-0.03366338,0.09202369,0.5044166
841,-0.03854708,0.08384744,0.50938
842,-0.03594061,0.08506455,0.5083269
843,-0.03954489,0.07975864,0.5125513
844,-0.03985438,0.0785021,0.5119225
845,-0.0384221,0.07807044,0.5119578
846,-0.03895037,0.08063679,0.511856
847,-0.01615157,0.09371756,0.5084293
848,-0.01367384,0.09968756,0.5079879
849,-0.01893425,0.1020743,0.5047204
850,-0.02178493,0.0945842,0.5057057
851,-0.05367022,0.02891099,0.4908606
852,-0.05467946,0.03118149,0.4891302
853,-0.05238526,0.005128849,0.4947671
854,-0.04983562,0.02972654,0.49219
855,-0.04931197,0.03196102,0.4924715
856,-0.04566708,0.03115601,0.4958295
857,-0.05495559,0.03219908,0.4853852
858,-0.03381838,0.1051788,0.4976075
859,-0.03335596,0.08841875,0.5061141
860,-0.04425708,0.07969414,0.5103979
861,-0.04174174,0.07956996,0.5111489
862,-0.01657486,0.08366928,0.5116478
863,-0.01844818,0.08389204,0.5102975
864,-0.01822992,0.0889238,0.5083928
865,-0.02034999,0.0858728,0.5084252
866,-0.025734,0.100375,0.5016987
867,-0.02819458,0.09353767,0.5044953
868,-0.02909807,0.08925804,0.5057457
869,-0.03288524,0.08585767,0.5073389
870,-0.03786489,0.08247755,0.5099677
871,-0.03557938,0.08384288,0.5088838
872,-0.02391315,0.08937104,0.5063184
873,-0.02508293,0.08631599,0.5068902
874,-0.02952793,0.08637554,0.5066686
875,-0.0328781,0.08472945,0.5079881
876,-0.02259504,0.08397929,0.509367
877,-0.02211564,0.08469313,0.5085331
878,-0.007800154,0.1423516,0.5313604
879,-0.01622491,0.1476189,0.5232226
880,-0.01766225,0.1376781,0.5159103
881,-0.00918014,0.1334281,0.5246566
882,-0.02968156,0.08522804,0.5073297
883,-0.02600021,0.08535184,0.5074341
884,-0.02485286,0.1515224,0.5173768
885,-0.02595213,0.1401465,0.5094454
886,-0.03301398,0.1542078,0.5128926
887,-0.04138605,0.142457,0.50159
888,-0.03374955,0.1412739,0.5048201
889,-0.04089609,0.1560645,0.5098461
890,-0.04883832,0.1569643,0.5075994
891,-0.05692059,0.1570225,0.5059493
892,-0.05638091,0.1423903,0.4980608
893,-0.04881364,0.1425149,0.499288
894,-0.04823534,0.1278238,0.4960066
895,-0.04682075,0.1135104,0.4936897
896,-0.03933902,0.1148112,0.4953206
897,-0.04101163,0.1280213,0.4976024
898,-0.03252671,0.1159667,0.4990767
899,-0.0338749,0.1282735,0.5001352
900,-0.02690111,0.1282067,0.5043002
901,-0.0259292,0.116491,0.5028943
902,-0.01936438,0.1162329,0.5066864
903,-0.01915307,0.1267858,0.5099061
904,-0.01156039,0.11378,0.5126861
905,-0.01027669,0.123596,0.5179269
906,-0.003377378,0.1205309,0.5263186
907,-0.004523031,0.111427,0.5218488
908,0.0005258955,0.108799,0.5293433
909,0.001868311,0.115702,0.5337336
910,-0.03283495,-0.02735198,0.5196661
911,-0.03904291,0.03660234,0.4941548
912,-0.04104693,0.03812799,0.4899203
913,-0.03859595,0.03496223,0.4977766
914,-0.04715101,0.07001991,0.502973
915,-0.04430377,0.04787719,0.4890328
916,-0.04419032,0.04537351,0.4864874
917,-0.04102273,0.04527882,0.4929213
918,-0.04365277,0.04175097,0.4856448
919,-0.04394824,0.03932305,0.4858976
920,-0.04512569,0.03769078,0.4866652
921,-0.01493839,0.04655591,0.5093622
922,-0.02251845,0.04831933,0.5071807
923,-0.01771412,0.05309125,0.5102609
924,-0.01963896,0.05990469,0.511878
925,-0.02178473,0.07531968,0.5113609
926,-0.01686894,0.07210087,0.5139198
927,-0.01966863,0.07095052,0.512475
928,-0.01723579,0.06544201,0.513984
929,0.003147736,0.01313845,0.5336833
930,-0.002008244,0.00934667,0.5265679
931,0.007383067,0.01721022,0.5426612
932,0.007604074,0.02654453,0.5379673
933,0.002867993,0.02291473,0.5290796
934,0.009024147,0.06279393,0.537184
935,0.007409964,0.05644124,0.5324045
936,-0.001750182,0.01881537,0.5212439
937,-0.01190339,-0.02867109,0.5477032
938,-0.007987909,0.04663599,0.513199
939,0.003474638,0.0516805,0.525098
940,-0.001862317,0.04805177,0.5185068
941,-0.02945781,0.05129751,0.5060751
942,-0.04170752,0.04726787,0.4948611
943,-0.04470744,0.05045402,0.4912098
944,-0.054079,0.05629859,0.4833116
945,-0.05059694,0.0550536,0.4852562
946,-0.01457284,0.07380458,0.5154867
947,-0.008376904,0.07201006,0.520824
948,-0.01280773,0.07604667,0.5170887
949,-0.003158141,0.06788559,0.523507
950,-0.01134844,0.05334878,0.5127155
951,0.004482538,0.09296275,0.535095
952,0.001563724,0.09730519,0.5293399
953,-0.001648799,0.1009338,0.5235358
954,-0.006617781,0.1036189,0.5160694
955,-0.01290363,0.1059221,0.5093693
956,-0.0193588,0.1073055,0.5047951
957,-0.02627298,0.1068194,0.5010428
958,-0.05542796,0.1274491,0.4949152
959,-0.05406154,0.1124352,0.4932648
960,-0.03401899,0.01867802,0.5009596
961,-0.03541692,0.01373287,0.4992564
962,-0.0475825,0.05316487,0.4879401
963,-0.03830095,0.00809814,0.4997369
964,-0.0369653,0.01020467,0.4990903
965,-0.0413818,0.009751029,0.4965382
966,-0.04047169,0.004509666,0.5027286
967,-0.04321059,0.005427697,0.4999198
968,-0.04413639,0.07575878,0.5104451
969,-0.04135791,0.07281477,0.5099897
970,-0.03961708,0.07529045,0.5110689
971,-0.04151551,0.07703815,0.5117278
972,-0.05078801,0.07384257,0.5000404
973,-0.03596242,0.05916965,0.5064718
974,-0.03523807,0.0548315,0.50506
975,-0.0400512,0.07978631,0.5116691
976,0.01569893,0.05739651,0.5683728
977,0.01617071,0.06625663,0.5681946
978,0.0151803,0.06656317,0.5578399
979,-0.03458593,0.04234976,0.5035884
980,-0.04419401,0.02852655,0.4968077
981,-0.05026662,0.0347163,0.4875202
982,-0.04721304,0.03527983,0.4911552
983,-0.01333496,0.08053299,0.5164854
984,-0.01435006,0.07935897,0.5155552
985,-0.01488535,0.08338826,0.5133941
986,-0.01563414,0.07793549,0.5145037
987,-0.01589303,0.08269829,0.5133628
988,-0.001124311,0.1360445,0.5394301
989,-0.002373442,0.1285754,0.5322211
990,-0.01369998,0.08305379,0.5150466
991,-0.01152027,0.08376555,0.516391
992,-0.01462559,0.08242743,0.5149652
993,-0.04573776,-0.05128261,0.5429828
994,-0.04539664,-0.05096881,0.5512846
995,-0.03874706,-0.04930828,0.5439943
996,-0.03140748,-0.04581138,0.5449079
997,-0.02443751,-0.04077171,0.5465358
998,-0.03045483,-0.04457418,0.5531656
999,-0.02327439,-0.03954799,0.554092
1000,-0.03862052,0.02277208,0.4985807
1001,-0.03812495,-0.04866681,0.5523491
1002,-0.0143612,0.06055108,0.5137475
1003,-0.002366401,-0.01683779,0.5628633
1004,0.01094076,0.02097973,0.551537
1005,0.002507102,0.06212121,0.5263293
1006,-0.006430581,0.08215238,0.5235806
1007,-0.007025111,0.08386631,0.5217196
1008,-0.01052016,0.08206608,0.5192305
1009,-0.0108782,0.08308315,0.5180516
1010,-0.01288284,0.08196934,0.5169728
1011,-0.01290478,0.08254053,0.5165619
1012,-0.01398084,0.08215276,0.5162534
1013,0.0131203,0.0239155,0.564304
1014,0.009267885,0.06878681,0.5399982
1015,-0.01045277,0.08100482,0.5195414
1016,-0.01295761,0.08131774,0.5167896
1017,-0.006185856,0.08027104,0.5245979
1018,-0.001200479,0.07852961,0.5294375
1019,0.004112106,0.07631602,0.5344888
1020,-0.04363545,0.02422097,0.4959072
1021,-0.0375577,0.03942417,0.4977436
1022,-0.03752867,0.0369027,0.4984098
1023,0.01294592,0.06724685,0.5482845
1024,0.01411464,0.03291475,0.566456
1025,0.01347099,0.02452332,0.5751034
1026,0.003494427,0.1223188,0.5397272
1027,0.004735611,0.1293633,0.5474445
1028,0.01636618,0.06574371,0.5794008
1029,0.0159517,0.05633987,0.5802364
1030,0.01400108,0.03427075,0.5782341
1031,-0.001218628,-0.01401335,0.5725884
1032,-0.04491984,-0.05132186,0.558015
1033,-0.03712086,-0.0482685,0.5592567
1034,-0.02966767,-0.04396128,0.5606363
1035,-0.02266325,-0.03861184,0.5616261
1036,-0.02887933,-0.04388493,0.5669294
1037,-0.02136262,-0.03761627,0.5689057
1038,-0.03639522,-0.04866617,0.5652534
1039,-0.04444177,-0.05192829,0.5637991
1040,-0.01513028,-0.03181494,0.56229
1041,-0.01594023,-0.03376776,0.5545889
1042,-0.007105425,-0.02246494,0.571837
1043,-0.01414838,-0.03020915,0.5705342
1044,-0.01998195,-0.03572385,0.5407041
1045,-0.01769189,-0.03491895,0.5478447
1046,-0.009739168,-0.02709047,0.5546563
1047,-0.008157734,-0.02479565,0.562796
1048,0.004360437,0.104077,0.5360101
1049,0.006528523,0.08751714,0.5393633
1050,0.006253216,0.1093133,0.5411261
1051,0.007265609,0.09837289,0.5421812
1052,0.009722877,0.09063857,0.5472513
1053,0.01174287,0.0931756,0.5535939
1054,0.009467695,0.102183,0.5482008
1055,0.008465331,0.1148816,0.547722
1056,0.01170481,0.1059151,0.5551623
1057,0.01358496,0.09567098,0.5611619
1058,0.009874519,0.1209883,0.5568426
1059,0.01414039,0.1096261,0.5645345
1060,0.01541752,0.09772878,0.5712351
1061,0.01616552,0.07549762,0.5670164
1062,0.01497047,0.07515121,0.5576451
1063,0.01276289,0.07482911,0.5492234
1064,0.01641666,0.07557839,0.5772541
1065,0.01597899,0.08608396,0.5747781
1066,0.01580687,0.0851794,0.5650391
1067,0.008387316,0.08097635,0.5419465
1068,0.008965839,0.07499469,0.541308
1069,0.01187322,0.08256252,0.549688
1070,0.01402692,0.08396494,0.5567347
1071,-0.01360443,0.08175844,0.5169176
1072,-0.05537822,0.004873464,0.4944132
1073,-0.1274376,0.01681833,0.5552258
1074,0.01249639,0.02557084,0.5574211
1075,-0.08107112,0.07866162,0.5102517
1076,-0.07988065,0.07981101,0.5095711
1077,-0.07819718,0.08033206,0.5091537
1078,-0.07558467,0.08289952,0.5060509
1079,-0.07593636,0.09077855,0.4979967
1080,-0.07242702,0.09298367,0.4961044
1081,-0.06831167,0.09338955,0.4949314
1082,-0.06084902,0.09433288,0.494017
1083,-0.05339975,0.0945456,0.4952571
1084,-0.04932473,0.09468061,0.4966113
1085,-0.0454443,0.09347632,0.4986158
1086,-0.04511429,0.08535316,0.5066473
1087,-0.04231583,0.08290246,0.509883
1088,-0.04059098,0.08223868,0.5102458
1089,-0.03937311,0.08114927,0.5110246
1090,-0.02845018,0.07680754,0.5110853
1091,-0.03131234,0.07695841,0.5111893
1092,-0.02539714,0.07645399,0.5112627
1093,-0.01793854,0.07762258,0.5138103
1094,-0.01991777,0.077146,0.5128211
1095,-0.03617137,0.07741972,0.5121007
1096,-0.0337829,0.0769867,0.511525
1097,-0.03830602,0.07856135,0.5125439
1098,-0.03928247,0.07904659,0.5127147
1099,-0.02239614,0.07670695,0.5118877
1100,-0.01629697,0.07855225,0.5146815
1101,-0.0148445,0.07973487,0.5157736
1102,-0.01394703,0.0808136,0.5166163
1103,-0.08869983,0.07375008,0.5100829
1104,-0.09153081,0.07319839,0.5098815
1105,-0.09452307,0.07244228,0.5099766
1106,-0.1000084,0.07236508,0.5113076
1107,-0.1020557,0.07256059,0.5121973
1108,-0.08620638,0.07400359,0.5105252
1109,-0.08389544,0.07467052,0.5112115
1110,-0.08098189,0.07659389,0.5119818
1111,-0.08192006,0.0759958,0.5117406
1112,-0.09751659,0.07235005,0.5104749
1113,-0.1038506,0.07322115,0.5130333
1114,-0.1054991,0.07416568,0.514037
1115,-0.1065713,0.07508941,0.5148278
1116,-0.106999,0.07600871,0.5150824
1117,-0.01356847,0.08145993,0.5169203
1118,-0.07083305,0.03221351,0.4946106
1119,-0.04340441,0.03394116,0.4950452
1120,-0.07865503,-0.004237413,0.5139791
1121,-0.07813125,-0.006349041,0.5143459
1122,-0.07585153,-0.001090618,0.511172
1123,-0.07441552,-0.008203647,0.5126174
1124,-0.0730143,0.0007388629,0.5083313
1125,-0.07183908,-0.008847947,0.5109019
1126,-0.06111724,0.005247961,0.5002455
1127,-0.06074421,-0.008109705,0.5051932
1128,-0.06328767,-0.008174271,0.5064759
1129,-0.06372882,0.004762173,0.5016352
1130,-0.05804298,0.005312126,0.4993612
1131,-0.05728937,-0.008168616,0.5041577
1132,-0.05552736,0.005449673,0.4991953
1133,-0.05487759,-0.008103644,0.5037587
1134,-0.06892661,-0.008720673,0.50933
1135,-0.07006335,0.002515997,0.5060283
1136,-0.06708782,0.0038612,0.5039022
1137,-0.06614867,-0.008347855,0.5081112
1138,-0.07877831,-0.005168564,0.5139707
1139,-0.03243665,-0.003023065,0.5146918
1140,-0.03578531,-0.005517435,0.5126705
1141,-0.0351311,0.001936287,0.5113859
1142,-0.03219567,-0.0007997472,0.514236
1143,-0.03819631,-0.006437494,0.5110869
1144,-0.03786686,0.003335786,0.5086318
1145,-0.04999822,0.005983201,0.5002771
1146,-0.04724007,0.006003772,0.5016742
1147,-0.04664083,-0.007047008,0.5064802
1148,-0.04906872,-0.007344482,0.505224
1149,-0.05252723,-0.007860667,0.5042018
1150,-0.05298955,0.005633939,0.499399
1151,-0.04104473,-0.006728415,0.5093711
1152,-0.04383085,-0.006761341,0.5081845
1153,-0.04409721,0.005486342,0.5039712
1154,-0.04126231,0.004577274,0.5060267
1155,-0.03187394,-0.001827382,0.5142444
1156,-0.01997629,0.01722664,0.5082968
1157,-0.02460654,0.02507273,0.5051907
1158,-0.0300244,0.03273677,0.5039835
1159,-0.03534922,0.03959088,0.5036376
1160,-0.0387271,0.04492776,0.5003055
1161,-0.0421867,0.0495108,0.4966501
1162,-0.04527059,0.05308428,0.4930556
1163,-0.04812481,0.05608017,0.4899902
1164,-0.0510576,0.05817633,0.4873952
1165,-0.0543775,0.0595605,0.4854984
1166,-0.05856877,0.06012364,0.4847209
1167,-0.06269059,0.05904653,0.4853718
1168,-0.06587439,0.0572757,0.4871527
1169,-0.06861667,0.05483805,0.4896362
1170,-0.07121339,0.05152367,0.4926363
1171,-0.07400808,0.04751847,0.4961562
1172,-0.07702127,0.04250825,0.4996972
1173,-0.07988879,0.03667656,0.5029933
1174,-0.08442234,0.02907607,0.5032248
1175,-0.08888255,0.02059225,0.5043038
1176,-0.09261353,0.01211209,0.507397
1177,-0.09630187,-0.003679212,0.5158491
1178,-0.09581231,-0.009455363,0.5188562
1179,-0.09414378,-0.01610215,0.52183
1180,-0.08810925,-0.02702913,0.5252045
1181,-0.08418863,-0.03150587,0.5257998
1182,-0.08019875,-0.03650181,0.5257811
1183,-0.07528095,-0.04165129,0.5246112
1184,-0.06961671,-0.04451654,0.5226192
1185,-0.06369828,-0.04569905,0.5211525
1186,-0.05832682,-0.04589344,0.5203764
1187,-0.05334467,-0.04564299,0.5201079
1188,-0.04841082,-0.04528107,0.5204997
1189,-0.04309174,-0.04445828,0.5213712
1190,-0.03740231,-0.04257663,0.5229617
1191,-0.03210607,-0.03905328,0.5250723
1192,-0.02780371,-0.03332217,0.5263125
1193,-0.02430135,-0.02780699,0.5264592
1194,-0.02082069,-0.02271064,0.5259284
1195,-0.01577363,-0.01081518,0.522676
1196,-0.01474196,-0.00388635,0.5197421
1197,-0.01474371,0.001987231,0.516745
1198,-0.01124622,0.02765391,0.5092242
1199,-0.02052241,0.0343666,0.5049098
1200,-0.0280364,0.04060896,0.5041324
1201,-0.03434888,0.04616589,0.5036539
1202,-0.0389939,0.05098404,0.501747
1203,-0.04265691,0.05531358,0.4989783
1204,-0.04596199,0.05898386,0.4962275
1205,-0.04886372,0.06181208,0.4934995
1206,-0.05163531,0.06396697,0.4910402
1207,-0.05486382,0.0652052,0.4890195
1208,-0.05898082,0.06566236,0.488247
1209,-0.1024762,0.02148614,0.5080307
1210,-0.09400875,0.02934895,0.5038348
1211,-0.08724328,0.03669986,0.5032074
1212,-0.08163782,0.04312804,0.5029106
1213,-0.07755673,0.0485229,0.5011442
1214,-0.07430932,0.05336571,0.4984586
1215,-0.0713644,0.05740532,0.495792
1216,-0.06872406,0.06061585,0.4931666
1217,-0.06615357,0.06308498,0.4908058
1218,-0.0630113,0.0646982,0.4888834
1219,-0.1046043,0.008814235,0.5152231
1220,-0.1043422,-0.0002042605,0.520838
1221,-0.1033295,-0.00835866,0.5249856
1222,-0.1013452,-0.01600511,0.5285996
1223,-0.09415511,-0.02816365,0.5330353
1224,-0.08948508,-0.03357384,0.5337853
1225,-0.08468296,-0.03892213,0.5336518
1226,-0.07877605,-0.04410977,0.5324534
1227,-0.07229091,-0.04775784,0.5309522
1228,-0.06540131,-0.0499808,0.5298925
1229,-0.05887655,-0.05060613,0.5291748
1230,-0.05317012,-0.05042901,0.5290716
1231,-0.0474523,-0.04994833,0.5292863
1232,-0.04109759,-0.04854925,0.5301644
1233,-0.03453208,-0.04552401,0.5313776
1234,-0.0285299,-0.04111903,0.5330471
1235,-0.02323926,-0.03518413,0.5343147
1236,-0.01898302,-0.0292527,0.5345639
1237,-0.01486988,-0.02317547,0.5338832
1238,-0.00886263,-0.009945183,0.5296356
1239,-0.007596564,-0.001972545,0.5261099
1240,-0.007474665,0.006350314,0.5219949
1241,-0.007811211,0.01530698,0.5162596
1242,0.000835035,0.0406566,0.5216906
1243,0.006146539,0.04429184,0.5302717
1244,0.01507797,0.04877844,0.5793901
1245,0.01482395,0.04919542,0.5676737
1246,0.01114003,0.04968982,0.5414369
1247,0.0135195,0.04937181,0.5553069
1248,-0.004826646,0.03830427,0.5143433
1249,-0.1224543,0.03608434,0.5281254
1250,-0.1164048,0.03305075,0.5197708
1251,-0.1312755,0.04029596,0.5527784
1252,-0.1284422,0.04086996,0.5390364
1253,-0.1330066,0.03996537,0.5650571
1254,-0.133631,0.03954217,0.5767565
1255,-0.1102986,0.03139683,0.5126507
1256,-0.01232457,0.03847826,0.5088798
1257,-0.1027439,0.03247946,0.5074823
1258,-0.02846951,0.04589539,0.5048681
1259,-0.03461901,0.05027841,0.5040084
1260,-0.02079833,0.04171279,0.5058785
1261,-0.04298961,0.05851661,0.5000106
1262,-0.03928835,0.05464453,0.5022667
1263,-0.04622307,0.06190426,0.4977364
1264,-0.04921883,0.06500576,0.4953302
1265,-0.05197407,0.06711936,0.493026
1266,-0.05525869,0.06847225,0.4910354
1267,-0.05919487,0.06855948,0.4901717
1268,-0.08183224,0.04728464,0.5032291
1269,-0.08748471,0.04207562,0.5039346
1270,-0.07766739,0.05225344,0.5016202
1271,-0.09467499,0.03680502,0.5047371
1272,-0.06883359,0.06380512,0.4949903
1273,-0.07150535,0.06039868,0.4973114
1274,-0.06627461,0.06625482,0.4927905
1275,-0.06311665,0.06798844,0.4909126
1276,-0.07439084,0.05655939,0.4994802
1277,-0.1166728,0.02531264,0.5229441
1278,-0.1224598,0.02769868,0.5320137
1279,-0.1111938,0.0230262,0.5148357
1280,-0.09152749,0.003145547,0.511082
1281,-0.09516129,0.003870474,0.5114322
1282,-0.09952253,0.005770878,0.5123442
1283,0.00725184,0.03598014,0.5339873
1284,0.002110951,0.03311877,0.524654
1285,0.01075927,0.03865268,0.5444792
1286,-0.003036443,0.03024418,0.5165167
1287,-0.0228605,0.006738381,0.511696
1288,-0.02017455,0.008283054,0.5118894
1289,-0.01648538,0.009341049,0.5122061
1290,-0.01240631,0.01173378,0.5132234
1291,0.01438446,0.04185063,0.5787647
1292,0.01405639,0.04125139,0.5671941
1293,0.01297934,0.04039247,0.5558094
1294,-0.1267477,0.0300015,0.5422712
1295,-0.129691,0.03146797,0.5533738
1296,-0.1312771,0.03220942,0.5646903
1297,-0.1320758,0.03275546,0.5762246
1298,-0.08862448,0.001965537,0.5110775
1299,-0.02680381,0.003412947,0.5097755
1300,-0.02487812,0.00507824,0.5107064
1301,-0.03027388,0.001643525,0.5101029
1302,-0.0286817,0.00241311,0.5097101
1303,-0.08220493,-0.001524971,0.5093049
1304,-0.08052979,-0.00204842,0.5097485
1305,-0.08425602,-0.0007514758,0.5093407
1306,-0.08641829,0.0005691648,0.5102137
1307,-0.1158819,-0.01235462,0.5709308
1308,-0.1137259,-0.015106,0.5607424
1309,-0.1108749,-0.01805081,0.5517699
1310,-0.1072887,-0.02042767,0.5438973
1311,-0.1028839,-0.02189364,0.537154
1312,-0.09835257,-0.02260476,0.5313852
1313,-0.09505211,-0.02281884,0.5269774
1314,-0.09150214,-0.02203166,0.5238386
1315,-0.08820538,-0.02010307,0.5217108
1316,-0.0856692,-0.01770174,0.5202295
1317,-0.08397764,-0.01565136,0.5182758
1318,-0.08220981,-0.01324211,0.5161593
1319,-0.08039052,-0.01079603,0.5143899
1320,-0.07913359,-0.009179211,0.5133902
1321,-0.07793765,-0.007428198,0.5124617
1322,-0.07725172,-0.006456335,0.5126246
1323,-0.07656149,-0.006994738,0.5138196
1324,-0.07768277,-0.002811931,0.513012
1325,-0.07825176,-0.003108247,0.5112445
1326,-0.07941061,-0.00266067,0.510453
1327,0.003913388,-0.005055866,0.572619
1328,0.002350662,-0.008053917,0.5622647
1329,4.554912E-05,-0.01125971,0.5531424
1330,-0.003071919,-0.01392976,0.5451573
1331,-0.007038552,-0.01583417,0.538226
1332,-0.01123058,-0.01698953,0.5323215
1333,-0.01434857,-0.0175337,0.5279099
1334,-0.01786527,-0.01719228,0.5246257
1335,-0.02123712,-0.01570073,0.5223514
1336,-0.02400783,-0.01366929,0.5207004
1337,-0.02591554,-0.01172947,0.518652
1338,-0.02785687,-0.009492359,0.5165105
1339,-0.02987877,-0.007288347,0.5147147
1340,-0.03135997,-0.005740314,0.5138162
1341,-0.03255379,-0.004280449,0.512841
1342,-0.03333496,-0.003366671,0.5129974
1343,-0.03372143,-0.003924563,0.5141107
1344,-0.03319826,0.0004830351,0.5132737
1345,-0.03250887,0.0002867533,0.5115244
1346,-0.03140486,0.0008652788,0.5107714
